:020000040800F2
:100000000050002021020008270200082B020008EF
:1000100043020008470200085F02000800000000D9
:10002000000000000000000000000000770200084F
:100030007B020008000000007F020008050800089D
:100040009102000891020008910200089102000844
:100050009102000891020008910200089102000834
:100060009102000891020008910200089102000824
:100070009102000891020008910200089102000814
:100080009102000891020008910200089102000804
:1000900091020008910200089102000891020008F4
:1000A00091020008910200089102000891020008E4
:1000B00091020008910200089102000891020008D4
:1000C00091020008910200089102000891020008C4
:1000D00091020008910200089102000891020008B4
:1000E000910200089102000891020008000000003F
:1000F0000000000000000000000000000000000000
:1001000000000000000000005FF808F100B583B0B7
:1001100000F0DEF8304B314A1360314A1360314B46
:10012000314A32498B4204D21168196004330432D7
:10013000F7E72A4B1A682E4B9A4200D0FEE7284B6D
:100140001A682C4B9A42F9D1234B2B4A13602B4A45
:1001500013602B4B02E000221A600433294A9342B9
:10016000F9D3254B1B6813B9244B1B6803B1FEE779
:1001700000F0BAF8694601A800F0A2F8224C234B1F
:10018000E41AA4100025AC4214DC214C214BE41AE3
:10019000A4100025AC4213DC0099019800F050FB3C
:1001A00005461D4C1D4BE41AA410002C0EDC2846FD
:1001B00000F084F8154B53F8253098470135E2E7F5
:1001C000144B53F8253098470135E3E7013C134BB6
:1001D00053F824309847E8E7BABADECA0000002096
:1001E0002800002000000020D09300082C000020F0
:1001F00078563412325476982C00002048000020A3
:100200002C0000204C000020BC020008BC020008AA
:10021000BC020008BC020008BC020008BC020008C6
:1002200008B5FFF773FF00BEFEE71EF0040F0CBF1A
:10023000EFF30880EFF309807146124A104700BEC1
:10024000FEE700BEFEE71EF0040F0CBFEFF30880D0
:10025000EFF3098071460C4A104700BEFEE71EF01E
:10026000040F0CBFEFF30880EFF309807146074AD3
:10027000104700BEFEE700BEFEE700BEFEE700BE80
:10028000FEE770473F0200085B02000873020008A7
:0402900000BEFEE7C7
:10029400D0930008000000202C000020D093000818
:1002A40000000000000000002C0000204C00002092
:0802B400000000000000000042
:1002BC00FEE7000001230360014B0B60704700BF99
:1002CC000400002008B500F073F8024A024B9A6053
:1002DC0008BD00BF0000000800ED00E008B500F00C
:1002EC008FF808BD82B00023019300932C4A136849
:1002FC0043F4803313602A4B1B6803F400330093E0
:10030C00019B01330193009B1BB9019BB3F5A06FBB
:10031C00F1D1234B1B6813F4003F06D0012300934B
:10032C00009B012B04D002B0704700230093F7E729
:10033C001C4B1A6842F010021A601A6822F0030271
:10034C001A601A6842F002021A60A3F580535A68C8
:10035C005A605A685A605A6842F480625A605A6805
:10036C0022F47C125A605A6842F4E8125A601A68F5
:10037C0042F080721A600A4B1B6813F0007FFAD0AF
:10038C00074B5A6822F003025A605A6842F0020284
:10039C005A60034B5B6803F00C03082BF9D1C2E7DE
:1003AC00001002400020024008B5FFF79BFF08BD7B
:1003BC0008B5104B1A6842F001021A6059680E4ACF
:1003CC000A405A601A6822F0847222F480321A6051
:1003DC001A6822F480221A605A6822F4FE025A60CB
:1003EC004FF41F029A60FFF7DFFF044B4FF00062DF
:1003FC009A6008BD001002400000FFF800ED00E01C
:10040C001F4B5B6803F00C03042B15D0082B17D083
:10041C001BB11C4B1C4A1A6002E01A4B1A4A1A6098
:10042C00174B5B68C3F30313184AD35CDAB2154954
:10043C000B68D3400B607047124B134A1A60EFE7FE
:10044C000F4A53685268C3F38343023312F4803F5C
:10045C000AD00B4A526812F4003F0BD00C4A02FB34
:10046C0003F3084A1360DBE7094A02FB03F3054A6E
:10047C001360D5E7044A02FB03F3024A1360CFE78B
:10048C00001002401C00002000127A000C0000201A
:10049C0000093D0010B50C4C23889BB20B4A126826
:1004AC00D15C002000F0DEF8238801339BB223805E
:1004BC00228892B2064B1B889BB29A4200D010BD88
:1004CC0000222280FBE700BF320000204400002005
:1004DC003400002038B505460C4600F039F900F020
:1004EC0067F90221084600F03DF9164B1D60164BCA
:1004FC001C8002220021084600F036F8022201215D
:10050C00002000F031F802221146002000F02CF8F7
:10051C0002220321002000F027F8022204210020EF
:10052C0000F022F802220521002000F01DF8022222
:10053C000621002000F018F802220721002000F00C
:10054C0013F838BD440000203400002008B5044BDB
:10055C0093FBF0F0034980B200F032F908BD00BF04
:10056C0040420F00A104000810B4012827D018B194
:10057C00022847D010BC7047072912D90F29F9D887
:10058C00A1F10804E4B2314B1968A4000F20A0407B
:10059C0021EA00011960186802FA04F1014319609C
:1005AC00E8E72B4B186889000F248C4020EA0400E4
:1005BC001860186802FA01F101431960DAE707299B
:1005CC0012D90F29D6D8A1F10800C0B2214B196855
:1005DC0080000F24844021EA040119601C6802FA8F
:1005EC0000F121431960C5E71B4B186889000F24E3
:1005FC008C4020EA04001860186802FA01F10143EB
:10060C001960B7E7072912D90F29B3D8A1F108034C
:10061C00DBB2124801689B000F249C4021EA0401C4
:10062C000160046802FA03F121430160A2E70C4B5C
:10063C00186889000F248C4020EA040018601868A0
:10064C0002FA01F10143196094E700BF040801406C
:10065C0000080140040C0140000C01400410014052
:10066C000010014001280BD010B1022810D07047A7
:10067C000B4B1A6800221A601A68114319607047F4
:10068C00084B1A6800221A601A68114319607047E7
:10069C00054B1A6800221A601A68114319607047DA
:1006AC000C0801400C0C01400C10014008B5022252
:1006BC0008210020FFF758FF022209210020FFF734
:1006CC0053FF02220A210020FFF74EFF02220B21CA
:1006DC000020FFF749FF02220C210020FFF744FF06
:1006EC0002220D210120FFF73FFF02220E210120E3
:1006FC00FFF73AFF02220F210120FFF735FF0222FC
:10070C0000210120FFF730FF022201210846FFF7EC
:10071C002BFF022205210120FFF726FF02220621D2
:10072C000120FFF721FF022207210120FFF71CFF08
:10073C00022208210120FFF717FF022209210120C4
:10074C00FFF712FF02220A210120FFF70DFF08BD5F
:10075C00034B4FF480321A60043301221A60704745
:10076C00001002401F291CD801280BD010B1022800
:10077C0010D070470B480368012202FA01F11943AB
:10078C000160704708480368012202FA01F119431D
:10079C000160704705480368012202FA01F1194310
:1007AC0001607047141002401C10024018100240E7
:1007BC00024A136823F004031360704710E000E052
:1007CC00094B01221A70094B1860094B1A6842F048
:1007DC0001021A601A6842F002021A6004331860AF
:1007EC00044B1960704700BF400000203C00002003
:1007FC0010E000E03800002008B5094B1B68094BDD
:10080C001B7823B9084B1B684BB1984707E0064B84
:10081C001B6803B19847054B1A68054B1A6008BD55
:10082C0010E000E040000020380000203C000020D8
:10083C0014E000E008B5FFF78BFF02210846FFF734
:10084C0091FF03210220FFF78DFFFFF7B1FFFFF7A8
:10085C002DFF054B1988054B1868FFF73BFE4FF42D
:10086C00FA50FFF773FEFEE7240000202000002062
:10087C0084888F958F8D867D787777797B7B7C7B51
:10088C007C7C7E818283817C74695D5F606473781B
:10089C007C85888E9CA1A6A79D94897C7877767997
:1008AC007A787D7F81888C8C8D88827F7B7B7C7D28
:1008BC007C7A7879787979797B7A7B7C7A736E6DAE
:1008CC0070777D7C80807F84878C929695938D87C2
:1008DC00858384848583827E7E7E7D7F80818080FB
:1008EC007E7D7C7D7E7F807D7B79797A7C7D807E30
:1008FC007D756A66636A757D818483868B8E979A13
:10090C009A9690847F7C797E808384817E807E829F
:10091C00858385817F7D7D7D8080807E797A787AE4
:10092C007E81817F79685D5B5A67767F898C8B8F3E
:10093C009399A1A09F9384786E6D747A818989872D
:10094C008884878A8988837C7774757A7E83828190
:10095C007E7A7B7E8083827A6B5652515A717E905E
:10096C009695959599A0A29E96837569666C7785E8
:10097C0091969290888483827F7C757170717A7F56
:10098C00888987827C787A7D80817D735A51505416
:10099C006D80939D9D9793929399979284746965BA
:1009AC006B7B8E9DA7A3998C7F797573726F6E6F1D
:1009BC00737C868D908C837A7574777C7F7F796756
:1009CC00525453627D909D9F9F9192909498918ADE
:1009DC0076686067738B9DA5A89A8C7D757274740C
:1009EC007375767B838A8F8F8A8077716E73787C30
:1009FC00827E725E5155566E88939EA19791989007
:100A0C009A988A7F6C61616F819BA5ABA18D816F78
:100A1C006C6D707179797E888B92918C827B717000
:100A2C0072777D82847E6F53534C587D8598A8963F
:100A3C00969C89989884887161686A7B99A4ADA901
:100A4C009484726565696D757D7F898F8D928980BF
:100A5C007C6F6F72727F83888B7D625650476F7E7E
:100A6C008EB19D9EA0889596848A765F69637593F6
:100A7C00A3B2B0A18878615C6465747F828B928E1E
:100A8C00948A827E706F6E6F7980888B85705353D9
:100A9C0041598180B4AC9CAE8A8C98808781626904
:100AAC0065708FA4B5B7AD8C7B61515D5D6E808236
:100ABC008F928C9287807E716F6E6E768087908C11
:100ACC007859544152797BAEA89DA9878B90818827
:100ADC007E696A65718CA5B5BCB0907D5F525D5E18
:100AEC00718085929191928882796F6B6A6A757F19
:100AFC008A938C6F575439677A86BF9CA8A27F92D1
:100B0C008A8289756264607394ACBBBFA688765385
:100B1C005A5E63807D8A938C96908786746E6B6424
:100B2C006D757F909182605943487971ABAC97B0E9
:100B3C00868E95868D8369666064869EB4BEB393FB
:100B4C008361565F5E767A848F8F94968C887E70E4
:100B5C007068667172818D8369605141786D97B14F
:100B6C008DB08D879A888D8D6F67675F8099AABBD2
:100B7C00B5978B6F5B6A5E727A778D8A919B908E3C
:100B8C008573726B6570727D877F665A5641787675
:100B9C008DB383A38D819C8F8F90736466607D97DA
:100BAC00AAB6B29589715F70647679748682919ACF
:100BBC0094958779746C6971717E857D6B585947F2
:100BCC00767E8DB1859B867D978F938E7464635EE4
:100BDC007B93A7B7AF97877264726B797B758080B4
:100BEC008A9592918978756D6C73728082846F5737
:100BFC006142728182B9879A8E77958D92937D64CA
:100C0C00655B7290A2B3B298887561726A7A8078CB
:100C1C0084808992908E897976716D73717D8281D1
:100C2C006E565F43738385BB899B8F75948D9395AB
:100C3C008067675A718F9FB3B09586705F726C7EB8
:100C4C00827C87848C928D8B837575706D73717BB0
:100C5C007F7D605B5A4788799DB881A87E7D95879A
:100C6C00918F7468695F8297A5B5A78B836762764D
:100C7C006A84807D8D838E9387887F70777071787E
:100C8C00727F7B75595954518C79AAAA87A579889A
:100C9C00938791886D686467889AAAB2A0867E63F0
:100CAC006B76728A7D818B81959189897470716C58
:100CBC00777A78837A71535A4F5C937CB89E8BA069
:100CCC00718F918B92836768606C909DADAE9780AD
:100CDC00765C6F75798C7E888A8A97948A87726C19
:100CEC006D6A75767A827C744F594B559279B8A798
:100CFC008CA6798E958D9289686761668C9CACB058
:100D0C009B7F755A6772718A8186918999978C8CB1
:100D1C0077706E6A71767781797452514D4A8B78FF
:100D2C00AFAC8FA97D8E958E938B6F696467899A12
:100D3C00ACB29E83765C636D6D877D868F8998944B
:100D4C008B897970726A72767480797657524F46B5
:100D5C008577A7B18DAC808B958D938E716B676405
:100D6C008797A8B1A1877C6065716F8B818592860E
:100D7C0097968A8C7970726970747180787A5E4EED
:100D8C00573C7D7B96BB8BAB8A85958C918E786816
:100D9C006A647F97A5AEA78A7C6960706F80858135
:100DAC008D8B909A8E8B82717672727971787C763B
:100DBC006D4F56425B807DB89BA1A181968D8F8E25
:100DCC0082696A657492A0AEAB947E715E6B6F782B
:100DDC00887E888B8999938D897773726D757575FB
:100DEC0082787754524D488577ADAB94A6808F8E20
:100DFC008F8C876F67686B8CA0AFB19E81735D63BE
:100E0C0070738581808A8793998D8E7E73736C71D4
:100E1C007575807E7C654955386B8089C093A79524
:100E2C0083948F8F8C7E646D657D9AA7B3AB8B7822
:100E3C006556696B7B8581878D8D98958C8C7675C5
:100E4C006F6A72707B82807C535448418375ACB559
:100E5C0093AA8087908E8D8C71696E6C8FA3AFB6C0
:100E6C00A17F72585B696C808180898B8C9A8E8E85
:100E7C008573776C6D71717E8481724F563A5E8387
:100E8C0080C49CA29B798F8B8D8E84686D677A9AB7
:100E9C00AAB5B193796A52656974887E848C8495FD
:100EAC0094888F797373666D7173878681644F4EE6
:100EBC003C7A7AA0BD91AC82838E89908B77686DD9
:100ECC006A8AA2B1B8A785745B5A6B6A80817E89E5
:100EDC00898C978F8B8774756F67706F7A86827128
:100EEC00515639618181C699A39B78918B8E8E84E2
:100EFC00686E687A9DAAB5B0907868536967747FFC
:100F0C007985888E95958B8A7A77756D726F7683D5
:100F1C00827B5B59484D8275B1A795A67A8B8B8CD9
:100F2C008D886F6B6C7194A5B3B29C81715E636C90
:100F3C006F7D7C7986858E998A8E7D74736B6F71CB
:100F4C0076818882685755407D7B9CBC8AA7807EC1
:100F5C008E8E8F8F7A626F6488A2AEB7A687766307
:100F6C005D6D6E7A7F7A81878B978F8B8273736CB2
:100F7C006D70707A8484725A5D456B8388BD959FC1
:100F8C0091798C8C908F876871697C9EA5B7AB909A
:100F9C007E6B5F6A6D757C777D838794918C887589
:100FAC00726D676F6F74837F745A5E48668985C0F3
:100FBC00979991758A8B93908D697069769DA2B67D
:100FCC00AE938170637270747D717C838797918C02
:100FDC008675716F6A716F707E7A7559604B5F8C14
:100FEC007DBE9A969A768A8A918C8F696D696E9A73
:100FFC009FB2B1958477667473777C75788088928C
:10100C00978D8979706F6C70716E7B79765B5C53A0
:10101C004F8F78B2AB8DA3768889918B9170697064
:10102C0068969DABB299857B677074757D77778177
:10103C00868F998B8D7D73746C6E716E797C7459FF
:10104C005C50518D7AB3AC8FA37886888F888F7063
:10105C00667067939DA9B198837B68727876807966
:10106C007882878E9B8B8D7F71756C6D716D767BA5
:10107C00735E57574B887FA4B58DA880878A908B59
:10108C008A786071668E9FA7B19A84776A6D79723F
:10109C007D7A758787939A8D8B7F7475716F746B5E
:1010AC00747871654F5C437C8194BC8BAA83898B6B
:1010BC00909086825E7465869EA4B19E897B6F6BD0
:1010CC0076747A7D77828A8B9B8E8A83767673711F
:1010DC00716E71787567505D4372848CBE8FA58B71
:1010EC00858F909485855C6E657D9DA0B2A08B7B71
:1010FC00726B7878787F75828B8E9C9287817473F3
:10110C007471716F6D76756B525D4662897DBB979C
:10111C009D9984959198868961696A729B9DAEA20E
:10112C008F7C746C7079707E757D8D8DA0978D869B
:10113C00787476736E716A757770555D4A538772E1
:10114C00B19C95A08397909D878E6A65716C999CD4
:10115C00ABA5937F766F6C776E78777B8B919B9931
:10116C008B837B7777786F6F6C6E78775A5E54468B
:10117C00856EA0A78BA4869491A18890755F7666E6
:10118C008F9EA5A79A817973687A6E7478748A8F0A
:10119C00989B8E867F7878786F716C7175755D5EB3
:1011AC005A4B8270989F869C849393A08D90776401
:1011BC00756A8F9BA5A698857B766F7A727078720C
:1011CC008691939D8D87817C7A7B71716D6F76751D
:1011DC005E5D5C49827293A1839A839090A08B9000
:1011EC007B6378698E9AA2A698877D7A717A726DE4
:1011FC0073708291959B9086827D7B7D7272696FF4
:10120C007275675969497F7687A3809984908F9D01
:10121C008D8B8164796A89979CA69A8E8481767B62
:10122C007169716C7F8D90988D84837F7F807473CE
:10123C006C6D7574715A6A516D7F77A1828E8B8734
:10124C0091989389886875707C9697A29E918987EE
:10125C007D7D77686C6B768B9098928784807F828B
:10126C0077746A696F6F725B6C576C837A9D878C2D
:10127C008B8A9099918A856C72727A9093999B8FD4
:10128C00908986817B6B6C6D738A8B958F8684823B
:10129C0083847A736C646A6C6A606C5F72847D9709
:1012AC0085888C899199908A837076757D8D9093C1
:1012BC00978E908E87877B6F6D6A748389938C89E8
:1012CC00858486837F776E6668666A5E6A666F84DD
:1012DC007E91878C879190989588867275727B81A8
:1012EC008B8C8F908E928F8D8679726C70778088B4
:1012FC00848B84878A84847A716B69666C64646C71
:10130C00637E798889898B8C9692A08B927E797674
:10131C0073797F84858D87918E938F8B837A787484
:10132C00767A797E81808881837F7575707173740C
:10133C006F6F6F6B79758080808485888E978E9A9D
:10134C00878C857E86808482837F86818B89878546
:10135C007C7B7678797D7E80827F7F7C7A79767AC9
:10136C00787A7A7B7E82807C7D777978797B7B7DBD
:10137C007C817F8385838684868586858A8A8D9009
:10138C008C8E86837F7C7D7F8180807C7E79787952
:10139C0075777775787B7B818180837F7F7F7D7F7D
:1013AC007D7E7D808081847F837E7F7F7D7E7E7F3E
:1013BC0081868387838181807F82828488858985E9
:1013CC008483807F7D7D7A7F7C7F827C817D7A7E29
:1013DC007A7C7B7977797B7B837D82837D817E7E32
:1013EC00818083878386848081807E807E7D817CE2
:1013FC00827E7F807E7F7B7D787E7D7F87828886E4
:10140C0082868284817E7C7B7C7C838285868281C1
:10141C007F7B7F7D7E8380817D7C7B7C7B7F7D7BE6
:10142C007E7A7F7F80838283807F7A7B7E7B8681BE
:10143C0085878086838483807C7B7C798080818592
:10144C0080817F7B7D7F7E84848384807F807F808E
:10145C00817D7F7C7B7E7C80818380817C7B7E78A0
:10146C00827F81868084828382807E7B7D7B7F816C
:10147C00818480827F7E7D7D7D818280847E7F7E63
:10148C007E80828081817C807D7F808181837F7D55
:10149C007E787E7D7E82808383828280807D7F7C4D
:1014AC00808280857F817F7D7E7E7D80827F857E30
:1014BC0081817E8181817F827B807C7C807F818128
:1014CC00817C82797D7C7A827E8282838181827D1D
:1014DC0081807F848082817F807D7C7D7D7D817D0C
:1014EC00837F8181808280847E837D80817D8180E9
:1014FC008083837F837D7C7C787D7C7F7F81837EF2
:10150C00827C7F807E848182818280807E7F807DD0
:10151C00817D7F7E7E7F7E827E827C7F7F7C837ED0
:10152C0080828082858186827D80797D7C7F8180AE
:10153C00857E837F7E817D837F8380807F7D7C7DA4
:10154C007F7E817E7E7E7D80808280817E7C7F7DA1
:10155C00807D807C8386828383827C83797D7C7C86
:10156C00807F857E83807F837F848183827F817C63
:10157C00807D7F7E7E7E7B7F7A8080818182827E71
:10158C00817C7E7F7D7E7E7E858081817C7C7B7E66
:10159C007D7F7F80828081828184817F818584812F
:1015AC00827D7F8283807F7A777A797A7C8180834F
:1015BC00838181807F817D808480878583847F7F08
:1015CC007D7C7C7A7B7A7E7E80828184818582811F
:1015DC00827D807D7D7F7D807D7C7978797B7F812C
:1015EC0084838381828283848381818083868688BD
:1015FC0083827D7E7F7D7D7A7C7C7E807D7F7D7EFF
:10160C007F7D7F7B7D79777974767375787A828329
:10161C00888A8B8D8D8D8E8A87837E7C7A7D828560
:10162C008685818382858683827A7979787D7C7CB4
:10163C00797979787D7778777274727174767A7E2D
:10164C0083888D9090938E8D8A85837E7D7B7B7E27
:10165C0084898C8D8884807E828281807A79777867
:10166C007C7F7D7F7D787B7576787576706E6B6D03
:10167C007277848790939095908E8E86827D757606
:10168C00777C8A9097988F897F7A7A7B7D7C797525
:10169C00757579807F82827A7D78777C7B7D766D9B
:1016AC006A6368737B8B90949691948F8E8C807DFB
:1016BC00746F76798793969B928984767777778007
:1016CC007D7F7F7C7E7F7E81807B7B777578797B4D
:1016DC00796F67645F6E798597969C9A94948F87DF
:1016EC008779746F6E787F92979F9C918A7C746FC8
:1016FC0070767D818583807E7B7B7C7D7C7A757426
:10170C0074777C7A6C6E5C63727494959DA09991DD
:10171C0097868B8473786573768A96A2A1998D7D52
:10172C00796A706E757E828586837E7E787979780B
:10173C0079757476767C76686C586577789C989E0B
:10174C00A4949294838A7E6D776777858FA2A39BEE
:10175C0096827C766C716F747D82868A82807A75B3
:10176C007674757776787C7C7F71626153687B8345
:10177C00A39B9DA18F9595848A7769716881919BB4
:10178C00AAA1958D7B77766D70707381878D8E8213
:10179C007B736F7274767977797D7F80715D5C4D28
:1017AC00647E85AD9E9EA28C9A9587896F636969CC
:1017BC00859BA3AFA2918B7A76766A6D6C708489C7
:1017CC00918F807B72717575767574797F83846D5A
:1017DC005558456B868CB6969D998A9D948A7C69E2
:1017EC0057686E8CA6A4AD9A8C887D7C77696969E4
:1017FC00748992968F7F787473797674727079820B
:10180C0086825F52504B81899FAD8C978F94A19AA1
:10181C0084745A576E7CA0AAA4A08E8A8B837E7087
:10182C00605E677B9198948878797B7E80726C6916
:10183C006E808A8D7A51504960958FA8967E9394CC
:10184C00A6AC9574614F63808FA69C9395909B99E1
:10185C0087725B515F758A9A8D857C7C8B888474CA
:10186C0062606A7B8F8E81544B57579B8E93936E1D
:10187C00909EAEB29F6E625B638C8A918D8395A3B2
:10188C00AAA68D6B5C5660797C87817C8A8D948F3F
:10189C007C6E655F6E757D837A644E6B5D8A99781C
:1018AC0097728CA4ACAB9E7B6576678682758283BF
:1018BC0093AFAB9E8D71696E6770726D83859298D4
:1018CC008F8A8074726B656D6C767561516D658DE8
:1018DC00A17A937586A4AAA3997E6B857688857068
:1018EC007A8692AAA58D8875727C6D686C67818EDC
:1018FC0091948984877E7B7161666D7371554A6D95
:10190C006CA19E8087728EA3AC928A717591878B25
:10191C00796E79949BA2947B80828084695E6873D3
:10192C008B94858384899688796A626A766F593A32
:10193C00586D8DB382867E89ACAA907C7374989412
:10194C0087786B7A969C9386757F918F876E606E85
:10195C007D8A877A778392978B7B707179786C52BA
:10196C00364F6D809D837A8F9CACAE84727A7B935C
:10197C0090736F7988A29D878080899A8F796F6A1E
:10198C007986817873768A9491897E7D83817A6950
:10199C00524044666A7B806E8EA3A3B09A80938B70
:1019AC008A8E706F7C808C8C7B7B8385918D8283FF
:1019BC0085868C7F757370797D7B7A7F8085877D3A
:1019CC007870665D656E6A7C75748A888B948A867D
:1019DC0094878C918690928F8F8E7F7C7C737A7D8E
:1019EC007A81838086817B7E75747D787C817E850F
:1019FC008783847D76746C6E736D78716D7C777D66
:101A0C00857D7D87828D928F969B9A9A968786820A
:101A1C007F84837D827D7A7D777674727378787B10
:101A2C0080838489847F7E716B706D6C7B6C707D20
:101A3C007380867B7F8A808F918B969A9A9B998AEA
:101A4C008A848284847F80807B7C797171716E76CC
:101A5C0075757E7F838B878384787470716D7178D4
:101A6C00687B787783807B838881928D90939B961B
:101A7C0096948585858480877D80837B7A776E7349
:101A8C007370767677818082868082837A777071A4
:101A9C007473826A7B7A74857E767E857E968F8F50
:101AAC00969A919792848D8885858679827D7575B5
:101ABC0071697171707A797C8382848783837F7B6F
:101ACC00756F75756E836A7784738380757A8D7F75
:101ADC0094948D969A91919685908B8684827C7E37
:101AEC0079766F6D6F6F7376777983818786828352
:101AFC00817B7C767277756F7D6E7384757F7D7656
:101B0C00778E8691998E9398949095888D8B8B83F4
:101B1C00827E7978736E6C72707376767983828537
:101B2C0084817D807C7D7E77727C6D758167817907
:101B3C00727B7E758792889B939095998C958D88F6
:101B4C00908986817D777972757272757472797AE3
:101B5C007E85817C7D7D7C8581817A74747D737FAB
:101B6C007C677D72727D7F798E918C979090909925
:101B7C008B918F8A8E8A847B7A7678767672717363
:101B8C0077757C7D7A7F7A79808281857F7F7D787D
:101B9C007980737D7A657972747E877C8C94889356
:101BAC00908C8B988B90928B89857E7B7C7A7D74C4
:101BBC00747375787E77767974797D7C7E847F8377
:101BCC00848285807B8273757A637478747D887C5B
:101BDC008594848D8D8B8C9A93909287898884813F
:101BEC007D7879777477797377766D767A787F806C
:101BFC007B818883878B81827A7D6D7479627B7916
:101C0C007A7E867B818E7F89898D8E988D8E8E8A49
:101C1C009189867F7C7A7F7C7776756F73736D7410
:101C2C007B777F837E8587898A8D837A747A6E76BB
:101C3C007D647D7C7A8081747A8A808E8C8C8B9585
:101C4C008F90938C8E888581817D7E7C7476736970
:101C5C006F6E6D787C797F83808B8B898886807B97
:101C6C00777C7078826C817D73777B747D8C818AB4
:101C7C008A8C8D96908F928C908984847F7F7F79CB
:101C8C006F706E69737271787D7B808683888986AC
:101C9C0084847F76788074827E6B7C7471787B739D
:101CAC008188818A8B8C8F979092908F8E8A868474
:101CBC00827C7C736F6E736E7477727A7F7E838690
:101CCC008486878382827F777C866E8475637E733D
:101CDC00737A7E6F8587818C898C8F9A8F948F8F86
:101CEC00918B89817F777A74717371717478757D3A
:101CFC00807B83858384847E8187837D817C6984DA
:101D0C006E6A8170747A7D718A85808E8B8F9198C2
:101D1C008E9692918E84837F7D7B787070767575AC
:101D2C007B71737E7D81847E7D8184868B8B8079B3
:101D3C008077708667707F6C757A76748B83858AF2
:101D4C008A8E979C92948D8E8B88847F7779787508
:101D5C007979737379737B817B7B807B81868687B2
:101D6C0088857C76836F79866179766B757E7379DD
:101D7C00887B878C92919C9391948E948884817C9F
:101D8C007C807974757672777A717C7D787E8080B0
:101D9C00848A87868681777C856E8377607B716F7A
:101DAC00777A6B7F847F8D8C92919A93918E8E8CA7
:101DBC008788817F7D7F77777675747879747B7A65
:101DCC00777F828387878283858179837F6D87691B
:101DDC00687E6B7277786D878583938F9193968BE2
:101DEC00918D8F8C8685807E807C74787979787AD9
:101DFC0073737B7A7A7F7F7F8586838586817A84ED
:101E0C007D6E85676A7B6C707579708C89878F8F16
:101E1C008E91998C938F918E8784807D817D76783D
:101E2C007674737A70737B767A817E7F86838588ED
:101E3C008A8578827D6A876A617C6B6F797D6E8B0F
:101E4C0088828C898E8F9D919592918D89898280C3
:101E5C007F7D7479777472756E727D797A7E7F7FEF
:101E6C008A8886888884797C80697E745B7B7270B2
:101E7C0079826F80897C8B8C92919E9094909194B6
:101E8C0087897F7F7E84767677707378756F7B75A4
:101E9C00747D80808888828488837D7A7E71758247
:101EAC0060777B70777A70738C7F8C8B908E99991E
:101EBC0092938E91848C8484838178747A747776EF
:101ECC00726E7377787D827F8285838188847E7A37
:101EDC007B7C6F886E6A7D6B7174796C8A86859059
:101EEC008F96969D8D8F89928B8C8B7E8080807542
:101EFC007D746E73716C757B767E817D818582813C
:101F0C008786817E7B827081755F7B6C72757C6F3E
:101F1C00818F849490928C9A8C8F8F8F8E888D82E7
:101F2C0083817F7379756D73726F767D787C7F7C1E
:101F3C007F8682838586848179827076815D7B72CF
:101F4C006E767F787F957F8F8A8F8A968F8B928F14
:101F5C00958A8F838282817576756F747572707DA8
:101F6C0077787F7E7C87848187878182777D777184
:101F7C00855D73766D7A7F7877917D8C8A8C8C9564
:101F8C00948F959096888E838083817678777079FC
:101F9C007775747A76767D7E7D85827D8386818564
:101FAC0079758068836D688070787B7D6E8D828397
:101FBC008F888E929A8D988E928D8C8980817E7965
:101FCC00757D72767670717977797E7B7D80838072
:101FDC00858584807E6F8070778260807375787D54
:101FEC00717C8D7A92878F8C988F90959093888C3A
:101FFC007F8583827A7B7873777473767978797B33
:10200C007C7E8480808382818074787F6F887070FE
:10201C007F6D78767C728E808588858E909A8B9673
:10202C008C938A8C878387837C7A7A7378757674A1
:10203C007B797B7B7D7C81827F837F807D7A7386BD
:10204C00777E81617D71767B7C727C87788C828FC8
:10205C008E9A8F8F918E938B8F828784807A7B75EB
:10206C00777A77767779767A7B7D7E827D7E7D7EB8
:10207C0081827A7D836E856F6A816F7A75776E87C0
:10208C0080869086958E998D938E918C8C8B83887F
:10209C00817D7B7D797D7875737676797A7A7C7C97
:1020AC007D7A7F81848780757C7E72886B6D7A6A7D
:1020BC00797779768E808C8C89938F9689928A9198
:1020CC008B8E88848780807E7E777A737375777821
:1020DC00777576777D807F838182828079817A7330
:1020EC007F627473707E797D7D8E8190898C8F8FE9
:1020FC00918C928C92898E878889827D7D78787C70
:10210C00757573737277767A7D7F7E808280858514
:10211C007D797D70757B627777787A797C7D8B831E
:10212C008F82948F91948C9090988B8E8485817FE4
:10213C007B777977747277757B7D7B7D807C7D7EF8
:10214C00818688857A6B55796A67715F7B7D907320
:10215C008E9697A3969390A77C8B827B837E706ED2
:10216C0086747D82828A93838090838684777A7F3B
:10217C0072707C767880757E8B725E53816E6B7418
:10218C005F8F92927EA59FA4A7868E8A8C677B6DAB
:10219C0073806F77879588958E8D948773787A6C1A
:1021AC00756F70827F7D888D85887E7B8182726160
:1021BC003A5B8754736A81A2AC8B99C29BAB8B7EC2
:1021CC00798A5B5A75678383858DAF9591988585E0
:1021DC007B605F6F64717F7F8F95888E93827C703C
:1021EC00676E786D654953926B7577819FA995875A
:1021FC00B8949F887B7B86705F8271928A898FA34B
:10220C0096868B6F7772656077767C8D87939386D5
:10221C007D8174716C61707D8079674E907C637B7D
:10222C006D949C9C7BAEA4979D777F7F82547A762D
:10223C008499838E9DA3839078747F67627377757E
:10224C00877C86908480827B777A697780837B6BAE
:10225C00426C92587E6D82A0A38594B388A37A7445
:10226C007D8364718579A18D8E9AA487867E687B27
:10227C006A5E687875888782988B83837F737C6AA3
:10228C006878808273584BA26D6D7D6D9FA095739D
:10229C00B58D99926D84867D5D8873999984959F8F
:1022AC00957E886475745C6173747F8C7D9495875E
:1022BC00867F74776D63777C857E6D4387925F87AD
:1022CC0065859E9A779EAA8DA9717B858660757EA1
:1022DC007EA6868D9A9E82876F667C5F5E6B747B12
:1022EC008F868B9D878281777374616E7C86897BE8
:1022FC00545EA46171706B9E9E8B83BD91A88A6A9B
:10230C0083856E5C826F9D938299A49185815F79A0
:10231C0070596572788C8D81989084857872786A02
:10232C00697F838E826A41908258805B8FA39F77EE
:10233C00AFA294A8647B7E80557D7284A57E939E0B
:10234C009E7D86636B7E5D626F7B7F9783909984A5
:10235C00837F777A79657A7F8E826C407D91598202
:10236C005F86A49F789CA690AA6C7882845D757613
:10237C007EA68188969C83876A68806461717C8163
:10238C0094808D9E8C8881767E7B63737788816B3D
:10239C003D79975E876183A6A1779AA78EAA6B6F0A
:1023AC0081885F74777CA78587999D86886D697E07
:1023BC00645B6B7887988692A18F8C7F727A735F3F
:1023CC006B748583703E7F9961846284A8A4739B2F
:1023DC00A590AC6A6E7D865975707AAA818697A194
:1023EC008A8769677D68606D7B8B9C8A909F8F87DD
:1023FC007B707372626A7A83836E437C98697F65A3
:10240C007FA5A57897A58DA86D6B7E855D72727E74
:10241C00AD8585949E86856969836E656F7F869D83
:10242C008A8E9C89817A70767A606A77818774400B
:10243C007A9A6882667CA6A67393A58BA570687D34
:10244C008A63747879A98A7B909E8A8A716783786B
:10245C0062757D819682849A8F817F71747B6366AD
:10246C007682857E4D61A26F7B6F6F9AA77F7BAB67
:10247C008BA2846B7B937164796A9A927F859F900F
:10248C008D826D85816C6777768B857E9294898140
:10249C007B747F7066737D827E66459085697D6AEC
:1024AC0088A29A6BA29C999F7671858657776A7FD2
:1024BC0098897E99A38D957A7883785D6F71788AE7
:1024CC00818496928589797A7E6A6A767C7C75514C
:1024DC00579A7173757193A6907CAE929F8C7372A0
:1024EC0086755B796A89908683A39C8E8F768185AD
:1024FC00755F70727B857E83958C83857D7F7B6910
:10250C006C777D786C5065976E79718198A5888110
:10251C00A4909F8076738C726977718D878082A06E
:10252C0096958B818A8675677170797A767F8D85A1
:10253C00868382857A6F737C7D776E5868906E7314
:10254C006F7C8E9E8780A0949E898679927D69731C
:10255C00717A7E8075939792918D8992856F727145
:10256C007477717081807E808280817B7B84877E92
:10257C00786D6381776E6D7379888C77929A9C9560
:10258C0094829091777974797883737E8F8C8B8910
:10259C00878C907C76787A787872757A79797C7B6E
:1025AC007C817E8383828383787480777673717861
:1025BC007A7F787F858C8C908889938B8D858985A3
:1025CC008986818685827B7D76797877767A7E7A24
:1025DC007E7B7F83807C7F7E81827E8283818282F0
:1025EC007D7D787A78717373757578767F86878B35
:1025FC008D8B8C9593938F8C898884797B7D7C795A
:10260C007876797E7C7D7F80817D7B7D7F7F7C7BF6
:10261C00808380827F7D807F7C7F7C7375757577EE
:10262C00777279787C8282858A938F918D8C8F8F4B
:10263C008684837E817B797A7E787B7C7F85817DA5
:10264C007F8382857D7D807C797A7A7A7E7B7C7CA7
:10265C007E7E7E7A7B7B7579787F83847B7E80829D
:10266C00868081848B8387868589857D7F857F8421
:10267C007E82898985858785867B79797C78787750
:10268C00777D7B7E7F7E7E7F797B7E7E868181835C
:10269C0085817E7A7A837A797A7D7B7D7C7881805C
:1026AC007E7E84818785888E8F8F898B8689807FBB
:1026BC007D7B797777777F7A7C7B7A7C807E7A8357
:1026CC008082847F7B84827B817F8181817B7F7C04
:1026DC0078817B797878757B7B7C82818C87888B01
:1026EC008D898B877D84817B7B7F7980827E8284C0
:1026FC008485877F80807F7D7B7B7F81807F7C7FD3
:10270C007E7E7C7F7B7E807B7D7F7C7B8079807EE8
:10271C00787F817D7E817D7F7E7B7C81807E7D83C9
:10272C0087898B8A8D8C908A8482818080827C813F
:10273C00807B7C7C7D7A7E797B7A777D7C7F7E81C9
:10274C008082817D8180838180787A8278767372B1
:10275C00767772787F8089888A908F88908B868C28
:10276C0088878C86828B8281817F7D7D757578745C
:10277C007C7C807C827F81817C7F7D807B7F787D6F
:10278C007D7A7B78797579757C78777D7E7A7E8396
:10279C007C878782898C8A908E898E8E888A847FAA
:1027AC0083807C7E7E7D837F777E827E807C77803B
:1027BC007E767C7C777D79767D7A777A7A7A7F7A69
:1027CC007B7E81857E7C7E857D7A7E7D8182848305
:1027DC008B8A8B878A8F8C8A8785818A857E828477
:1027EC007F817E787C7A777A7A767C79797E7B7732
:1027FC007A7779817C7B82848388807F81827A77E7
:10280C00787C7C73797E837B8781858D86898A8FA2
:10281C008990898B898786817F7E81747C7C77788F
:10282C007875777C7778787A81837C8185848382CC
:10283C008286847E7D777A8275727A7D71757A7ADA
:10284C007E7D8381878A938990928B918A84848CF4
:10285C007D7C7E7C787974767A7778787D80827CC2
:10286C0081828687858185867D807B7D7F7A707C61
:10287C007A6E7575766F7C7A797A868C848C8E906C
:10288C008C948A8B8D8881878179807877797F7316
:10289C0072777D7A7C8284848C8A818A8B83828015
:1028AC007B827A7675776D7E72677779706D8073BF
:1028BC007E808C828B928E8E8E948B8D868A848871
:1028CC007B817E76757772707F7B767F8985878634
:1028DC008A888B86817B847F797779797572787316
:1028EC006C79726B6D8474778288808E91899192E9
:1028FC009391938A92857F7F8373757672767677C0
:10290C00777B828A7F848E888187818082807A7AA5
:10291C0081807B6F7C7F6A75796C6A82756E808032
:10292C0081818E8C958E97948E8F91867F8A8078FC
:10293C00767B7778737A797A7F81778289827F82C6
:10294C00858384808280867F7A757B826A71786FBA
:10295C006C78756C7F80847E8C8E908D94948B9229
:10296C008E8D868E827F7A817D76757977737A7873
:10297C00797D837C7F86898184838485877E7D7C39
:10298C007D82697276716977756D7B827E7D9389A4
:10299C008B8C9492908F918D8891857E7F867576A5
:1029AC007876717474787A7C807A8386857C84845A
:1029BC008688877D7F7B81796A7B756D697C6C7479
:1029CC00817D798990858E8C978F9291938B8F8E48
:1029DC00807F837B72767473707373797980787A65
:1029EC00818680848784878883807F7F83697978D8
:1029FC00706979726E807A7B7E91878D8C989390BA
:102A0C0094948E8C8F807E827E71767375737572C2
:102A1C0076767D7A798183808186828888847F80AE
:102A2C007C876B777D6F6C77776880797E7F9388F6
:102A3C008D9198988E958D8F8A8F7E7E80807578FB
:102A4C007777717576737B7C7976827F807E847FD5
:102A5C008587847E807D8673747F6B6C71786680CD
:102A6C007B7C8292908D9594998B958C8C898E81A0
:102A7C008085837777797674747771797B7A7783AD
:102A8C00817F81847F838580817E78886D737E6869
:102A9C006C747868847B8385948F8E9395958894D9
:102AAC00888B8B8F7F82838279797B767577777130
:102ABC007D7B787A83807F807E7C82857F7D797F29
:102ACC007D67837669737B71758579838596878C31
:102ADC008D978C8F94858C8E8E7D8783827C7E7B6C
:102AEC0074797A72737F7B787D7C7C817E7D7D832B
:102AFC008380787D866B7A806C717A736A84797D39
:102B0C007D8B8A8B8E91928A9C8C88879482848709
:102B1C0081807F8075777A7A707A7B77787E787C03
:102B2C00837C7E81847E7E78867475836D747779E0
:102B3C00677D7A7C7E828C86959094879B90888822
:102B4C008B8583887D7F7C83797A797D75787A779C
:102B5C007A7F7A7A847F7D7F827B7F7C826D7F8097
:102B6C006C737A786A80757B7D8A8585919594895A
:102B7C009A8C8F8C8D80828980797C81777A7A7817
:102B8C00757E79797D817C7F7F807E7E7D78758472
:102B9C007C6587787177806D7884757E7C8F828B6D
:102BAC008B968C929B898C918E7A87827E7C7D769B
:102BBC0076787877767F7E7880867F84847E7E8533
:102BCC007873767E667B796A777B7A6F8579847C7D
:102BDC008C878790918D889F8B8F8C8F8387877C38
:102BEC007A7B7C72757876737B7C7C81848184851E
:102BFC008680857D79787F68727E687474796B8144
:102C0C007A807F898B858F8E95879A8D8C8D938515
:102C1C00858B807C7A7C73787373707679787C8101
:102C2C0081808587828884787C86687980687477CF
:102C3C0075698476817D888A87908F95849A8C8A31
:102C4C008A9285878B7F7F8180777975777176788B
:102C5C007675807B7C82827E84827581806E817D9C
:102C6C006C797873748175837E878889909390864C
:102C7C0097898D8C8D828688807F7E7D787876771B
:102C8C00737A7B767C80797E837E7F82787586767C
:102C9C006D8670737977727A7F79847D8F868E8D4D
:102CAC00928C9296868F8B8D838A817F7F7E7875AE
:102CBC007875747378787A7D7E7A83827F80817759
:102CCC007D856A7F7D6B777975727F758080898B46
:102CDC0087909192889A8B8E908D8586897F7F7A4A
:102CEC007F75787573717B7A747A7D7D7C837B7F3D
:102CFC00807C75857970866D77797870787A798330
:102D0C007B90838F90938B949687948B8F858A82FC
:102D1C00817B7F796F787674737C747A817D79800E
:102D2C00807C807C777A82707B80717A7478747EF8
:102D3C007B7E7F858D84908C938A968D8D908C8BE9
:102D4C00868A84837B7F757577756F797B757C7CC0
:102D5C007B7F837D7F7E7D757C7E6B82796F797ABC
:102D6C007972827A84808E8987938F8E8999888FE5
:102D7C008C8D868589817E7E8172757572727B766B
:102D8C00757C7E7D7D8282827F7F7680806A807377
:102D9C0070787675758579867F928A8C928E8F8AFB
:102DAC009985918B8E8186887C7F7C7C70777474FE
:102DBC00707976757C7F7C8185807F848277817F3A
:102DCC00697F796A77787971837B88828F8D889314
:102DDC009091889D888E8A8E8586887D7D767B7085
:102DEC007275766E79777379807A7C838080848231
:102DFC00798083707B806C79777A72817D84848909
:102E0C009084919094859A8C8C8E8E88848C7E7F05
:102E1C00787E7473747671767974777D79797F7D29
:102E2C007E81807B7A837D6E8A74767A7D747A87D4
:102E3C007B877F94838F8E938A909885928C8F7DDD
:102E4C0089817F7A7A77727874736F7E77757B7CE1
:102E5C00777E7E7A7B807A7579856F79856C7D7DBE
:102E6C008271857F8584879182938E95869A8E8BCD
:102E7C008E8D897E8A7B7C787F7173787872777B74
:102E8C00747D7D7D79807C7A7A7C79757D7F6B828F
:102E9C007D717B7E7E76897B8681928A86929191EA
:102EAC00879E868E8C8F7F8488777B777B707671FC
:102EBC0077717B7D777E867E7D84787E7E7C76774F
:102ECC007B7F67827F707C7D78738F7B847F918A18
:102EDC008A958D918A9D858D8C8D8282877A7C785E
:102EEC00786E777273727B7B7B807F807F847C8033
:102EFC00807E7A7877847272826D787B7C6E858323
:102F0C008287889087968B9286978E868D88887E0E
:102F1C0088787D79797072767474777D787F807E0D
:102F2C007D8881818181807F787884677B766A76E1
:102F3C007B7A6F8B7F8A86908C899A8D90879B8603
:102F4C008B8B87818384757C7777707575777379B4
:102F5C007779807F7E82887F868681818275778271
:102F6C00647A7668777C78718C7A8B848E898C966F
:102F7C009095889D878E898B7E8181747B76786E07
:102F8C0077727971767A7A7F8283848C8689868649
:102F9C00817F707C75627E6966737C6C7A857B89B7
:102FAC008B95889B97989194948588838376827669
:102FBC0074757B727178757A797F7E85858A828C3F
:102FCC00898783837D7A727178577D6E656E7C708C
:102FDC00758E778B8BA08C9C989B93899682877E21
:102FEC0086707E7C73707776707A747B7B84818339
:102FFC00868E87878B8883867C756E78735579650A
:10300C00666B7D6975907D8F8DA591A3999B93902F
:10301C009381857E876F7B76726D72707078787C09
:10302C0079858686858D8B898A88828680756D796F
:10303C00666372616273786883838A8F9D989AA2A3
:10304C00969B8B928D8C7C867E7777756C6A756B74
:10305C0072717D7B7F7F8B898A8B8A87888A827F3E
:10306C007D747079586C7062607D75708A848C92F6
:10307C00A4929E979C998E8B8E8D7E887B75717792
:10308C00686C707274757B80848588898B88898163
:10309C008281837B786E75755E68726A657D7779DF
:1030AC00858A8D9299999F969696968C8A8A858315
:1030BC007A7673726D6E727175787B7D8283828481
:1030CC00848583837D7E82837B767679736D6F6F47
:1030DC00747375757C8084868C959598939694946E
:1030EC00918E8B8886817D7A7977767476757777F1
:1030FC00787A7B7E7D8082837F80827F80797375F6
:10310C00756C6D716E747876797F84898E92969ACF
:10311C009895979792908C878782807A7A77767435
:10312C0075746F767476797D7D7E818486808280DD
:10313C007F7C767374716E7172717579777C83870D
:10314C008B90949798989594939091898586817E8D
:10315C007D7A7875767574747475757A7D808183D3
:10316C008082817F7D7C7A717474706D72727179DA
:10317C007A7B7F858C8E949498999695938F8D8E6F
:10318C008585817E7B7A7976787575737574777899
:10319C007D818083808280817F7F7D777474716B69
:1031AC00707072737A7A7D81868B8F9595989997CA
:1031BC0093938F908E86837F7D78787575737474F6
:1031CC007376787D7B7F83828181828180817D791A
:1031DC007671736E6C6F7273797C7C7F82888D9341
:1031EC0093949797969493908F8B86827C7B77752C
:1031FC007674737777757A787A7B7E7C827F7E8023
:10320C00807F7E7F797772787171747374787D7D2D
:10321C008281898C919394969697928E8C8C8784CC
:10322C00807A7A76757877767979757A7978787D07
:10323C007E7F7F80807F827E7E79797477716F72DA
:10324C007377797F7E85838C9095949795929690E1
:10325C008C888B84827D7C77797877787678747794
:10326C00777B777B7D7F84817F7D807F817C79728A
:10327C0073776F707575767E7E81888A8D91969541
:10328C00969190918D8986848385807E7A797A78DF
:10329C007875777576777A7A7D7E7F817F83808269
:1032AC0083827D716374756974686D84827D8B878C
:1032BC008FA1958E9B97949A87858F868181707646
:1032CC007C6C6E766F797F738389848987818B861A
:1032DC007D837B7C7F7A7874584E716361716D7ECF
:1032EC009D8C8EA695A8A590919D878887798781BE
:1032FC0077767B6A79726879817A848883948D87F2
:10330C008A857F8577767E76737A787C775B3F6F5C
:10331C007063716F869EA585AB9CA2A18783908FED
:10332C00758B7888857E7479777070687C7E8281E5
:10333C008A8B928F898680807775777B7675787A81
:10334C0081735D3E6D7367776B98A1A690A7969E6F
:10335C009E76878688798F778C8C777D757571745E
:10336C00688080828B898C908D83877B787773764D
:10337C007974797E7C8773543C746C6A826A9CA6DF
:10338C00A78FA79298996F8580877E8F788F90777B
:10339C0085767374776B8084848E8B888C897F841C
:1033AC0074737771737C767B837D877A5C357571EA
:1033BC00688A6999ABA688A28B8C9B687D81868173
:1033CC00967D909A7A85757175786C8088889089CD
:1033DC008887857C7D74747B75787D7D7D837E8507
:1033EC007C64395D7D648E6F89ABAA8E8F8F7C9FD8
:1033FC006D767F898A938584A37E85766F767C71C2
:10340C007889879287808180797875747D797B7DC6
:10341C008282817E86806D493D826A818475A6AEEA
:10342C009D82947397886B8187938F947A998F7D03
:10343C007F67747A797380868D8E747C797D7C75C8
:10344C00717E7F7C8278847C7E7D847861356C8112
:10345C0074966D94A8A8898B7E849B717E808F92C4
:10346C009481899580846F707C7B7A7980858D7A44
:10347C007A777980797A79807E8278817E7E7F8076
:10348C007E6940618571987385A7A38B878078A22C
:10349C00757981899797868395808875697D807CFD
:1034AC007B7A828D7D7874737E7D777A7D82827E45
:1034BC007F847F827E71574A80738689759AA19723
:1034CC008289709289748684969493798C8682848E
:1034DC006B787F7E7D7F7D86817875727B817D7E2A
:1034EC007E8383847C7B7F807D713957896B9E774B
:1034FC007FA7A48D837C71A2747C808D9B96837630
:10350C00927D8B756A7F83837D7F808C7C757477CD
:10351C0080817E7A8383887D8182817B672C5E7F2C
:10352C006F9E6E8CA7A98E8573789E7481788E9908
:10353C009C8578897A8A6D6C74848685847F8F806B
:10354C00786E7682847B797D868984808286732BE3
:10355C0062706AA464899EAC90906E77A373867235
:10356C008B94A28380887F8E6D696F828582818522
:10357C008B88797074808381787F828B8882838139
:10358C005941805A8D846B91919B838B6497878270
:10359C00877D90949E798D7A8886707175818182F1
:1035AC0079878982796D7A8487837B80878A818306
:1035BC0077713C7374719D648F8C987F84677D9454
:1035CC007890779693A28285827E8C7475758384AD
:1035DC00897D7D8683807673767E818283838A87DC
:1035EC0084827F7B703D75727E9A6D8C889C7C8901
:1035FC00647C8A7A8A758F8BA17E897B838C7875A3
:10360C007586858B7B7F80837F78737B82817A7ACA
:10361C007B8587807B82868E86785D4D8A6B8F79E1
:10362C00749296977E8565947880767C8793967B4A
:10363C008F798F7D786F7D8284857A8586877C797A
:10364C00727F7E7D7B7A8188847B75767D7E7C7CA7
:10365C0083878F8989857D537A7178926F8A8D994A
:10366C00838E6A848678827285879B7E8979808234
:10367C007672737E81877B81868B827B747C7C7D6A
:10368C007D7D7E848381817D7F80807C7E78838537
:10369C00817D808085867982808283817D87858209
:1036AC008080848C847D59687E738E717C8898862A
:1036BC008773758D797F747E8295868884838982E1
:1036CC007473787A868181828B868378787F807F09
:1036DC00797A8285847C7A7C7D7B7875787F84810D
:1036EC0080838286807C787D7F82808484858987B4
:1036FC00837D807B7D797D7E828A85827F82807DC1
:10370C007B7A7F82847F7F8481817B76797A7B7CD4
:10371C007B7E7F8283817E7E807D7E7E8283878599
:10372C008482828280827B7D7D7F81817D7E84808C
:10373C0083808086827E7C78818680807D7E858178
:10374C007C7E777977727B7D828383808586817F8F
:10375C007B80818583848385847D7F787E7E7D805C
:10376C007E8281858482807F83817E7E7F82807D44
:10377C007B7B7D7B7E757B7B7E807D827D877E8166
:10378C0081838986848182777D7A7E7F7E81828522
:10379C0080827B7A7F7E7E7E7F848987858483810D
:1037AC007E7A7B7E7E807E7D7D7F7C7B7B797C7E42
:1037BC007E7F8282848481828282828381838380E1
:1037CC00827D7B7D7C7A7D7C7C827F818081848400
:1037DC008283837F82807E817F7D7C7F7D7A7B79F3
:1037EC007D807F7D808382838082868584837E83B7
:1037FC0086807F7F7C7F80787C7B7D787C7E7E83DF
:10380C007F85838985868281847C827E7F8081739B
:10381C006D76777F7D7A808585837F7C85858285B3
:10382C0081858E8781818083837D797B7C7F7E7986
:10383C007B7E7E7D7E7E82848383818283837C7D7E
:10384C007B7B7E7A797B7F7B7C7C7C7E7D807F839F
:10385C00828482888984837F8582857F8082817F30
:10386C0079797B7F787A7E7F8485838487837E7663
:10387C0075848381827B83867B7775767E7E7B7F66
:10388C00838688837F828283827C80848686848000
:10389C00807E7A7B7476797D7E7F7F8285807F7C4B
:1038AC0084888687818184827C7878797C77757925
:1038BC00818685817E858783767577848A848680E8
:1038CC008D8B847C767C7F7F787C7E8886827D7CE9
:1038DC00807D807D808587878580807F79777575F1
:1038EC007A807F827F81857E7F7D7F82857E7868EE
:1038FC007D89829177838A89817C757A8D79817AA9
:10390C0080888D7F7F827D8D7E7E8085838A817D80
:10391C00827B7C7371737D757E81818A82817D81CE
:10392C0080837F7F83828482838083776F677183B8
:10393C007E8A8083878880777D7B888387868B8C43
:10394C0089867D7F7B827A7D7B7D82807D777C7989
:10395C007F767B85878E838280867F7C7978837D5A
:10396C007E7C80807E645C7F788E84768B9494835E
:10397C007F6E8D8A82817E8E9290777F77807E712A
:10398C00747A858487787E817F7E777E868D8B8422
:10399C007C80837E7B787A80827A7A807D85796C54
:1039AC0059758A819C788D9593887A7675937A88E7
:1039BC007B838C8A7E737D71887C787F81858883FC
:1039CC0079817D7F7B777E858780817C81807D7A04
:1039DC007C80817E79837B84816B54828188A06E0C
:1039EC00909192837C687690758977858D957A799C
:1039FC007C768F7B7B7D8A878C7F77837A7E7675CE
:103A0C007C878583807C86817C79797F837F7A80B3
:103A1C00848B857B694D7F7C7C946B8B92937F7DB3
:103A2C006E7694798A7E899497837C827A8B797569
:103A3C007A8384878277827E7E7B747C8787858578
:103A4C008083867E7B7C7F7F7C767B8383827757AB
:103A5C005088708E876C99919880816A8A8F7B8C44
:103A6C007B8D9196798080788972757A81878C822A
:103A7C007E867D8077757B878685818087807E7446
:103A8C00737B7D7C767B7F87827656578B7594868D
:103A9C00749994977F82698E8E7A8B798E908F76BB
:103AAC007C797E8A727D80898E8B817E847E7E720B
:103ABC006F7D8284807A7D847F7975767D817C7D33
:103ACC0080828B7E644C817A8A966B94929C8880DF
:103ADC00677E90768A7285959A83817C7E8F7775C6
:103AEC0078838B8F7F7B7F7E7E716B738085837FEA
:103AFC008086857E797A81807D7A7D848B82684E02
:103B0C00797D85926A898E998A806B7E917D8E757E
:103B1C0088939B86837A7B8B71746F80848C7E797F
:103B2C00818084746F71818486827F8B87837D7A98
:103B3C007D837E7A7D81867D60547F738B84678DD7
:103B4C008E988C876D918B818A718890937B837111
:103B5C00808872757280868D7C8281838677727B79
:103B6C0082828A7D858A85827C7B8083787B798042
:103B7C008271546D7C7C946E7C8E94968C767C9742
:103B8C00828779778891857F7D768A7E74737C8134
:103B9C008E867C8785887D75737E8081807E888803
:103BAC0086807A7A807C79777A7D725B77797E8D64
:103BBC00747E898F8C8E78858F85877A79828C80BC
:103BCC00837E818B857B777B7E87837D81858482D9
:103BDC0079797E817E7E7C818882837E7F7F7E79EF
:103BEC007A777667627E7684867684858588807C13
:103BFC00888B868A82828B8683857E828A807F7D73
:103C0C007A7E827D807F80837F7F7D807F807E80B7
:103C1C00828284808082827E7E7A7874656B7873EF
:103C2C00817D73878087877D838C8F8C8F8488863A
:103C3C00827E807F80867D84807F7C7B7D7D817F82
:103C4C007F808381827C7C7C7C7F7E808385878661
:103C5C0080817D7A78726F7878777975777B7B7ACB
:103C6C007D7B848A8B90928F8E8A858682848480D9
:103C7C00818586827F7C7A7E7C7A79787E7F7F7E56
:103C8C007F7F8383817D80808181817F7C7B727744
:103C9C0074717775757B7A7D837F81888A8E958C1C
:103CAC008C8A8787828183878485817F827F7C7BD6
:103CBC00797A7B7A7B807F83827D7D7E7F7E807E1E
:103CCC00858584817F7D7676727373767679797E3D
:103CDC008080828189878C8D8C8C8D8C8A89838362
:103CEC00827F807E7B7D7E7E7F7D777979797B7A02
:103CFC007D807F82817F82828080838085807B7BB8
:103D0C007878767372787479797B818084868B8BE2
:103D1C00908E8B8B8B8A878783847F817F7E7E7B43
:103D2C007D7D7C7C757477787B7D7E7E82818280C4
:103D3C007D808182868782858076797471737171BA
:103D4C0073797D8083848A8D8E8F8E8A8C8E8C8CF9
:103D5C00888585837D7B7C797A7C787A7A7A797789
:103D6C00777A7F7C7F7F808587848385838482813B
:103D7C00807E7B72757570747272757C7E8284869F
:103D8C008D8C90908E888C8A888B85847F7E7C7AB3
:103D9C00787879797E7A797B7A7A7A7E8082848156
:103DAC0083868687817F848282817B7D7B76787512
:103DBC007175757274797E8284868C8F90918E87E2
:103DCC00898A848783807F7E7F787A797C7C797DF1
:103DDC00797D7B7B787F80848680848185858381D7
:103DEC00848582817F7D787374746F737373777A33
:103DFC007D8084868C8D8E8F8E8986888489858241
:103E0C00817E807C79787C7B7A7D7B7D7D7D7C7FDF
:103E1C00808483808381858383828485827E7B7E7C
:103E2C007774737370747570747980828483878DE2
:103E3C008E928C8B8B8887888782847C7C7E7C7D21
:103E4C007D7C7C7F7D7E7B7A7A7D7E84838183837F
:103E5C008383817F8381817F7C7B7B7171757072A1
:103E6C007670707C7C838785898E8D908D888B8B0A
:103E7C0087878A8485817C7E7D7C7D7A7A7E7F7E35
:103E8C007D7B797D7E80807F80848482818284802A
:103E9C00807B7C7E7B776E73777473747276817D96
:103EAC0083878890908C8E908B8B86838887878273
:103EBC007F7D817F7E7C787B7B7D7B7C7A7B7F802A
:103ECC0080818180817F7E818180807F7D7F7C78F5
:103EDC0071727974737779757F808185888C8C8BFE
:103EEC008E928D8E888686888682817B7D7E7E8072
:103EFC007D7E7B7C7B7A76777B7A817D81838083E8
:103F0C00817F81807C8080807F7E7A7576767473E9
:103F1C007874767C7E86878A8C8A8D918F8C8B8840
:103F2C0086878787837F817D7C7E7A7A7B7A7A7994
:103F3C0077797A7B7E7D7F84838182828182807E89
:103F4C007E7E7D7F7F7473787775777374787C81D0
:103F5C0084848B8E8A908E908D8D87868786897FC0
:103F6C00807F7E7B7C7A787B787876787C7C7D8091
:103F7C00828283827E837F80837F80837F81818026
:103F8C006A64766D7E78717577878D8F868B828B60
:103F9C009691938984818A8684796A757680847AED
:103FAC00777C828A8C7D7877808B8C827D7E7F87F4
:103FBC00827A787979807B7A7D74695B7979868E5F
:103FCC0077867F90948D8180898495867D7D7C8693
:103FDC00837C717779828D7F827E8386857E787EE5
:103FEC007A868582817F7F84807A7C798283817DC9
:103FFC00797C82847F6D526885899C7A6F7E7F91F3
:10400C008C7870878C9792777C81888E827178827D
:10401C00899383787E83848779727F7E87857B7C86
:10402C0080808283767E7E7E87807E7C7E80887E8A
:10403C00694C66858A9F72707A83968B7C728D8FA1
:10404C00948E737B828D8F84747684868F7F767C3E
:10405C008388887D747D7E8380777A828488837A56
:10406C007B7B7E807D7B7B7D81877D6A4E60888AB1
:10407C00A07F6D7C81938E827089959095787181EB
:10408C008A8F897772868B8E8B76788385847C7405
:10409C007B84837B78767D86817F7B787A7D7D7F40
:1040AC007E7A8183858068455F8C8AA682657D7C5B
:1040BC00908F8070849790978370858D908E7A7591
:1040CC00818C8A8A7B768384827D76757F82817EE1
:1040DC00787A7F7F817E7879798081817D7D8284F9
:1040EC007F6F58537C8996926E767D8B9186787A09
:1040FC009697958D727A8B9090807676868D888443
:10410C00727B8584857A75778080827B757B8086CF
:10411C00827B767C8085827B797F85847B5B406C1F
:10412C008E93AA7865757E9A8D7D7082A099987C05
:10413C006B83909A8D7873798E9087796B7A838460
:10414C007A74767887878176757B8689827E797F8B
:10415C0086837B77797D88847146418996A4A66392
:10416C006674899D857B728FA697916F6B85919BE9
:10417C0083777577908F81756E7882857F76747B67
:10418C00808883767A7C848782797A8383857B792D
:10419C007E828A81633C57959AAC925D6C76909541
:1041AC00807F7694A493896F6983949784767176D3
:1041BC00949280736979838A8170717B8C908372FD
:1041CC0074808E8E8075778283837B787E868780E1
:1041DC006B3D4B8E97A8A3616171899B888470831A
:1041EC00A694917A647E8F9C8D76726C8998827875
:1041FC006D71808B87797779868F8576757D878DC4
:10420C00887C76777C7F7E7A777D8585754C3A7C49
:10421C0098A3B6765C69809F968E7A73989B8F88EC
:10422C00676D86939B83756F76918E827771798893
:10423C00928679777B858B7E6F7078868B82746D96
:10424C00757D8283787C87898464395C9599B69D69
:10425C006061708E9E948671819D918E7C65788A4A
:10426C00999480776D7E948A847A6E7A888E82791E
:10427C00726F878A7C757378858C7F7474787F8471
:10428C00817D8286847750407597A1B8895E687568
:10429C00979E938670859890907966798E9B938182
:1042AC0073677C8E8784786F7784897E79777B8738
:1042BC00857971747E87887D76757C8483817C8119
:1042CC008383744A4E8898ABB97B5F6879979E94C8
:1042DC007F748A968E8B7168788A948F806E6A7FD1
:1042EC008A888A796D768387827C757C84817873E1
:1042FC00787E87877D75747C8186847D82888477BF
:10430C00504D8A9CACB67B5967758F9B908173839B
:10431C00928D8B74667A8D9896836F69798888876D
:10432C007B6B72858E867D76727E837875798187BC
:10433C008B83757880828385808588857248528DC1
:10434C0098AAB16F596575929E92807684928C8BE7
:10435C0074667E8B9595816D6C7F8E88857A6C7674
:10436C008186847F747782817F7B7B7D878A81784D
:10437C00787D808787838285836E454C8795A7B32C
:10438C0077596574919E9482757F8E8C8C7D6D7B34
:10439C00868E9486746C7687898B8572757F828500
:1043AC007E7D7A7E7E7A7A7D8281857D797A7C7E2D
:1043BC0082898784837F6F4E518595A2B07D596524
:1043CC0072899C9586757B8B898E7F6C7C8A939A7F
:1043DC008D766971858B8E88706F7A848680757402
:1043EC007F837E79767B898F82797A7781868882C2
:1043FC0083847E663C5B8D92ABAC6A586A78989FDE
:10440C0095817286938C8F76667F8C9899806E6C72
:10441C007D8B8A83796F7483857E7D7E7A807D76B1
:10442C007A80878C877E78777D80868581837E698C
:10443C0044538892A6B4765969738FA29983778373
:10444C00938F8E7B68788A949387736B798A858433
:10445C007D6A6F818D8681827A7B8279748087896F
:10446C008B8071747E7C858A7F7E7D6B41528E92AF
:10447C00A8B97856677694A299827182948D8E7CB5
:10448C0067778A9191856D677B8B8A887C6C758444
:10449C008A7F797C7E84857A737B868E8E7F6F7320
:1044AC007C848988857F7A5B3A6A9896B9A05D5B33
:1044BC006C849D9E9074708F948F8D6E6984929A8B
:1044CC008B76666888928783746B7A8A837B7F7C11
:1044DC007C85857879838787847970787E848D8ACA
:1044EC00827B5F3B5A9299AFA4675B68809C9A90E1
:1044FC007C6F8C968E8B736D7F91998E7A686884A5
:10450C008E8A84736D74838784857C7A81807B7AB0
:10451C00838486837873787D85908C82704535751D
:10452C009DA4BB8A535C6F92A1968B6F7E9A9291DD
:10453C007B64758DA19A80705D719390897F6E6B91
:10454C007B888785857F7D7E7A787F8689867A725F
:10455C006D7A878A8D89754E35619BA2BA98575AA8
:10456C006E919F93897180A1938D7B5F728DA49EB8
:10457C00826F5D718E908C7D73717F897F7F82805D
:10458C0082857C737885888783726D79838D907F23
:10459C005D304A919DB3AC645869849F938B73745E
:1045AC009D9D95835E667F9EA68C8162698B8B87B1
:1045BC00807876838E827A7B7E82857D747C8489FA
:1045CC008B84716D7A848F907D50224F979EC0A002
:1045DC0051576E96A493845F7EA9A0A278556A8BDE
:1045EC00AC9C8974577D958E84706C7790907D7798
:1045FC00757D8B8777727987949283706E79838BB4
:10460C00887139287A99A4C16C4E687DA2938A6B03
:10461C0078AE9E9D84536789A59F8B7A6081938128
:10462C00816E6C84968A7C756E86928474707587A4
:10463C009A8B7F706C808F94836728248697B3C481
:10464C005D536B809C91835D89B19FAA795271886F
:10465C009995866D6C978F85795F6884938587793A
:10466C0080968D7A6F6C719194868276798186832F
:10467C006E3F206F949DC8715370819F90855D7EB5
:10468C00B39EB088546E849491846C6893918981A4
:10469C00636B8587828A7781998C7D746B708F911F
:1046AC008A847276838A8970301C7185AEC764687F
:1046BC0074849B8E775496ACA3B876587888909176
:1046CC007A5B779491977E627185828B846F8996E1
:1046DC008D877260718689908577838683794E1E6B
:1046EC0054878FC78A6278799A95845977A49EBA31
:1046FC00946071848C8E7F5B688F8F9988657082D3
:10470C008388816F8599958C78646D858589837490
:10471C00808A897E4B21667D95C16D6C7587A598C5
:10472C00845481929DBA877279848D8C76576F8070
:10473C008E9A817279817C857A738B90928D777049
:10474C007B7C848C7A7A83868058345F718CB479C4
:10475C00787985A09585567B889CB6887C788790DF
:10476C008F7A5E6F768C9A7F73777B828F7A717C6F
:10477C007E8D8D7F747B80888C7B7C7D7B68416497
:10478C006C77AA7B807E7C9B9492697D8187AF8EAF
:10479C0088847E878F866E75707B8F867F7F7B7813
:1047AC008C82797E737E868184817A7C827C808106
:1047BC006D514D71719193708578909A9586788C26
:1047CC007B9A987F8780879196837872697B827BAE
:1047DC007E7E78889186827A777F807D7A7B7C84D6
:1047EC00867B7B7157586F697E8575847E88909423
:1047FC0093898E848E958C8A827C81898E8D857C22
:10480C0078797A7A7B77787E8287867F79767981D8
:10481C0084817C79787C7A706A7274757978757712
:10482C008181828786888B8E8F908F918F8B8782E8
:10483C0082818685837F7C7B7D84807C7471797D8D
:10484C007F7C78777F87827D777372798275726EC1
:10485C006B6F747D7C80818588898E8E9394979202
:10486C008B878B8D8D8E847F7D7C7C7B77777A7A22
:10487C00817B7677767C7F80817D7B7873797A7487
:10488C00716D6D69767D808C868582838991959218
:10489C0094908C8D8E898886848283847E7B7978B3
:1048AC00787A7C7A7B79787C81817E7F777470755D
:1048BC007B72766F6E6D6E7A798585868B8E908E17
:1048CC00928F93938B8C8D8A8A8B8785807A77785D
:1048DC007A7E7D7A7D7B80827774767B7E82847B08
:1048EC00716E707274716D6E6C777E7F8280878B47
:1048FC00939896939095908F8F8A898786847E7CE7
:10490C007E7979787375797A7D7D7A7C81858181E0
:10491C007E7978737479706C6D70737478727A8038
:10492C00878E888C8D94979596939397968B868289
:10493C007F817F7D78767471737978777675797EDF
:10494C0086858080797B77777B736F7178757172D0
:10495C00717981898B888B8F949593918D92959297
:10496C0091858084848A857B716E77787E7A6F736B
:10497C007981817E7A7279807D7D72717A717471A0
:10498C007072798080827F89868D948C90929897B2
:10499C00978D8486878F8E8277757B8180756D70FD
:1049AC007882847975747C84827E7776777B747256
:1049BC0071686E75797276767D8C8B8D87888F9801
:1049CC009D96928D8F92938A80808184877F787355
:1049DC0076787979767372797D818183837D7E7B1C
:1049EC00767573737B746E7071707479778184874C
:1049FC008C888F969895968F8E9292948885827CCF
:104A0C0081817F7B747478777677716F797F8683F9
:104A1C007D79787F85877C7871707974726F737605
:104A2C007A7E7C817E84898A929393928F8F908DEB
:104A3C008E908B85858281857C777574757877717E
:104A4C0073767C807F7F797A808283807B7C79749B
:104A5C007C7C72747370727C7D7F8582888788926F
:104A6C00958F908E89918F8F8D8582828583807BA7
:104A7C0073747B7777736F717780817E7D7E7E8098
:104A8C00807D7A7C818583787A756B757274797C7C
:104A9C007D7F7D7D898A9096948C8B8D898F8B8878
:104AAC0088858686817C7C78797B7778757174783B
:104ABC007B7B7D7B7D807E81808483807F7D7E80FF
:104ACC007B787A6F6C7175777A7C7C84838C8B8A1B
:104ADC00928E95928F8C8886848B87858580817C3D
:104AEC007A777476787A7A7B7A777A7A7A81817F18
:104AFC0083828085847F7F7A7A807B757774737AE2
:104B0C007A7674737882858B918B8C8D8D8F938F45
:104B1C00888983878B8988837F7B7F797978737386
:104B2C0075787B7E7C7C7A797E828381817F8083A1
:104B3C00847E7C7C797C7A7678736E7178777B7ED8
:104B4C007D82898F91908E8F8E8E918E8A8A8887A6
:104B5C008785807C7A76777A7A77767474787C7DA0
:104B6C007E7F80817F808282807F7E7B817F7E7F43
:104B7C007874737375767677787B7D8086888B8C6A
:104B8C008C8D9196928B8988888D8C867D7A7D7C94
:104B9C00837F767476777A7C78747B8282867F7E4C
:104BAC007C7C827D7C7A7D8080807B79797B7A7736
:104BBC007B77727B7E7F817D7D858A8C8E89868FCB
:104BCC0090898A85858E8D8B857E807E82827D798B
:104BDC00797C797C7C7877797A7C7C7D7C7A7F7C1B
:104BEC007F7F7D7A7D7F8088817C77707578797AFC
:104BFC007874777A81878482848A9197918A88875E
:104C0C008F93918A8383828284827E797777777778
:104C1C007371777C7D817F7C7F7E7E7E7B7D7E81C8
:104C2C0085847D7C7B747476737374777977787BE9
:104C3C007E858B8C909291928C8A908F8E8D8B89A5
:104C4C008586837F7F7B79787877767772747A7CA8
:104C5C007D7E7B7A7D7E7F7E7B7C7F7D7B7A787987
:104C6C007D7B7A797572767B797D7B7C878B8E8F59
:104C7C008B8A929795938A82868D8B8B8680817F87
:104C8C00807A7877747776757275797A7C7D787995
:104C9C007D7E807E7A7B7F81827D7A7B7F807E7C2D
:104CAC007270767E7F7F7B74808A90948C898F94CF
:104CBC0098968C828287898E867D7F7A7A7C7570B5
:104CCC00737274767672767B7B817E7C8082838134
:104CDC00817E7D8081827F7D7C787D7E777173740F
:104CEC007681808085888B8F928D91908F928A8629
:104CFC0087878386827C7F7A777A787578787677DF
:104D0C007972767C7B8382808180808482817F80B3
:104D1C0080807F797B787C7E76757576797C7D7CDE
:104D2C0082878C9190908D8F91908F8984848184CF
:104D3C00837F807B78787A78757674767A757B7CCD
:104D4C007E837F807C7F83878A837F7C7D7F7C7A58
:104D5C007876797D7D7A7776767B8180808283897F
:104D6C008F8D8E8F8F8F928D888A858586827F7AA4
:104D7C00777879787978747376777B7C7A7F81828F
:104D8C0084848080817F7F7D79797A7C7F7D7B7D37
:104D9C007C7D807E8183828383827F8384848883ED
:104DAC008285858987827F8080878885837F8284BE
:104DBC0084857F7D7D8085817D7878787B7C757618
:104DCC0074777B7879797C7E81817C808283868400
:104DDC00818083838384807D7F817F827F7E7C7DC5
:104DEC007F7F7F7E81818588878988868583828580
:104DFC008A8987837C7E8183827C7A76787B7A79B8
:104E0C007477787A7C7775767B8084827C7D7E80E3
:104E1C0083838381818382858681818081837F8165
:104E2C0081818484817E7D7C7F858284857F818362
:104E3C00807F807F828583827F7F7E7F7F7E808064
:104E4C0080807F8080807F7F7E7B7D7F7F807C7A6F
:104E5C007A7B80817E7A797A808382817E7E7F8163
:104E6C008283828284838486847F807E7E807F7F1F
:104E7C007E807D7C7E7C807F7E807F8183817D7F38
:104E8C007F818687817E7D7B80837F7E7F7E818311
:104E9C00827D7C7D7F8384827F7F7F838483807D02
:104EAC007D8082827F797A7D7D807F7A7B7F807F17
:104EBC00807A787B7D8285807D7F7F81847E7D80FA
:104ECC00818383808081807E807F7E8182828584C5
:104EDC007F7F818284817F80838283807A7C8083C0
:104EEC00827F7B7A7E81817E7C7B7E827F7C7A7ADC
:104EFC007E8586827D7D8082807E7B7D8383827EA3
:104F0C007A7D8082837F7D7D8186827E7E7E818597
:104F1C0085817F8181818280807F7E82807E7D7C85
:104F2C007B7C807D7E7F7C7E7E7D7D7E7E7F838193
:104F3C00808180807E7C80828385817E808383815A
:104F4C007F7B7D838385837E80828181817F7E7F51
:104F5C0081827F7C7A7C7D81817F7F7D7D7D7D7F61
:104F6C008181817F7D7F7F828482807D7E80808530
:104F7C00807C807E80817F7E7E807F81807E81832D
:104F8C0084838383807E7F7E8083837F7B7A7A7B1E
:104F9C007C7E7C7C7E7C7C7E7F8083818081818119
:104FAC00817E7F83838585817D7E8180817E7E7EEF
:104FBC007F858583817D7D7E7F828381807E7F7DE1
:104FCC007D7C7B7D7F81817C797A7B81807E8080FA
:104FDC008184827E807F8085837F7F7C7E828482B9
:104FEC0081807F828081837F808284837F7F7F81A9
:104FFC0082807C7A7C80807E7B797D7E80807B7CCD
:10500C007C7E81807F7C7D7D828680817F7C82839B
:10501C00848380807F82807F817F83828082808175
:10502C0080807F7D8080807F7A7E7E7B7F7C7C7F92
:10503C007F80807E7C7F7F80837F7F7E7E80807F71
:10504C007E7E7D808282817F818282847F7B7F7E57
:10505C0082848182807F827F7E7D7C807E807E7B4D
:10506C007C7B7C7E7C7E818181818481808180813E
:10507C0081807F7E808283807C7E7E7E81807D7D30
:10508C00818180807F7F7F8082838181817B7C7F17
:10509C007F7F7E7C7B7D7E7F7E7E7E80817F80801D
:1050AC0082828282818081828081828081807E80E6
:1050BC00817F82827D81807C7F7F8081807E7D7DEF
:1050CC007F807F7F807E7C7A7A7E8181807D7C80F0
:1050DC00878383817E848281817F7D7F7F7F7F7EBA
:1050EC007E818382807D7D7F828282807F808282AE
:1050FC007F807A7C8181807D79787C7D7E7E7C7BD3
:10510C007C8180838382818182848482827E80817F
:10511C007F7F807E81827F7D7C7D7C7F7F8183828F
:10512C008081828282807E7E7C7D7B797A7B7C7B97
:10513C007D7C80807D7C7B7E838686838283858755
:10514C00858381838485858180807C7E807D7F7F43
:10515C007F807F7C7B7F7F7E7F7A787B797C7C777E
:10516C007678808386827F85898C8A848082808011
:10517C007F7C7C7E7D808583828887888A838085FE
:10518C0084817F75787A7877777474696E796D74A9
:10519C007179818E89899790978F857D8582797CAD
:1051AC0075787E8280888D888F87848882797774E1
:1051BC0078807C7E828483878684867F7C796F5F0F
:1051CC005A6E686A7572849496909E9792928078C3
:1051DC007A776D74747C9091909798939386777787
:1051EC006E6A6B6D707D82848F8F8C8A8783827DD3
:1051FC0076757675756E576681747C78778D9B9015
:10520C00869289948E75737C7C787F7E8F9B928C32
:10521C008B8D8C86726A7473747376838C8C89868E
:10522C0084847E7A7A7D7B78777D86827D705370DC
:10523C007964756F7E99A290949B8F967E6C717A2F
:10524C00777A817F999C91938E8D8579696C706F3B
:10525C0070738191968D8B868481736F71747C8150
:10526C0081858888837C624E706E667A718AAAA862
:10527C009499978B9172616E7676818385A3A394B2
:10528C008C8278766E5F67717983879199948A8422
:10529C007A76766E6C747B84898B8A8D8B80785B46
:1052AC0037627469917C8AB6B39D908D758B7558F5
:1052BC006C727F8B938B9EA38F8B776D6A6A616BFD
:1052CC007E85968E898C8C827A72697678777E80D0
:1052DC00848E8D878A817C766A494B7F7188957C18
:1052EC00A5B0A1878377768563667C87949C91892A
:1052FC009A90827866677379757F868C95867978B3
:10530C0079757372748285818486888C8882827C9C
:10531C007C796E55417C82809D7492ACA18D7B789A
:10532C006C8B78667B81949F99868D93837E6B635F
:10533C00707A7D7E838790887971757D7E7D787F8C
:10534C008887837F808488827A7B797F7D744C4DBB
:10535C008F7D92926999A8A184796F6F9473707DF7
:10536C00819E9F8E8089867F775F667A818789850B
:10537C008C9383776F737E817A7A84898B81787D25
:10538C008486817973777F80774656927D9B8C6E6D
:10539C009FA29E81726875926F6F7983A3A08B7E9A
:1053AC0085837E78626D818D9389868A8D816F6904
:1053BC00727E84827C84888781797E818278727700
:1053CC00808983603A788D84A26A7DA09E99716BE6
:1053DC0064878C6F7B7897AB9987798083827167B0
:1053EC007885989282808283796D6B778388837DB0
:1053FC0082858479797C82867A797C888B7A404A1A
:10540C008A799C8C6595A0A88970686C90807A7A52
:10541C007FA6A3947F727F8180706D7C8D9A8E7F26
:10542C007C7D7C736D747F89897D7D8183827B7BA0
:10543C007D848078747B838656387F7D95AE6B86B1
:10544C009AA7996F6A5585937B837A98A89C866CEA
:10545C00747A80807378889794857C76777571756B
:10546C007E858A847B7D7D7F7F7C7A817F78787A4C
:10547C0080865B3D7F8294B2768293A094706E544A
:10548C0081967F897C91A39C8A6B727780887579D1
:10549C008592978A7B71757774797E7F87847C7C03
:1054AC007C7D7F807D827F787C7E80804C40887F75
:1054BC0099AB718893A18A6B6E568B9C85887D9273
:1054CC00999B855F717C838F8178829394887C6DA6
:1054DC006B797D7E857E7C7F7F7D81848285837EDA
:1054EC007471797F86783A4F9181ACA16A8594A2C8
:1054FC007D706856989D88887A8B93987D5F767DB1
:10550C008A988177828F8C867C6B6F7E828582767F
:10551C00797E82858685818584766B6874848A67BA
:10552C002F679591C18E617E939E7C775F61A6A15A
:10553C008E84717F90997C63797B8D9D81777D8939
:10554C0089867E6970858A8C8370717E888A857C59
:10555C00757E7E706B6E7C8A8A563D828FA3BC757D
:10556C00677A949C7D7C596FA8998E7665758B9D16
:10557C0083707E7B939D817373818B928970718212
:10558C00898A806C6F7F9091847B727E7F76727338
:10559C007E86703E678F8BBD96616B75938787791E
:1055AC00659BA1928A6561708B9481878083998BAE
:1055BC00796D707B899B8879797A84867D717B89FA
:1055CC0093927E74727D817D79767F815448868832
:1055DC009EB7715F6A788F898D717BA58E8B7E5D8E
:1055EC006B8096958D8D76838E7B796F6E7D919881
:1055FC00867C7678868C80787C818D8C7D767B7DA4
:10560C007F7E7677817B4B548681A9AF6960657A02
:10561C009295907181988B907B606F829498928513
:10562C006D7A877C827B717E8C9189807674858B78
:10563C0086817C7E8888817976787A7F7B7F837A75
:10564C00584D7C859BB17864686F8E95957C758D73
:10565C0088908C6C6E798896948C716D80808C8D12
:10566C007C7A7E8A8A837E6E7583868B837E80822B
:10567C0083807A78787C7F808581774F4B79839F84
:10568C00B07C69666E8F96947E748585918F7570EB
:10569C00788697988D756E80818D917C73767E82DD
:1056AC00898274797D858B857D777C8081817C7AFC
:1056BC0080827E8486806C44517A88AEA77468613F
:1056CC007795989478718183979077787583959571
:1056DC008E746F7980918D7C706F7D868C87777AD4
:1056EC007E8288817A797F8383827F7C7F7E8183AF
:1056FC00847F7B5F45698291B2936F69627E9296DB
:10570C008E76797F879A8C79767587949787707661
:10571C007A8292867972747D858C857A75767D8590
:10572C0085857E7F8281837C797C7C7E8180808074
:10573C007D6149687F8EB39A706E62789294928084
:10574C00808288998B7E7D747C8C9087787371783D
:10575C008B897F79757A848A827A78787F88868338
:10576C00817E7D7E7E7B797E7D7F827F7D7B807E50
:10577C007B61496F8495B597746B667C92A2978216
:10578C0084787E93877F7B737D8C948B7D786F7907
:10579C008986847C73777E87837E7A727C85848409
:1057AC007C78777C7F7B7C7D8081817E7B7C7F801D
:1057BC0083847B59537685A1B68F746A6684969DD3
:1057CC008D7A7A788D9B8E8579737B868E847973AE
:1057DC00707F8C8D8473696F818A887E71707882FA
:1057EC008986817A787C807F7F7D787F82807F7DBF
:1057FC007D828C8C827C6D4F5B848CA2AD84726DAF
:10580C006F89989E8B7E7F7B8D90827C777D868D39
:10581C008D7B72706F7C85877972767883897D73C6
:10582C0072737D85857E7A797A7E84828386818186
:10583C00817C7A7C7C7F898F8D857C6B5167888D90
:10584C00A79F746C687A929D9E817D7D7B8F8A7DEB
:10585C0079747D818C8B797672737F85817370718D
:10586C00788689817A797A808585817B7A7B7E833B
:10587C00848685848582807C787C808689867F7608
:10588C006F56618C95A3A27C6A687A8B8E94837C0C
:10589C0083848C8B7E77757C82888D7C77767A85F9
:1058AC008583746D777A83857E79777D82888C8405
:1058BC007C7975797E807E7E848585847C7B8183F2
:1058CC00858480797465516D9096A89B766D6B86F6
:1058DC00919294777D858C988C84737583828F8557
:1058EC007674768285877E7172797D818176727805
:1058FC007C83888A827D7C787D7E7D7B7B7F8082A9
:10590C00837F7F808389888071584B72929CAE9282
:10591C00736E779290978B728489929282786B7B5C
:10592C008689907C716E79848285756F7A868E8972
:10593C007E6E6B777F8483817A7E85807F79767C9F
:10594C008285827E7B7C82828385837E6E53628A93
:10595C0095A89D7A6969888C909077818D98937FB2
:10596C007A65778D8B918075727C877E81726E796A
:10597C00808A817B757380838380818283847A792A
:10598C00797A7D7F8483848281827F80817A756736
:10599C004E6B9193AB9C7D726E887F8789738B93D2
:1059AC009C938079657E8B868876787C89887979DA
:1059BC0071778489847B7974787F7E797C82848A00
:1059CC00837C76787F818179797E838A877E7D7CE2
:1059DC0079715058828CABA68074708B8889876BD8
:1059EC00899A9D987E766B838E8485747785918C4D
:1059FC007871677184857E7C7B7B868375737882F6
:105A0C0087897E777E8485827C767B8283817F808A
:105A1C007F7F7A6C4B5B8E8EACA2777A7A90838088
:105A2C007D6897A19F967772708F8B7A7B6B7C8E3B
:105A3C0095877675707D847B71737B7F8781767893
:105A4C00818989867B7A8082837F7A77808481833F
:105A5C007E828383816C43588687ABA0797D839843
:105A6C007D807260979CA3947D77709281797D6E16
:105A7C00818E927B71736E85897C75798084897A2D
:105A8C007277818787817A818586837E7979828214
:105A9C0082807B7B7C7F7E694E70868BA889787B2D
:105AAC0088917A8267729A99A0887F7A83907677A8
:105ABC0070788F969179777277817B7272818286FA
:105ACC008174757A85878681787F8181807C7A7FE5
:105ADC008382847E7D7D7D7A71515587879EA17AE4
:105AEC00828A9A887E77648B949792868681927E3E
:105AFC0072716C808D917F7E7D79837B706B7C84E1
:105B0C00858A77747D82817E7A76838883807979A1
:105B1C007F85817E7C7E878984796149758D8CA88F
:105B2C00837D8994947A7D6379978F918184819018
:105B3C008B72756E7C8B908479827C847C6C6971A1
:105B4C008482837A748387867B7676828D857F7C4C
:105B5C007D848A837B7E7F8286837C79704F728A78
:105B6C007FA38980868D8F72846977978892888DC0
:105B7C00868D866A74717E86887E788881867C6E36
:105B8C006F77857F8078758385837C7E7B83887E29
:105B9C008181818483838386837F7D7C807C755225
:105BAC0056847E9C9978828A967C817067908A8FC5
:105BBC00868A8B8F957373717B87878075858587B4
:105BCC007E6E6B70817F827D7C8583827F7F7E85FC
:105BDC008881827F7D7D7F7F7E827D7C8281827BBE
:105BEC00746850738A819A817D9298947A7D6780CB
:105BFC009A868D84878C978370796F7D827C79846B
:105C0C008B8684726E7A7F7F7A7275888A807975BA
:105C1C007986897E7E7E7F86847A7A7E7D84837D7A
:105C2C00807D7E7A7259678F7C988E7C9797967957
:105C3C00806D78947A86858E9295847080787C7D40
:105C4C007772828E80857A777F7E7772797682837F
:105C5C00797F81817F7F7B828781817B7D8383813B
:105C6C007D80818783797B755A5E877A8E957A924F
:105C7C0097967F807573917C7F858A8F938A7284C7
:105C8C00817D7E73727E8E81837E75817D7471764B
:105C9C00757E82798288878680787B828183817BFE
:105CAC007F858385817D817E7B7872555B867C9137
:105CBC00947C919A948084767990797E878D929752
:105CCC00887A887C76776F7080877E85837D7F77F6
:105CDC006C7076757C7C7F8D908A837D7C808079DE
:105CEC007B7B80887D7D81818585817B7A684D7504
:105CFC007F7C9C828B9E9E8882826F8D7D70788546
:105D0C008C94977A88897F76706B72877D82848376
:105D1C0086857B71756D7378798387888486878691
:105D2C00817776797F86837F81838286857E79668B
:105D3C004877807792768A9EA78E8382728F7C7248
:105D4C00768388949682948C80766F6E777C747D43
:105D5C0083898B85797D7E75746D707E868586884A
:105D6C008788827B7C7D7C7C7E7D7F838381878022
:105D7C00775C67836F84797B95A69A8A907C8D7EFD
:105D8C00736D7A8688938895908C7D797976746C0E
:105D9C0073798786817A8084807A6E72787E7F7D33
:105DAC007E85888586817D7D7A7B7C7E80808083E4
:105DBC0084735F7B7D747C757C949C86988B8D97AB
:105DCC0080767B7B7685798393928C87827E8178B3
:105DDC006F7178767B7A7986858280787C7D7A7A09
:105DEC007A7C7E81818586858381827F82807E7CA0
:105DFC007673647A8271847B7B979384918B85957F
:105E0C00847D84817F7F7D76858881898581878467
:105E1C007D807A757874747976777C7F85857E7AC7
:105E2C007B7D8486817F7F7E818580828381848255
:105E3C007F7E7A787E787C79767D7A82808280818A
:105E4C00858189898D8C908C8B8D88877F7F797BE0
:105E5C0079787A787E7C7D7876747476787E7F819A
:105E6C008380807F7F7F8285858583828281827D0E
:105E7C007E7E7F7C7C7F757D707B7D798379877F4F
:105E8C0089817C8485938B8E80888C898B7C7C7AB1
:105E9C007F7E7B78757A7D7F7C7B79767776797D52
:105EAC007E818281878584848181808384868684B7
:105EBC00817E7E7C7A7E79797C747D737A79778524
:105ECC008189808482888F898A8689899084837F5E
:105EDC007E807E7F737772747C7D807F7B767A7F09
:105EEC007E817E7E81828580838583827F80818294
:105EFC008581817E7C757A737A807482737D777BE1
:105F0C0081798B818B868A89898D898B838884861C
:105F1C0081807D7C7F7D7C7575777E7E7E7A777CBB
:105F2C00807E7D7F7C8284817F80848485807A7C66
:105F3C007F82817F7B787B7F788071767E79887A8F
:105F4C00827C8288848A858B888F898988888385DE
:105F5C00857D817D7F7E827B7778777C7D7A747777
:105F6C007A80827F7C7C8183858680818081837F1F
:105F7C007D7E7F807D7C7A817E7E7A747E77847C48
:105F8C007B7E7E8A878B85868289888C8A848682B2
:105F9C008782837D7B7C7E7D7A787478787C7B7C31
:105FAC007E7C7D7E8584858680817F7E81807F7EE0
:105FBC007E7D84807D6F7282717E72777E82877A1D
:105FCC00988A908E84898B8978837B82847E7B836C
:105FDC00877E847B808C827D8482827D6F6F7C79CE
:105FEC0077817A7F817C8487817D807D8081777DBC
:105FFC007E7D77725C7289677E7A8194928693AB90
:10600C008A94847E88846A677F7086847D929B8C58
:10601C008A917D857A6972746C6C7B7F888A7F8AA1
:10602C009088817D777A7771787B7B8081858C896C
:10603C007D7E6B54866A5D7E708EA1978AB0A38F2D
:10604C009773757E70627B7A7A8F87929E92858C1D
:10605C0083797460626F6E707D868E938C8D8F8267
:10606C007971727378727380848B8A8B8B8C7E724D
:10607C004C6D7C51797388A09F8CA3B88D957872E8
:10608C007B725A63807C949298A5A48B7E79696B01
:10609C005D5B6A797B82898D958C89897E74706D44
:1060AC006F7A7578858F8E8D8E8A87765253845F42
:1060BC006B7878A4A49C95B5978B7962737169659C
:1060CC008581939B929E998A787D756D66606D7CB7
:1060DC007D76878E949081827D72696B73787A7EDF
:1060EC008793938E8A857D6F42687C587C778FACC2
:1060FC00AB90A1AF878D696673725E6D89819E923C
:10610C0094A49C837A7A696D635F72807989939287
:10611C00988B7E7C7566676C737B7C7F8A908C8F8A
:10612C00897C69457D725C7D6F91A2A589AEA78A39
:10613C00926F737070597887849A8E97A1977E7C32
:10614C00786F6E6260737A7B91949596868583776F
:10615C006C6E6C7077757A878B888E7D6C537770CC
:10616C0058796B8C9A9C90ABAA8D9A797E797060D9
:10617C0075837D978C969D95878480726F65656F0E
:10618C007172868E90958A87877972756F6E747628
:10619C007B88878590846B507B6F6078668992963C
:1061AC008AABA48B987C847A6E5F7F817D948C9B68
:1061BC009C94838E847575696A726F6E8487868DE4
:1061CC0087898B7C75797371727279817F838B7FF0
:1061DC006E588679647C728E8E8E81A69D85917B9D
:1061EC00857D7566837D778E8895928D84978E7D5F
:1061FC007F7672756E6A807C788687888B7E7E85CA
:10620C007972757A74787C7781796F59818460861C
:10621C007B8A8F8C829EA37F9684887F776D818109
:10622C006C81828C8A8B8596907F88817A736D6B5A
:10623C007D797783858488828489827E7E7A727662
:10624C007B7D7D746D5B728C5D7D82838F8C8B9777
:10625C00AC7D938E88807A747581688286878188FC
:10626C00878F907D87827975757078767582837F3C
:10627C00858A85878280857D76797C757975705E57
:10628C006C855B7F83808D8D8C95A77F9B918680A1
:10629C00817B777D618183807D8A898A8E81908ADA
:1062AC007D787C737674707D76757F888486878420
:1062BC008783808181757870665C7D785A7F77855D
:1062CC0089908FA19C87A28F8D7E84787870667F51
:1062DC0072747786858D8E90928686858476777596
:1062EC0077726F767C7E7986838687878485867CB9
:1062FC00796D5B7679557779767C8786989E8CAEAE
:10630C009C92878F817F7C677E6C6C747C76818499
:10631C00828D888E8E8E808481797F76747373786B
:10632C007C7E7D8281848A868379697D6F637E6EB3
:10633C007076837F928B8AA1919A9494838C847BC0
:10634C007F71797776737C757B8382848586868D65
:10635C008684827C7D7A79777C7B7B7D7E827E7A5B
:10636C0076737387656C7D6E7D81867D8A82979648
:10637C008893948F86947F857F7C7B7674798371E8
:10638C007D807F7D83848388848A82808282797AEF
:10639C007F7B7F817C7B7C7B787768797B62827565
:1063AC006F768483888C829887939896868C8E7E61
:1063BC00867B7E7B79717B7774817C798087808406
:1063CC00848888848282827B827F787D817F8084AE
:1063DC007C77746D826E627D717177827A88898C1C
:1063EC00958795929084938B81847F847A7C757A3F
:1063FC00747A7E7B787C837F858989818786868089
:10640C007F7E778081837A7E81817D776E7D7860D7
:10641C007B6A6C7582787D8D85988795918E879235
:10642C008E7F897E837981797C78777A747B7C8086
:10643C00767E808987898A848786847C7E7C7C7D35
:10644C00807D7D7F7D796E866F6A836E71738078B7
:10645C0085878B9187978E8E84938682857C7D75BC
:10646C007E777D78827D797C7E7D77837C82838E3E
:10647C00898488868680827A7D7C7C7A7979787A20
:10648C0070817F6881797276817976888293879220
:10649C008F8F8B93917C867F827781797A797D7FC0
:1064AC0074797C7E74827D798289838089858685E6
:1064BC0086817D7F7D7D7D787977747580766C8221
:1064CC0071727A83787C88848E8693888988938B82
:1064DC00858D848380887979767B79777A7C7C78D2
:1064EC0083777B80837A808B828885858482818088
:1064FC007D7E80797677747B74688074727A837908
:10650C007F8A80898594878D8A9391849083807DFE
:10651C00877B7E807D7A7A827C78717A777B7D7FAF
:10652C007D7F87838986867F7F83807F7A7D7C7D54
:10653C007C72797F6B7C796F757F7D74867B8585AA
:10654C00908F8D8B8E96849186837E88847F837CBE
:10655C007D777B777975797B767C827F7B84828271
:10656C0083847F828180807C7B7B7D7778767E6D57
:10657C007B806D75798172847E89888C9189948EEB
:10658C0098838C87858186877B807C83797F7B7BD6
:10659C0072787B717C7D7877868486868685868604
:1065AC00817F7A7D7A7A7B76778371787D6D73794A
:1065BC007C70817E84878A908A939098868B88865B
:1065CC008687887D837F83787D7B777374777078FB
:1065DC00777E7B83838285878785867F807E7D7CA3
:1065EC007D79757B8473777E6D72777C7182808107
:1065FC008287928A938D94848E8C868686887C85FD
:10660C007F827B7E7A767A76786F747A7B7A8181D8
:10661C008287878387867D7D7E7E7D7E77787A8371
:10662C006F77817077747A71847F828184908A9479
:10663C008B93828D8F898686867D8880837A7A7704
:10664C007B78777A70797B7D808682838485828162
:10665C00807F7E7D827D807E7577806E797F6E7384
:10666C00787A708480878787908C908D94828C8ABE
:10667C00868887857C8482817A787476757877773A
:10668C007D7D827E8684848483807F827E7F7F80F2
:10669C007A7F7C757A7F67747D6B74777A72888168
:1066AC0087888992888F8D96848F8D878687867D43
:1066BC00837A7B7378767576787D787E807F81851A
:1066CC0082848783828381817E7D807C7B7A7476D1
:1066DC00816A737E6B71777E74878387898A948BCA
:1066EC00928C96848F90848383867A827B7B747A57
:1066FC00787778797B777D7B8080848484838483AE
:10670C0081847E7E7E7E797E7B70757F69767F6AE2
:10671C00727B81768B8588888B968B928D95838EF8
:10672C008D8585848478827E7D74767975747C7B86
:10673C0073797D7B7F89807E85878282827F7D7A5B
:10674C007B797C777176806A797E6C778180778BA8
:10675C008088898E958C918E9886918A8583848287
:10676C0076807679777F797776777D757C7C797C86
:10677C0084808185818386847D7B7A7A7979736F35
:10678C00767D6C797C6E7A82867D8B84888A8E93FA
:10679C008C928F9686928D838181807980797A769E
:1067AC007A7776767777757E7C7C7D858382848319
:1067BC008381847C7C7B7877797870747B71778229
:1067CC00707681817A8887858B8E96909391968B43
:1067DC00938E84868583787F797B75777C767576C6
:1067EC0077717E7D757C807E8188837F8282807FBD
:1067FC007E79747A7872767F6F728473797D7E7607
:10680C008487848A8B9690968F978C8F92888681BA
:10681C008478817D7C787B7C7A787577727B7D7AC5
:10682C007A817E8287828081817C7D7C7778767389
:10683C00737C7D68807A737D7E7A76877C88849081
:10684C00909098959788968A8883827C7A817A80B2
:10685C0079807A7A7A7E7975817B7D7E817D86845A
:10686C008080807C797C787778757175817272857F
:10687C0073777B80758283808786968C94929A89B5
:10688C008E918385818179847B7D777A7C7D787903
:10689C0081757C817D7A877F7D87887F827F797CFB
:1068AC007878787773727A7D6B8178727C807E7A57
:1068BC008B7F8882918D909395908A978586818421
:1068CC0077807F7B77777D767F7880777A797C7D10
:1068DC0082837E8584847F847C7F7D7B7C79756FCD
:1068EC00777C69787F71797F8076888188828C90BB
:1068FC008A9391958896888885887F7A7F787A7430
:10690C007E7678787D79777F7D7E7F847F858583A1
:10691C007F7F7F7B7C7D7D7B7976717A786C7F77CE
:10692C00767A847B808B808987938A928D928C8AED
:10693C0091898782887B827B75707977767A767E6F
:10694C00777A80837E86817E8485807F827B7E7A47
:10695C007E7C7A75767379796E7F797A7E857B8485
:10696C008C828989918B918C938C8B918884848077
:10697C00777C78787378767B777B7F757D827F8068
:10698C0088807F82817F83807E7E7C7C7A79787818
:10699C0072787B707C80787A85807F8983888991F6
:1069AC008C8C8E928F8A8F878683867A787A76758E
:1069BC00767673777C797D7F7D81828580827F82FC
:1069CC0080817F7C817C7B79797779767378787319
:1069DC007C7C79838681848B868E8B8E8C8B8E913E
:1069EC008E8A8E86868581787A7676757777757BB2
:1069FC00797D7D7F7D827F81807F8380817C7E7BA2
:106A0C007D7A7A7876777873757B77777A817C83E1
:106A1C008586838B8C898C8E8F8E938D8E8A8A85BE
:106A2C0083827E7B7A7B7874777777797B7F7B7FA9
:106A3C00817E7E847F7E7F7E7B7F7E7C78797B757A
:106A4C00787775727A78797C7F7983848189868866
:106A5C00878A888F8B8F908C8D8D8A87887F7F7C9F
:106A6C00797B79757879787D807E7F7F8080828054
:106A7C007D7D7A7E7F7D7B7A7A79777978777A7D5E
:106A8C00797C7F82827F84818180807F827D8084FB
:106A9C00828B8E8988908B8B8D8B87868685817E69
:106AAC007F77787C7B767A7A787C7D7A7C7E7E8028
:106ABC007F7E7B7A7A797A777A7D7B7C7D7D7F830A
:106ACC00838381808285837F807E7C80827F7F81AF
:106ADC007F8086868587888B8C8B89888A8A888438
:106AEC008483807D7C797777777777797878797AF2
:106AFC007A7C7C7B7D7C7C7D807E7D7F7D7F7F7CBA
:106B0C00807F7F817F7F8183808283808284807F6E
:106B1C0082808481818083848685868B888B87871D
:106B2C0086898681827B7D7C7C787876787A7A7B84
:106B3C00797C7B7E7F7D7C7E7B7A7E7D7C7C7D7B85
:106B4C007D7B7C7E7D7E8182808581808380808040
:106B5C0080828283878584868683838383818282F5
:106B6C007E81837F81837F85838184848181817E03
:106B7C007F7E7F7D7D7F7E7D7D7C7B7B7C7B7C7E39
:106B8C007A7E7F7B7B7B7C7A7C7C7A7B817D7F832E
:106B9C007F808081828381838282828181818280D5
:106BAC00838386858782818482817E8281848482AC
:106BBC0082838383838183828384837F807F7B79B9
:106BCC007B78797F7B787A7B797C7E7C7D7F7E7C01
:106BDC007E7B7D7B797B797B7D7E7F7D80828181D5
:106BEC007F7F818382858483878585848583818368
:106BFC00808080818282838282818285808084836E
:106C0C008184838281838281837F7C787978797790
:106C1C0076797B7B797B7A7B7C7978797A7B7B7CC8
:106C2C007D7D7D7F7D7C7C7C7F7D80827F8284816D
:106C3C008788848985828785828580818484838501
:106C4C0087838786868384878587848382837D7BFD
:106C5C007D7B7C7979767577797A7A7B7B7A7D7E88
:106C6C007B7B7C7A797C7B797C7C7C7D7F7D7F8057
:106C7C007D7F7E7A81837987877F8C8C848A8982D9
:106C8C0086827F817D7C7F7E7F8483858785878AD2
:106C9C008683868482848280817F7C7A79797774FA
:106CAC00757677797B79797C7B797C7B777A7C7844
:106CBC00797B7A7C7F7E7F817F82828081818086D6
:106CCC008581868082837E82807C7D818089898893
:106CDC008E909090908B8E898785817E7B79777949
:106CEC00737274757678747378777777797A7C7D2C
:106CFC007D7D7C7F7D7D7C7B7A7B7C7B7E7C7E83BB
:106D0C00808488848387817F82817B7C8580878C4B
:106D1C008B8D939493948D908C8A86827F828177CD
:106D2C0079757473737572747475757A79787D7AF4
:106D3C007D7D7D7A7B7A787B7D7C7C7E7D7C7E8084
:106D4C007F838083827C7C7D7F7A7C7F7D7B878543
:106D5C00858E9291949A959493938B898784807D58
:106D6C007D767877757270727472747573777778C4
:106D7C007B7D7F80817F807F7C7C7D7D7D7C7F7D2A
:106D8C007D7F7D7D847B788077787681727C807C3A
:106D9C00878A978F9C969D9599988E8D878B7E87E9
:106DAC007C7B76777573746E716C717175757A7B8B
:106DBC007C7F7F808284828281818080807D7E7FC7
:106DCC007E817F7D7A76727872687E747788847E15
:106DDC008A948B9A989A989896938E8A8D80847FB1
:106DEC007A757775727371716F747173767D7B7E42
:106DFC0082808182827F85828180827F7D7F7D7C83
:106E0C007F7F767D7675806E747D7076847F7E92C2
:106E1C008C8E9794949896919289908880827D78A4
:106E2C00787A70757474727875757B797D7D807ED7
:106E3C00838284828386828280807C817B797A7B48
:106E4C007D7A74787B687F7A6D7D827A809281906E
:106E5C0095959598959290858C7E80807E747979A5
:106E6C00717A7978757B75787C797C7C8181848367
:106E7C00848181817D7D7A79797D7C7C7C7F7C7835
:106E8C0079836B7A836A7A827D7492848A949596DC
:106E9C00939D8E92828D817D7E7B74747F717978C7
:106EAC007A747C7A787B7B7F7B82818181827F7E06
:106EBC007F7C7C7D7C7B7B7F7D7F807C7A837C6C04
:106ECC0087726F808277858F819590989099918E3B
:106EDC008B878D7A817C7B757D746F767574767DEE
:106EEC00757B7C7E7B81807D82807D7F807E7F7FB9
:106EFC007E7F7F82817C807B7486736B86717383CB
:106F0C0084748D8F839495988F9D90968C8E897EAA
:106F1C00857D7A707C6F72727573777D78787B7EE5
:106F2C0078827F7A7D807B7D7F7B7B7F807F7F7E7D
:106F3C007F7E7B73846E70876F7280816F8E8A8187
:106F4C0095979894A2959C8D948B84867F7C717C6C
:106F5C006E71727770797A767A7D7C7D84807E7E94
:106F6C00807C807C7A7B7F7C7E7C7A7A707784656F
:106F7C0074816778857A7297838A979994979F9191
:106F8C009A8B998787858378787D6D7472766E7C01
:106F9C0077787B7E7C7C837F817F807C807F7F7C0D
:106FAC00817D7B7E76677A73597F6F6676856F817C
:106FBC00967F9497A091A19799939097838B8484B3
:106FCC0073807471747472737B747A7A817B84832A
:106FDC008183868281817F81807F797C72707F5DE5
:106FEC006C785F6C7C756A917F88959B9599A3945E
:106FFC009D8A99868685877C7B827078767C727B6D
:10700C007778787B807E8182878387828481817C7C
:10701C007C7C776D7B6C5E7D6769747F67808B7F12
:10702C008D929D8FA4969F8D91917F878681708381
:10703C007374757972777B7B7E79827B828488828C
:10704C0087888486847E7D806F70815769775D67C1
:10705C007A7668927C88919B959BA293A38B998A54
:10706C008982887A767F6D746F726A75717677789B
:10707C007E7C858588838B87868A868180767781DE
:10708C005B7372616A7E72698C7A848B998D979B23
:10709C00949A8D968A8E868D807F83767675796E9E
:1070AC00777674757A7A767F808282848281828206
:1070BC0080767484616F7E63687D80669283818D37
:1070CC009992909F88998992898A82878877847C03
:1070DC0078717F71747A7675797F7B8181858483F1
:1070EC008683807D7C6C787D597473656B82776F39
:1070FC0094818C909D8D999B8D9B878E878C7B86A4
:10710C0085747C79786E7C74757A77797A807E85D3
:10711C00808387828683827B746F806667786D6CD0
:10712C0073867486888D8E9398939F8D95918C879A
:10713C0089877E837D7A76747374757575797A7B9D
:10714C007D7F818386848684807D7E776B796F6773
:10715C006E6C726F7B7A82888C93929B989A9694C1
:10716C008F8D8B888581817E7B7979747677787821
:10717C007878787C7C7E7F828383817F7F7D7A7533
:10718C0073737172717676787E8184878C8B8C9018
:10719C00908E908F8A898A88878582807D7C7A7B85
:1071AC00787878797B7A7C7E7D7D7F7E807F7F7E10
:1071BC007E7E7A7775747271707274767C7D81893B
:1071CC008D8D9195929495908E8D8B8988858282E8
:1071DC007F7C7D797676757475767576797A7C7F19
:1071EC00818181807E7B777473716F717572737C12
:1071FC007D81888B8B9193929494938F8E8C8E8AB5
:10720C00888584817E7F7A79787B77797B787878AA
:10721C0079787A787C797B7B797A757574706F72F2
:10722C007271737B7A8088898C91938F95959291EA
:10723C008E8D8C8D8B89868482817D797A7575771C
:10724C007775777A7A80807F807D7D7E7D7A767285
:10725C0072716F707271747A7A7E87878A8D8F8F54
:10726C00929191918E8C89898789827F7F7C7D7A9E
:10727C007B797A797A78797A7A7C7D7F7C7E7E7F4D
:10728C007F7E7C7475777370747471777D7C828764
:10729C008A8C8F91919190918D8E8C8B898687821F
:1072AC007F7C7A767675747676757679797D808141
:1072BC008181827E7F7F7F7C75787873737575731F
:1072CC00757A797F85868A8E919093939391908C21
:1072DC008B89878684827F7E7B7A7A7975787773BF
:1072EC00757376787C7B7E7F7F8180817F7C767BDB
:1072FC007773797876757C7C808789898C8D8C9175
:10730C008C8E8F8E8A8A88848583827F7E7878782B
:10731C007678797A7A79797A7C7D7E807E7D7F7FAA
:10732C007E7F807A767C7872767875737B7B7B83B4
:10733C0088898C918F90908F8F8E8C89898483868D
:10734C00817F7E7C78787774747573747676777CAD
:10735C007D8083828485848185817C797A79757A34
:10736C00777876787B7C82838A878B8C8E8E8D90D7
:10737C008D8D888A8583868282827F7879777476F0
:10738C0078777475747275797B7D7F808082838544
:10739C0084807D7C7F797A7B7A7B7A7D7B7F848607
:1073AC00878A8A8787878A8B898788868485878559
:1073BC0087857F7C7A777678777977787476777922
:1073CC007B7A7E7D7F7C7F8083827F7B7D7F777ED7
:1073DC007C7A777D7B7B878688898B888A87898D69
:1073EC00898C8886828684848780807E797578767D
:1073FC0075797777777977797A7C7E7C817F8082D3
:10740C0084838381797B7F77777A7677787A7D83AB
:10741C00858D918991918C8D928C8B8E85858481B3
:10742C007F84827F7D7678747473777576797679BC
:10743C007A7E7E80827F8182818082807D78737962
:10744C007673787774767B7A81898C92929191920B
:10745C008D8F908B8B878480807E7F7F7E7E7A77EA
:10746C00757774777A7A797C7C7D7F808282848050
:10747C00807F7D7D7B7B7B786F767772797A7A786B
:10748C007D7D7F868B918E908E8E8A8E8E898D8659
:10749C00837F807E7F8081817D7F7B7A7A79797C06
:1074AC007D787C7C7B7E7F7E80817E817F7E807FF1
:1074BC007D7E7A727B79737A7E757779767C81861C
:1074CC00868B898B8A888A8C8C8D8A86858184832D
:1074DC008384817E7F7B78787777777A7779797AEE
:1074EC007C7F8180828286858484827F807D757A90
:1074FC0078737A7877757374787C7F8B87898B8AAD
:10750C00898C8E8B908B89858383838281827F7D0E
:10751C007B7977767676787977797C807F818382B0
:10752C0085868483857F80807D75777A727979777B
:10753C007675747A7F808B89898D8C8A8A8D8B8DF8
:10754C008A888682807F8080807E7E7C7A7979783A
:10755C00787C78787C7B7B7E7C7D81828183818149
:10756C0083807E7D77737B76777C7A7C79777A8063
:10757C0080898E888D8E8A898C898B8C8786837E78
:10758C007E807F80827E7C7C7A787879777A797934
:10759C00797A7A7B807C81817F7F83807E7E7C7A06
:1075AC00747D787A7F7E7F797B7D7F808A8B8A8FD2
:1075BC008B8C8C8A8A8B8989878180808080807E65
:1075CC007D7B797A797678787979787A7A797C7F13
:1075DC00808181807E7F82807E807C757A7D7780C1
:1075EC00807E7D797A7B7E8489888E8D8B8E89894D
:1075FC008C8B8A8B837F7F7D807F80807D7C7B786A
:10760C0077797878797779787B7C7D8080808282B5
:10761C007F8181807F7F78767F787C827F807C7988
:10762C00797A7C8588888C8B89878987898A8988EF
:10763C0084838083828083817B7B7A777977777868
:10764C00777A79797B7C7F81838282807F8281814A
:10765C007F7E77787C777E7D80817B7D7D7A80884C
:10766C00878B8A888984878A88898A8685848082A0
:10767C008082847D7C7A78777678797A787C7B7B4B
:10768C007A7E7F7E83807E7E808081807F7C747C0E
:10769C0079777F7E807E7D7D7A7C8385878C888CD4
:1076AC0088878B88898A8986878283848183817E77
:1076BC007A797674797978797A7978787A7D7D8126
:1076CC00827F8181818183827E77787B757C7A7ED3
:1076DC00817A7C7A7A7D84848C8A8B8D868B8B8C58
:1076EC008D8D8D8A8786838183817E7F7978747274
:1076FC007875767676777779797A7F8281838182CD
:10770C008483828077777A727878797C797B7A79BE
:10771C007E84858C8B8D908B8F8E90908F8E8A86AD
:10772C0085827F827F7E7C78766F727574777978AC
:10773C007A7C7A7C7F818283828182817E7F7A725D
:10774C0077717277777C7C7C7D7C7E8485898D8C4F
:10775C00908D8E908C8E8D8B89868382807F7F7DA1
:10776C007E7A7A76737777797B7C7E7E7C7E7E7F61
:10777C00808281807F7D7B7A766D706E6A73737C7C
:10778C00818489878A8C8F8E918D8E8C8A8B878849
:10779C00868684807D7C7A7A7B7B7B7D7F7B7B7EFF
:1077AC007E80828383807E7E7D7D7D7F7F7C7E7DDF
:1077BC007D7C7A736C6D696C6F7582838A8D8D8C10
:1077CC008D8C89898A8A878C8A8A8A8787837D7A35
:1077DC007A78777B7D7D7E7F7C7C7C7E7F7E8080D3
:1077EC007F80807F8080828180817E7D7A776D69C9
:1077FC0068646C707C82888E8B8C8A888A8A868975
:10780C008B8D8E8D8D8B8A867F7D79767675797B47
:10781C007D7F7F7D7F7E7F808181808180817F8065
:10782C0081807F7F7C7C7B756F6867636A6F7B84EC
:10783C0088908E908B8A8987888B8A8D8E8C8E8A85
:10784C008A857F7D78747474777C7E817F82828157
:10785C00858183837F827F7E7D7D7D7B7D7C797B33
:10786C0079746F6A68666C717E868D969393908B33
:10787C008B88868A868989898A848884807F7C78AB
:10788C0078777B7B7D827F848383848283807E7EFA
:10789C007B7A797A7A797B7C7A7B7A77726D696874
:1078AC006F7180888C949495918D8D868587828458
:1078BC008385878488878386817F7C787A777A7EB4
:1078CC007D808182848283807E7D79797778797AD4
:1078DC007C7C7E7F7C7B756F6D686C6D7682859110
:1078EC009194948F90898788818384828785898AF3
:1078FC0087898584807B7C757779767C7E7F828393
:10790C00868284817C7E7A797B797C7C7B7F7E7D90
:10791C007A76716B696B6B777C818E8E9494919275
:10792C008C8A8982848081827F8482848583828010
:10793C007D7E797A79767C7B7F8385898A8A878339
:10794C00817B7A78757777767A7B7B7B7A76726EA9
:10795C006C6F707B7F888F90989392928A88847FCB
:10796C00817B7D7D7B807E838582888583848081FD
:10797C007C7B7B787C7E8285858885818079767618
:10798C00737676797B7B7F7D807E77756E716F7574
:10799C007F7E8A8D8F938F908D868981827F7B806D
:1079AC007A7F82818688898B8587837F7F777775BD
:1079BC007579797F82828582807E797978787C7CF2
:1079CC007D7D7F8180817D7874726C716F737C7D1D
:1079DC008A8B90959397948E8E8685827D807C7F02
:1079EC00827F8585838782827E7C7C7678777779A7
:1079FC007A7D808082817F7D7A7C7A7879787B7BB6
:107A0C007C7E7C7F807E7D7A777074737880828FA9
:107A1C008F969A9596928A8980807C7A7C797F7EE3
:107A2C007F828284868385817E7E7878737373747B
:107A3C00797C7E828283817F7E7A7C7B7B7F7E8158
:107A4C008183848382827B79747074717D7F86904C
:107A5C008D959391928A88857D7F7A797A787E7ECE
:107A6C007F8582838281817A7A77747675777B7D44
:107A7C00848485868384807F7E7C7E7E7F807E7FEF
:107A8C007E7E7F7F7E807A7974747974818289920C
:107A9C009096918D8C817F7C747975797B7B8081BC
:107AAC0085878A8B8A8686807C7B777776767779D2
:107ABC007D7E818480817F7C7C7A7B7E7E808181CF
:107ACC008283848483837A77716A706C797D828FE8
:107ADC008C94918A8D8483827B807C7C817E84864D
:107AEC00878E8A8B8B83827B75736F6F6F71797ABC
:107AFC00838584888283807B7C7B7D7E7E807E8177
:107B0C00818182807F7E7272686A706F8481929AA2
:107B1C00979F95928E82827E777C75797C7E868704
:107B2C008B8F8A88867C787270707276787A7F8177
:107B3C00848583827D7B7A78787B7D818183838247
:107B4C00848383827B7570646F6D798B8BA19C9B16
:107B5C009C8C8C837B7E74777A737E7C81898A8FF4
:107B6C00908A877D7570696B6C70797D8288868848
:107B7C008581807C7C7A7A7E7F82838384828484F4
:107B8C00817D716F60697071918CA0A799A28C87AF
:107B9C0086767D77747B717A7A79898A8F928A84DA
:107BAC00796F6B686B727981898A8D8A8A86807FFE
:107BBC0078767676777C7F8383848582827A6B6C09
:107BCC005F6474739896A4B199A28D828472767452
:107BDC006A7570727E818F9697958A80766A686CCA
:107BEC00707B82868D888A8883847C7876727272A8
:107BFC00787D7F86888889847F706561536C6C85FD
:107C0C00A197B69F99977D847A737A7172777181F7
:107C1C008792A09F9A91806F675D666E7989888C38
:107C2C008B84868080817B7A756F72737981858D68
:107C3C008E8B887D6661554E6C6990A19AB695972E
:107C4C008F79847A79807476797487909AA69F95C7
:107C5C00886F64605B6F77838F898C878385828361
:107C6C00817977726B72777E878A8E8A827D605A71
:107C7C005549717093AE9EB999908D77807C777BC6
:107C8C00737077778898A0A6A28D7E6A595F5F7310
:107C9C00868A96908A888082837D7F7870736D74D3
:107CAC007D808C8C8B8A7E775D55554D76799DB217
:107CBC00A2B6948B86737C7774766F6F787F93A360
:107CCC00A9A79C8471615664697D908E978C83847E
:107CDC007D80817979716B72727D888A928E8A84AB
:107CEC00786952564A638186B9A6A9A47E867374B4
:107CFC007C7572746C74858EA6B1AAA18A6D655858
:107D0C006172788F8E8D8E868487847E7C6D6C6B91
:107D1C006C7C808C8F8C8D87837D7154524D4D7C07
:107D2C0081A9BCA1AD87797A6F757A736E726D83F8
:107D3C0097A4B8B19A8D675B605B777F88908988D0
:107D4C008B898B8F807D6F666D6C7C86888E8B8724
:107D5C0087847D7653464D3F7B8CA5CBA1A88A7337
:107D6C007C797E7C7762686B7CA2ADB4B1897865D6
:107D7C0053686A79838083888B919B908D7E6E6C1F
:107D8C0068727F828687818587888D80734F384A99
:107D9C004381A2AAD19C978472858688777056629B
:107DAC00788AB3B9A89C76646863757873707279B5
:107DBC008EA09FA188766C6670797F7C7D797E8B96
:107DCC008E99938878613B364F4A9BA3ABC88B99AD
:107DDC008C868E8B765E655176989EBAAE8C8A7543
:107DEC006E80746D696162818F9FA88D8677737BBD
:107DFC007D7A7472697B858F988F8985776E4F3702
:107E0C00524381A29EC49799918E8D857E59645E52
:107E1C007099A2A9A88E8281787B796B606B6D8634
:107E2C009E98998A7C7D848080786470747F918F11
:107E3C008A8882848271493449448DA69DBB89917C
:107E4C00959D9A8C77475D627CACA79C9C848693AD
:107E5C008A7868594E758293A3867F8286909A8021
:107E6C006F6D627A8A8688817A89979182592440CB
:107E7C004A6CAF8C928987A1B4AF7E764E578187BE
:107E8C0094958086A2A5A4916B505D65798C7B7BC3
:107E9C00818794A38D7F786679807C7E7A798395AF
:107EAC0091978A6D4E355C557A936D908DA2B2AFD9
:107EBC00916E715E75827477858DA7B3A38B7D6E81
:107ECC00687A6A696D728694999191888586756EC7
:107EDC006B6C758083808C90948D683F4E6065943C
:107EEC007771889BB3B1A87175786E7C6F5D708E5D
:107EFC009BA8A28D829182776E58607887848B8A3A
:107F0C008CA69E8A7E6D6D77766E6F748294968049
:107F1C00614568706F815F7691A9AA9F978299914C
:107F2C0074685F637F8A838391989E9F7A72766E62
:107F3C00706C60678890959C8E8F958B7B77736F38
:107F4C00777576807D705373786987687289988F9E
:107F5C008C98869C9C7F787E7980807D798E9784A6
:107F6C008D7E7C837F716A726B787C7A878E8E8C27
:107F7C00898584877F777D7C7D775E548074677E6E
:107F8C006C83959786919D8C9086797C8577777E8E
:107F9C008282908E86928885817D7374746F7476DC
:107FAC007C7E838281878685868380807F726558FC
:107FBC007C6F5D7B7486888E8C9AA0939390897964
:107FCC007B7579777C7C86868288888B84827F7DA2
:107FDC007B7A7B7A7E7C7A7F7A7F7E7E81807D82C3
:107FEC007971647C7859796974757C86909894A9B8
:107FFC009D9B94948784746F706D7176817E878855
:10800C008B8A8A8584807D7F7B7B7F7F8283807D4A
:10801C007E767063687B5775737178818B8F9682CF
:10802C009F898C8A908A878A838D7D837E7A6E74F1
:10803C007277737A87828B8C908B8B88837C7A7A1D
:10804C007D757A7878707B7A5C7262696A737A86ED
:10805C00848DA493A49FA2929288897F757C72735D
:10806C00767D787F76807A737C7C7E80878B8D8C16
:10807C00908C827C7E6F7364727057786B71737A9C
:10808C007B817D889181949197949B96988E908F0B
:10809C007C7F76746C6C6E7372798082868A8C8A23
:1080AC008785847C8180807D7D7076755E7567693F
:1080BC007070747B77858E879F979C989B94928C1D
:1080CC008B867C80797B75797574707375767C8101
:1080DC00828488898D8D8C8A887E7D68716F5D75B0
:1080EC006B6D6F71747875838581928D97939D9864
:1080FC009893968E84887F7D78756F6F6E75757A80
:10810C007C7D7C7D817F86878988888381797B8152
:10811C006B7B6F666D6B7274787F877D918B9090A3
:10812C0092958D8F908F899086827D7D78767576ED
:10813C0073737976777C7E82848885828380828053
:10814C007C80756C786C7071767176777E81839299
:10815C008B9291988F91908F85898782827D7F7683
:10816C007A7979727775747A807E8080828385893A
:10817C00857F7F73807672816E7471746F78768070
:10818C007E858D86918F948D968D928689897E823F
:10819C007D7C77797678777B77777779797F82832F
:1081AC008686898183807975816E72796E76777D0A
:1081BC007A817E897F888B848A8B918B969092882A
:1081CC0089847E7F7E7B73757372737978797D7FFA
:1081DC007B7E817E7F8180818286847A7F806A7AB1
:1081EC00716C73767B7981828A8397919293938D4C
:1081FC00878F898D898F8485828077767570736F70
:10820C00717075787C7E7F8082858785837E807B8C
:10821C00787884727C7F6C726F73717F7C8A808AB1
:10822C00918A9298948D988C8F868B868488857E83
:10823C007A7D777575736C6F7176767D807F8485AA
:10824C0084888785857D78737C6F74807479777961
:10825C00727A7A817F838D848C8E918C9893918C99
:10826C00898582837F80757975757A7B7879767745
:10827C00787A7D808283858285858886837D7482E9
:10828C006E727E6B757779777E7A857D848C848728
:10829C008A9185958D8F8B8C8781807E7C72757091
:1082AC006E717B7A7F7F807D7F84848485848283DA
:1082BC0086888588847A797F687875696F7175741A
:1082CC00807C867E8E8D8A8B8E8B8790898D838C1D
:1082DC00838482837A74756D6E717C777C838181E3
:1082EC00898885878780808282858385837F7B854B
:1082FC00736E7B6A686E726A777D858288938A8BCF
:10830C008D92828C8B87828889838787847479731A
:10831C00706F7B7A767F8480848B8586868780825B
:10832C0084858082827D7B7B856D737A696E75779F
:10833C006D7C7E8681898E82898C928290888685DE
:10834C008B8B84888481727A7070707879747D815B
:10835C0080848A8582868A86888583808284807AD6
:10836C00797D736C7B6D6A71787578838085839168
:10837C00888A8E958A91918688889184827C7D707A
:10838C0076796F6A7277767C80817B848A87898F15
:10839C008A8889867E807E7E7B75757B686E7C651F
:1083AC0070747A71817F848389998E94939989965C
:1083BC009289828481787D78776D747475707F7EF4
:1083CC007B7F86817E8C8686888C8384827F797D78
:1083DC007D7C7A747275686C7F6A75797C77878717
:1083EC008B8B8A998A94919983908B8183818678DF
:1083FC007C75796B787777797E827F8482877D86AE
:10840C0085848187807C817F7F7E80797A726E798A
:10841C0073668072707D8280828A828C80958F8C4C
:10842C008E928A85908688808A7A7D787A76737B1C
:10843C007B7B7583797C7E837D8286848282887F38
:10844C0083827F797E7B7A7973747C6A71806D7696
:10845C007A7F778483868889978D91919686918F80
:10846C00878785847C7E797C737A7C7875797B7739
:10847C007D8283818685848186807D7F7E7D7C7FE5
:10848C007D7C79707479617A756A74777C788C826A
:10849C00918692988D9290928294898A8487827B1D
:1084AC007C787B707A7777767E7E7E8284837F84FD
:1084BC0082807C81797B8180807F7D7C7875727BEA
:1084CC007169826F747C817C8387848E8296898AA1
:1084DC008A95888C96878B848C7C81777971717D59
:1084EC00777978837B7D83827D7C8178787F807CB3
:1084FC0082817E7D81817B7B7574816C76826C78C8
:10850C007C82798A8285888695878F8D98879693C9
:10851C008B8A8687777E747A6F737576727B837796
:10852C007E7B7B7A8180827D82847F84837E7D8248
:10853C007F7C7D72767C617E786D79817F7A8F838A
:10854C009085928E8D9095968495858680877C7982
:10855C00787475707D7679757E7C777D807C7D8A6C
:10856C00838086857F82827F7B7C7A79757471812A
:10857C006F6F87707980897A8886858885978994CA
:10858C008C97848C8C84847F85737C767D757C7DC4
:10859C007879767E77787D807883867F8288827FF3
:1085AC00807C7A777C7C7A7A757D81678680758011
:1085BC00857C73897A8A83918F8C8E93938296872C
:1085CC00877F867D7B7E7D7F767D7878747D787ADB
:1085DC007A7B807E8385807F857D7D7F7D7A7E7DA5
:1085EC007E7C7678847173886F74787D6F7D8586D8
:1085FC008B88988C91929D898C8F848282897880CB
:10860C00797E76787976727481757A82807B8884AB
:10861C007F8281817D7E7E7D7B7D7C797673817D81
:10862C006883746C768176798B8190869A9092901F
:10863C009790849383837D8A797D7C7A7A767D7911
:10864C007872807A7980857E8288807E85837E8030
:10865C007E7B7A7C7C7D7775768466787F69767D87
:10866C0082728E838C8A8F938A8F8B967D9087866D
:10867C007F87867A857D82737C7578777B7F7B7A22
:10868C007D827A86857E7E857E7E827D7C7F7F80E4
:10869C007E7B747C7E6480776E758278768C7E8B24
:1086AC00818D878E8B939281908889839181807C38
:1086BC007B7A747C7679757D7B7C7A807C7B8684F6
:1086CC008182847D7F817F7E817F7D7D7C72817BB9
:1086DC006281746C76867275877A8B87968D948C92
:1086EC009793869389857E8C7A79797773767D7A60
:1086FC007B757E797C7F8383828582858186827E71
:10870C007E7C7A7E817A7C796E7883647D7E6E74D1
:10871C00817E6F8E828B899591928E8C97808F8BB8
:10872C008775847C757C7C7E727F787C777F7E7A83
:10873C007B7C83818588867C82807B7D7F7A787E3A
:10874C007C7E7C7C7587757187727077836F83886C
:10875C0084888B948994899886878A8780808B7A81
:10876C007F7C81757B797773717B787D7F87828441
:10877C008A857D82837B7F807D7A8180807D7D73FD
:10878C007B7D647C75696E8077748E83888A968C09
:10879C00938E909387908D8B7C8B80797B7C76727B
:1087AC00797375747B80807B85857E8789818187D1
:1087BC00818081817C7D7E7878776E6B7D666B8124
:1087CC00716E7C8871878886898F958E978E9E8E28
:1087DC008E8C8B7E7E867776737A7077797B777AC0
:1087EC0084807D82877E8189877D85847B7D80796D
:1087FC007575737572736E7A7A6A7E7C71778A7C02
:10880C00788B85888C9B90959399938B8C868679A5
:10881C00837C77717C75737D7F7B77827C7E7E8693
:10882C007F7E82827D7D817B7A797974797B7B7B7B
:10883C007974738873738577727D8B72838B888858
:10884C00959A8D988E978C8F878A8178837B797691
:10885C008174767A7973777E78797B807F80848453
:10886C007E82837D7A7B7A7A7C7B7D777372817B47
:10887C006E807B6F74887C7D8E8C8A8E9A91989298
:10888C0095908987898A7C837F78727A756C7075EC
:10889C0072707D7B7B7E8988878887827F827B7DD7
:1088AC0078797977777C7C76738375677F7B717544
:1088BC008D7B7F8F939090998F978A938E8A8086E9
:1088CC0087777B7A776A787671737C7A7B838588F5
:1088DC00868A86857D817F7B797979757A7E7B79AD
:1088EC007C796F7C7F66797D757288857C8D8E90A6
:1088FC0089968A938E8C8F8C877F8A7B79787E740D
:10890C00777B78787B838085828584838282807E66
:10891C007F7E7B797B79787D7C797A786F798167BA
:10892C00767F766F87847389888C8A978B95948EE3
:10893C009390897F8D7E7C798075757D7877797D34
:10894C007A807C7F80828389858283807E7E7E791B
:10895C0077797A7679766C73816A6F80776C7D869D
:10896C0077858C8E8D9892989A918E918C7D878339
:10897C007E787E77757879787779747D7E7F80853F
:10898C00858588878280817B7B7976767672757710
:10899C00757279817379837F7C82858188888A8ED0
:1089AC008F8A8B8C8A87878882848383807F817C63
:1089BC007D7E7F7C7E7F7C7D7D7F7C7B7A797878E9
:1089CC007B7A797A7A7A7E7E7F80808181838281BC
:1089DC0084817E807E7F7F807C7D7F7C7F7F828098
:1089EC00828684888988888888888685848482831E
:1089FC008481817C7D7C7B7A767674767579797BC3
:108A0C007C7E807F8380817E807D7C7C7D8080806D
:108A1C007E7E7E7D7E7E7C7F7E81828686878A8A34
:108A2C008A8889818384827F84847F8481817E800B
:108A3C007C7C7A7A7C797B7A7C7C7D7D7F7A7E7B70
:108A4C007D7C79807D7E8084848785817E857F7620
:108A5C007E7C7A74807D7B82818381867D84858413
:108A6C0086888C848D87888588828182797D7A7CC2
:108A7C00757C78787B7B7B7A7C787C7A7E7E818235
:108A8C00848685848382807E7F7D79747F7E6C7FF3
:108A9C007D7772807B72807F84818E8794918F9595
:108AAC008F8D86918281827F77767D7678767774CA
:108ABC0076777B7B797D8080818885828180807FC1
:108ACC007E7E7D7C7A7E7B7375846A6E82716F7913
:108ADC008871848B8B8B91958C978998908A868DD5
:108AEC00857B887F79757E757478787573797F7BD3
:108AFC007C87827C83847A7D817A7A7D7B7E7E7C86
:108B0C00807B747587706A85726C7A8B74808D87A4
:108B1C008B8C978E958A9790868D8E887C8D817B99
:108B2C0079807670787574717C7B747B837D7C83A3
:108B3C00807B7E837F7E817F7F8182827E76768939
:108B4C006670856B6C7B866B878986898E958C9518
:108B5C008B9B8A8B8E9184818E7977787D717377DC
:108B6C007370717F787780837C808A818086877F21
:108B7C0082847F7E7F827B786F7C785E7E7A6A715E
:108B8C00887A6F8F8888899A8D8F91939887938C28
:108B9C00877A857E727677766C7974737480807937
:108BAC0085867F828D857F88857D80827B7B7F79A2
:108BBC007977707183696F876E707E896E8A8E8605
:108BCC0089909786978D98878C8C827F7D86737C15
:108BDC00797C71797B74777C83778087837F8C88B1
:108BEC007D84857D7C817B777A7B7B79786F7F7BBD
:108BFC006482796A7488777490848689988C909250
:108C0C00919183908986808B80777E7C767380733C
:108C1C00737880797D877E7F84887E81847F7E8057
:108C2C007E7B7C7B7F7C7976757F68707F6C707DBA
:108C3C00816F878A868A95968A968C97878F8D8680
:108C4C00838289767D7A7B717A7A71757B7E778364
:108C5C0081807F8784818683807E807C7D7C7C7C08
:108C6C00797971777D65787B6D7381807490888B51
:108C7C008B98928F978C94858F86857D8382747D5B
:108C8C0077776F7B7775787D7C78868382858A8110
:108C9C008385807E7D7E79797C7C7C7C7C73777E01
:108CAC006A797C72748081758C87898993908C9198
:108CBC008B9084908A8A828584767F7A7972797295
:108CCC007275797B7A8581828387828082807B7EB4
:108CDC00817B7E81807D7E7C707A7E647B7D6D72F3
:108CEC00807C728E848988928D8D948E9788948CDA
:108CFC008C828883777D76776D797374767C7B7ABA
:108D0C00827E817F84828082838081858180837E44
:108D1C007B7B756D7D756380736A758575798F80C6
:108D2C00898A998C9494939689968B8A7E877C7584
:108D3C007A7874707C7376767D7879807E7E7E8688
:108D4C007F8186858084847B7C7E7B79797371833B
:108D5C006870856D707E866C878C82899397899CF0
:108D6C008F988C8E8E87827E86737C7A7972797AD4
:108D7C0073767A7C747E807F7E8686808487817C05
:108D8C00817D787C7D7C7A787182756485746B7555
:108D9C008871779282888A9C8A959495918793871B
:108DAC00887C897A757B7B74727E7274777F777B13
:108DBC008483808289818083827D7D817D7E7D7E9E
:108DCC007B766F80775D807769728A796F91858702
:108DDC00899D8E8E94919588928A8A7D85827376F0
:108DEC0079776B797B7373827F76848880808A83B2
:108DFC007F8485827E7F807F7C7F7D726C7E7260BB
:108E0C007E7569708579748D8888889A9191939212
:108E1C00948A8D878B7B7F8377747B7D71757C7750
:108E2C00727F7F787E847F85888788868486837C22
:108E3C00807D78787A6F707F6B6B7F7470788474B8
:108E4C007989868A8B978E9491928F8B8882887B76
:108E5C007E7D8074797F77787A7D767C7A7E7E8051
:108E6C00818286848885828180797B7E797679750A
:108E7C00717F76737E7A7877807B7C83818A878E0C
:108E8C00898F8F888A888A828783828082817E827A
:108E9C007C7D7A7E7C7B7C7B7A797D7C7D7B7F7E06
:108EAC007D7D807E7C817E808082807D7D817D7BCE
:108EBC007D7979797B787E7E8081818485878688AF
:108ECC008688868888878888858488818382817D46
:108EDC007D7E7B7B787B7A797B7D79797C7C7C7FD2
:108EEC007E7E7D7D7F7E7F7C807E7B7E7C7C7C7DA0
:108EFC007E7E7F808081858483878786888988872A
:108F0C00888786848684848281827D7E7C7C7A7B41
:108F1C007B777978787A7C7A7D7C7C7E7D7E7E818D
:108F2C0080818280807E80807E7C7C7B79797E775C
:108F3C007A817D818488848A8B898A888B868B88C8
:108F4C00878584857E817D7E797B7B7679797B773D
:108F5C007E7A7A7B7A7B7B7F7C80807F81837E7F2D
:108F6C00847E7F807E787D80727C7E767D7F807A29
:108F7C0087828488868A888F879087898A8585826C
:108F8C00867C837E7C7D7F7D7C80797A797976780E
:108F9C007978797A7D7C7D7E7E7F808080817E7EF3
:108FAC00807C7F7F7E7B80837983827A7E81817CCB
:108FBC00868482858588848B888A86878885868442
:108FCC00877F84827F7C7C7B7778777774777675E4
:108FDC00757A79797D7E7D7E848082848381838598
:108FEC0082858283807E7C7E8476807F767A7F8089
:108FFC007385818085888A848E8890888D8C8787FC
:10900C0082887C807E7D76787A717472766F7475C6
:10901C0076757A7F797F838482898682878484833C
:10902C00838581838281807C787F7B72837674795F
:10903C00807979897E86878F868C8E8B90878F88B6
:10904C008781877F797D7877707871717377737486
:10905C007A77777E817C83828386898889898787E2
:10906C0085847F827E7F7E7D7A78757B7971807531
:10907C00777C817C7D8A83898A90878C8F8A8A868B
:10908C0089838580837B7A7C79757479737776791B
:10909C00767A7E7E7F8083838281868383858481BA
:1090AC0083837F7F7F7F7D807F7D7E7A78827479DA
:1090BC0081747A7E827485858087898C8490878A76
:1090CC00868987838680837B807D7C777A7B7978A1
:1090DC007A7D767D7C7B797F807E7E80817F8484A7
:1090EC00828383818181807F817D7F817D7A807F76
:1090FC0072837C747B7E7876877B838788878A8E65
:10910C008A90858C88868487847C847F7B79807820
:10911C007677757473787579777D7F7C82817E81A3
:10912C00868283868482868583878481807D777915
:10913C007D7079796E797C7C788781838A8A8D8938
:10914C008F8D928A8E8F878786847B7F7A757476D3
:10915C007473757475737A79797E81808083838456
:10916C008587858486838181807F807F7D7C7A77EB
:10917C007B7E717E7A727D7F7E7A8A81868B8B8CE8
:10918C008B918A8F848B85848581817A81797B769A
:10919C00787777797878767B797C7C807E7E828212
:1091AC00818386808484838282827F817E7F7D7BA3
:1091BC0079817B758274787F81797E867B878789BC
:1091CC00868D8D8D8D898C858785857D7E80797941
:1091DC0079797577787575777A787C7E7E7F7F84E0
:1091EC00848584848284838484818380807F807C52
:1091FC0078797D73797B737B7F7E7A8682838A888C
:10920C00888A8D8B8D888989878584807B7E7B7904
:10921C00797977777877777A797A7B7B7D7C7F81A0
:10922C008081858482868582848583838582807F04
:10923C007E797C7C707E74737F7D7A7E887C898D50
:10924C0088888D8C888D8889868885837E7C7D77BF
:10925C007778767276767475787A7A7D7F7F7F826E
:10926C0084838485868585858381817F7F7F7E7ECF
:10927C007E7C797C80777F7D75807F7C7D8581830A
:10928C008C8A8A8C8E8A8C8686848180807C797C80
:10929C007877777A767A7A797978797C7D7C827F1F
:1092AC008182828182838283838182848183828191
:1092BC0082827E7F777D79767E74787E7F7C8182D8
:1092CC0081878B8B8A8F8B8B8A89858485817E7A2B
:1092DC007A7877787877787C7A787A7A7B7D7E7EE4
:1092EC007E80818283818384858482848283828050
:1092FC00807F82807E787C7B727B777179807A7EAE
:10930C008484868C90898C8E8A87898582848380DC
:10931C007D7E7C7B7B7A787877787776777A7B7BA7
:10932C007D7C7E8082828283838483828584838514
:10933C00818180807F7C75767972757776757D7F7B
:10934C007D8185898A908F8D90908E8B8A8786847B
:10935C00807E7B787A7A777777747477767577787E
:10936C00797B7F80828284878686868684838380CD
:10937C00817F807F7E7E7C7A757876737678777A3B
:10938C007F7F82858B8B8D908E8E8E8E8C8C88873A
:10939C008583807E7D797A78767576737577767726
:1093AC00797B7A7E7E7D7F808083848383848284B4
:1093BC0084818181817F817F7E7A7B7A7778787BCB
:0293CC007A7CA9
:1093D0007856341230000020000000000000000029
:1093E00000000000010203040607080900A24A0465
:0C93F0007C080008528BFFFF3254769876
:040000050800010DE1
:00000001FF
