const unsigned char audio_raw[35666] = {
  0x84, 0x88, 0x8f, 0x95, 0x8f, 0x8d, 0x86, 0x7d, 0x78, 0x77, 0x77, 0x79,
  0x7b, 0x7b, 0x7c, 0x7b, 0x7c, 0x7c, 0x7e, 0x81, 0x82, 0x83, 0x81, 0x7c,
  0x74, 0x69, 0x5d, 0x5f, 0x60, 0x64, 0x73, 0x78, 0x7c, 0x85, 0x88, 0x8e,
  0x9c, 0xa1, 0xa6, 0xa7, 0x9d, 0x94, 0x89, 0x7c, 0x78, 0x77, 0x76, 0x79,
  0x7a, 0x78, 0x7d, 0x7f, 0x81, 0x88, 0x8c, 0x8c, 0x8d, 0x88, 0x82, 0x7f,
  0x7b, 0x7b, 0x7c, 0x7d, 0x7c, 0x7a, 0x78, 0x79, 0x78, 0x79, 0x79, 0x79,
  0x7b, 0x7a, 0x7b, 0x7c, 0x7a, 0x73, 0x6e, 0x6d, 0x70, 0x77, 0x7d, 0x7c,
  0x80, 0x80, 0x7f, 0x84, 0x87, 0x8c, 0x92, 0x96, 0x95, 0x93, 0x8d, 0x87,
  0x85, 0x83, 0x84, 0x84, 0x85, 0x83, 0x82, 0x7e, 0x7e, 0x7e, 0x7d, 0x7f,
  0x80, 0x81, 0x80, 0x80, 0x7e, 0x7d, 0x7c, 0x7d, 0x7e, 0x7f, 0x80, 0x7d,
  0x7b, 0x79, 0x79, 0x7a, 0x7c, 0x7d, 0x80, 0x7e, 0x7d, 0x75, 0x6a, 0x66,
  0x63, 0x6a, 0x75, 0x7d, 0x81, 0x84, 0x83, 0x86, 0x8b, 0x8e, 0x97, 0x9a,
  0x9a, 0x96, 0x90, 0x84, 0x7f, 0x7c, 0x79, 0x7e, 0x80, 0x83, 0x84, 0x81,
  0x7e, 0x80, 0x7e, 0x82, 0x85, 0x83, 0x85, 0x81, 0x7f, 0x7d, 0x7d, 0x7d,
  0x80, 0x80, 0x80, 0x7e, 0x79, 0x7a, 0x78, 0x7a, 0x7e, 0x81, 0x81, 0x7f,
  0x79, 0x68, 0x5d, 0x5b, 0x5a, 0x67, 0x76, 0x7f, 0x89, 0x8c, 0x8b, 0x8f,
  0x93, 0x99, 0xa1, 0xa0, 0x9f, 0x93, 0x84, 0x78, 0x6e, 0x6d, 0x74, 0x7a,
  0x81, 0x89, 0x89, 0x87, 0x88, 0x84, 0x87, 0x8a, 0x89, 0x88, 0x83, 0x7c,
  0x77, 0x74, 0x75, 0x7a, 0x7e, 0x83, 0x82, 0x81, 0x7e, 0x7a, 0x7b, 0x7e,
  0x80, 0x83, 0x82, 0x7a, 0x6b, 0x56, 0x52, 0x51, 0x5a, 0x71, 0x7e, 0x90,
  0x96, 0x95, 0x95, 0x95, 0x99, 0xa0, 0xa2, 0x9e, 0x96, 0x83, 0x75, 0x69,
  0x66, 0x6c, 0x77, 0x85, 0x91, 0x96, 0x92, 0x90, 0x88, 0x84, 0x83, 0x82,
  0x7f, 0x7c, 0x75, 0x71, 0x70, 0x71, 0x7a, 0x7f, 0x88, 0x89, 0x87, 0x82,
  0x7c, 0x78, 0x7a, 0x7d, 0x80, 0x81, 0x7d, 0x73, 0x5a, 0x51, 0x50, 0x54,
  0x6d, 0x80, 0x93, 0x9d, 0x9d, 0x97, 0x93, 0x92, 0x93, 0x99, 0x97, 0x92,
  0x84, 0x74, 0x69, 0x65, 0x6b, 0x7b, 0x8e, 0x9d, 0xa7, 0xa3, 0x99, 0x8c,
  0x7f, 0x79, 0x75, 0x73, 0x72, 0x6f, 0x6e, 0x6f, 0x73, 0x7c, 0x86, 0x8d,
  0x90, 0x8c, 0x83, 0x7a, 0x75, 0x74, 0x77, 0x7c, 0x7f, 0x7f, 0x79, 0x67,
  0x52, 0x54, 0x53, 0x62, 0x7d, 0x90, 0x9d, 0x9f, 0x9f, 0x91, 0x92, 0x90,
  0x94, 0x98, 0x91, 0x8a, 0x76, 0x68, 0x60, 0x67, 0x73, 0x8b, 0x9d, 0xa5,
  0xa8, 0x9a, 0x8c, 0x7d, 0x75, 0x72, 0x74, 0x74, 0x73, 0x75, 0x76, 0x7b,
  0x83, 0x8a, 0x8f, 0x8f, 0x8a, 0x80, 0x77, 0x71, 0x6e, 0x73, 0x78, 0x7c,
  0x82, 0x7e, 0x72, 0x5e, 0x51, 0x55, 0x56, 0x6e, 0x88, 0x93, 0x9e, 0xa1,
  0x97, 0x91, 0x98, 0x90, 0x9a, 0x98, 0x8a, 0x7f, 0x6c, 0x61, 0x61, 0x6f,
  0x81, 0x9b, 0xa5, 0xab, 0xa1, 0x8d, 0x81, 0x6f, 0x6c, 0x6d, 0x70, 0x71,
  0x79, 0x79, 0x7e, 0x88, 0x8b, 0x92, 0x91, 0x8c, 0x82, 0x7b, 0x71, 0x70,
  0x72, 0x77, 0x7d, 0x82, 0x84, 0x7e, 0x6f, 0x53, 0x53, 0x4c, 0x58, 0x7d,
  0x85, 0x98, 0xa8, 0x96, 0x96, 0x9c, 0x89, 0x98, 0x98, 0x84, 0x88, 0x71,
  0x61, 0x68, 0x6a, 0x7b, 0x99, 0xa4, 0xad, 0xa9, 0x94, 0x84, 0x72, 0x65,
  0x65, 0x69, 0x6d, 0x75, 0x7d, 0x7f, 0x89, 0x8f, 0x8d, 0x92, 0x89, 0x80,
  0x7c, 0x6f, 0x6f, 0x72, 0x72, 0x7f, 0x83, 0x88, 0x8b, 0x7d, 0x62, 0x56,
  0x50, 0x47, 0x6f, 0x7e, 0x8e, 0xb1, 0x9d, 0x9e, 0xa0, 0x88, 0x95, 0x96,
  0x84, 0x8a, 0x76, 0x5f, 0x69, 0x63, 0x75, 0x93, 0xa3, 0xb2, 0xb0, 0xa1,
  0x88, 0x78, 0x61, 0x5c, 0x64, 0x65, 0x74, 0x7f, 0x82, 0x8b, 0x92, 0x8e,
  0x94, 0x8a, 0x82, 0x7e, 0x70, 0x6f, 0x6e, 0x6f, 0x79, 0x80, 0x88, 0x8b,
  0x85, 0x70, 0x53, 0x53, 0x41, 0x59, 0x81, 0x80, 0xb4, 0xac, 0x9c, 0xae,
  0x8a, 0x8c, 0x98, 0x80, 0x87, 0x81, 0x62, 0x69, 0x65, 0x70, 0x8f, 0xa4,
  0xb5, 0xb7, 0xad, 0x8c, 0x7b, 0x61, 0x51, 0x5d, 0x5d, 0x6e, 0x80, 0x82,
  0x8f, 0x92, 0x8c, 0x92, 0x87, 0x80, 0x7e, 0x71, 0x6f, 0x6e, 0x6e, 0x76,
  0x80, 0x87, 0x90, 0x8c, 0x78, 0x59, 0x54, 0x41, 0x52, 0x79, 0x7b, 0xae,
  0xa8, 0x9d, 0xa9, 0x87, 0x8b, 0x90, 0x81, 0x88, 0x7e, 0x69, 0x6a, 0x65,
  0x71, 0x8c, 0xa5, 0xb5, 0xbc, 0xb0, 0x90, 0x7d, 0x5f, 0x52, 0x5d, 0x5e,
  0x71, 0x80, 0x85, 0x92, 0x91, 0x91, 0x92, 0x88, 0x82, 0x79, 0x6f, 0x6b,
  0x6a, 0x6a, 0x75, 0x7f, 0x8a, 0x93, 0x8c, 0x6f, 0x57, 0x54, 0x39, 0x67,
  0x7a, 0x86, 0xbf, 0x9c, 0xa8, 0xa2, 0x7f, 0x92, 0x8a, 0x82, 0x89, 0x75,
  0x62, 0x64, 0x60, 0x73, 0x94, 0xac, 0xbb, 0xbf, 0xa6, 0x88, 0x76, 0x53,
  0x5a, 0x5e, 0x63, 0x80, 0x7d, 0x8a, 0x93, 0x8c, 0x96, 0x90, 0x87, 0x86,
  0x74, 0x6e, 0x6b, 0x64, 0x6d, 0x75, 0x7f, 0x90, 0x91, 0x82, 0x60, 0x59,
  0x43, 0x48, 0x79, 0x71, 0xab, 0xac, 0x97, 0xb0, 0x86, 0x8e, 0x95, 0x86,
  0x8d, 0x83, 0x69, 0x66, 0x60, 0x64, 0x86, 0x9e, 0xb4, 0xbe, 0xb3, 0x93,
  0x83, 0x61, 0x56, 0x5f, 0x5e, 0x76, 0x7a, 0x84, 0x8f, 0x8f, 0x94, 0x96,
  0x8c, 0x88, 0x7e, 0x70, 0x70, 0x68, 0x66, 0x71, 0x72, 0x81, 0x8d, 0x83,
  0x69, 0x60, 0x51, 0x41, 0x78, 0x6d, 0x97, 0xb1, 0x8d, 0xb0, 0x8d, 0x87,
  0x9a, 0x88, 0x8d, 0x8d, 0x6f, 0x67, 0x67, 0x5f, 0x80, 0x99, 0xaa, 0xbb,
  0xb5, 0x97, 0x8b, 0x6f, 0x5b, 0x6a, 0x5e, 0x72, 0x7a, 0x77, 0x8d, 0x8a,
  0x91, 0x9b, 0x90, 0x8e, 0x85, 0x73, 0x72, 0x6b, 0x65, 0x70, 0x72, 0x7d,
  0x87, 0x7f, 0x66, 0x5a, 0x56, 0x41, 0x78, 0x76, 0x8d, 0xb3, 0x83, 0xa3,
  0x8d, 0x81, 0x9c, 0x8f, 0x8f, 0x90, 0x73, 0x64, 0x66, 0x60, 0x7d, 0x97,
  0xaa, 0xb6, 0xb2, 0x95, 0x89, 0x71, 0x5f, 0x70, 0x64, 0x76, 0x79, 0x74,
  0x86, 0x82, 0x91, 0x9a, 0x94, 0x95, 0x87, 0x79, 0x74, 0x6c, 0x69, 0x71,
  0x71, 0x7e, 0x85, 0x7d, 0x6b, 0x58, 0x59, 0x47, 0x76, 0x7e, 0x8d, 0xb1,
  0x85, 0x9b, 0x86, 0x7d, 0x97, 0x8f, 0x93, 0x8e, 0x74, 0x64, 0x63, 0x5e,
  0x7b, 0x93, 0xa7, 0xb7, 0xaf, 0x97, 0x87, 0x72, 0x64, 0x72, 0x6b, 0x79,
  0x7b, 0x75, 0x80, 0x80, 0x8a, 0x95, 0x92, 0x91, 0x89, 0x78, 0x75, 0x6d,
  0x6c, 0x73, 0x72, 0x80, 0x82, 0x84, 0x6f, 0x57, 0x61, 0x42, 0x72, 0x81,
  0x82, 0xb9, 0x87, 0x9a, 0x8e, 0x77, 0x95, 0x8d, 0x92, 0x93, 0x7d, 0x64,
  0x65, 0x5b, 0x72, 0x90, 0xa2, 0xb3, 0xb2, 0x98, 0x88, 0x75, 0x61, 0x72,
  0x6a, 0x7a, 0x80, 0x78, 0x84, 0x80, 0x89, 0x92, 0x90, 0x8e, 0x89, 0x79,
  0x76, 0x71, 0x6d, 0x73, 0x71, 0x7d, 0x82, 0x81, 0x6e, 0x56, 0x5f, 0x43,
  0x73, 0x83, 0x85, 0xbb, 0x89, 0x9b, 0x8f, 0x75, 0x94, 0x8d, 0x93, 0x95,
  0x80, 0x67, 0x67, 0x5a, 0x71, 0x8f, 0x9f, 0xb3, 0xb0, 0x95, 0x86, 0x70,
  0x5f, 0x72, 0x6c, 0x7e, 0x82, 0x7c, 0x87, 0x84, 0x8c, 0x92, 0x8d, 0x8b,
  0x83, 0x75, 0x75, 0x70, 0x6d, 0x73, 0x71, 0x7b, 0x7f, 0x7d, 0x60, 0x5b,
  0x5a, 0x47, 0x88, 0x79, 0x9d, 0xb8, 0x81, 0xa8, 0x7e, 0x7d, 0x95, 0x87,
  0x91, 0x8f, 0x74, 0x68, 0x69, 0x5f, 0x82, 0x97, 0xa5, 0xb5, 0xa7, 0x8b,
  0x83, 0x67, 0x62, 0x76, 0x6a, 0x84, 0x80, 0x7d, 0x8d, 0x83, 0x8e, 0x93,
  0x87, 0x88, 0x7f, 0x70, 0x77, 0x70, 0x71, 0x78, 0x72, 0x7f, 0x7b, 0x75,
  0x59, 0x59, 0x54, 0x51, 0x8c, 0x79, 0xaa, 0xaa, 0x87, 0xa5, 0x79, 0x88,
  0x93, 0x87, 0x91, 0x88, 0x6d, 0x68, 0x64, 0x67, 0x88, 0x9a, 0xaa, 0xb2,
  0xa0, 0x86, 0x7e, 0x63, 0x6b, 0x76, 0x72, 0x8a, 0x7d, 0x81, 0x8b, 0x81,
  0x95, 0x91, 0x89, 0x89, 0x74, 0x70, 0x71, 0x6c, 0x77, 0x7a, 0x78, 0x83,
  0x7a, 0x71, 0x53, 0x5a, 0x4f, 0x5c, 0x93, 0x7c, 0xb8, 0x9e, 0x8b, 0xa0,
  0x71, 0x8f, 0x91, 0x8b, 0x92, 0x83, 0x67, 0x68, 0x60, 0x6c, 0x90, 0x9d,
  0xad, 0xae, 0x97, 0x80, 0x76, 0x5c, 0x6f, 0x75, 0x79, 0x8c, 0x7e, 0x88,
  0x8a, 0x8a, 0x97, 0x94, 0x8a, 0x87, 0x72, 0x6c, 0x6d, 0x6a, 0x75, 0x76,
  0x7a, 0x82, 0x7c, 0x74, 0x4f, 0x59, 0x4b, 0x55, 0x92, 0x79, 0xb8, 0xa7,
  0x8c, 0xa6, 0x79, 0x8e, 0x95, 0x8d, 0x92, 0x89, 0x68, 0x67, 0x61, 0x66,
  0x8c, 0x9c, 0xac, 0xb0, 0x9b, 0x7f, 0x75, 0x5a, 0x67, 0x72, 0x71, 0x8a,
  0x81, 0x86, 0x91, 0x89, 0x99, 0x97, 0x8c, 0x8c, 0x77, 0x70, 0x6e, 0x6a,
  0x71, 0x76, 0x77, 0x81, 0x79, 0x74, 0x52, 0x51, 0x4d, 0x4a, 0x8b, 0x78,
  0xaf, 0xac, 0x8f, 0xa9, 0x7d, 0x8e, 0x95, 0x8e, 0x93, 0x8b, 0x6f, 0x69,
  0x64, 0x67, 0x89, 0x9a, 0xac, 0xb2, 0x9e, 0x83, 0x76, 0x5c, 0x63, 0x6d,
  0x6d, 0x87, 0x7d, 0x86, 0x8f, 0x89, 0x98, 0x94, 0x8b, 0x89, 0x79, 0x70,
  0x72, 0x6a, 0x72, 0x76, 0x74, 0x80, 0x79, 0x76, 0x57, 0x52, 0x4f, 0x46,
  0x85, 0x77, 0xa7, 0xb1, 0x8d, 0xac, 0x80, 0x8b, 0x95, 0x8d, 0x93, 0x8e,
  0x71, 0x6b, 0x67, 0x64, 0x87, 0x97, 0xa8, 0xb1, 0xa1, 0x87, 0x7c, 0x60,
  0x65, 0x71, 0x6f, 0x8b, 0x81, 0x85, 0x92, 0x86, 0x97, 0x96, 0x8a, 0x8c,
  0x79, 0x70, 0x72, 0x69, 0x70, 0x74, 0x71, 0x80, 0x78, 0x7a, 0x5e, 0x4e,
  0x57, 0x3c, 0x7d, 0x7b, 0x96, 0xbb, 0x8b, 0xab, 0x8a, 0x85, 0x95, 0x8c,
  0x91, 0x8e, 0x78, 0x68, 0x6a, 0x64, 0x7f, 0x97, 0xa5, 0xae, 0xa7, 0x8a,
  0x7c, 0x69, 0x60, 0x70, 0x6f, 0x80, 0x85, 0x81, 0x8d, 0x8b, 0x90, 0x9a,
  0x8e, 0x8b, 0x82, 0x71, 0x76, 0x72, 0x72, 0x79, 0x71, 0x78, 0x7c, 0x76,
  0x6d, 0x4f, 0x56, 0x42, 0x5b, 0x80, 0x7d, 0xb8, 0x9b, 0xa1, 0xa1, 0x81,
  0x96, 0x8d, 0x8f, 0x8e, 0x82, 0x69, 0x6a, 0x65, 0x74, 0x92, 0xa0, 0xae,
  0xab, 0x94, 0x7e, 0x71, 0x5e, 0x6b, 0x6f, 0x78, 0x88, 0x7e, 0x88, 0x8b,
  0x89, 0x99, 0x93, 0x8d, 0x89, 0x77, 0x73, 0x72, 0x6d, 0x75, 0x75, 0x75,
  0x82, 0x78, 0x77, 0x54, 0x52, 0x4d, 0x48, 0x85, 0x77, 0xad, 0xab, 0x94,
  0xa6, 0x80, 0x8f, 0x8e, 0x8f, 0x8c, 0x87, 0x6f, 0x67, 0x68, 0x6b, 0x8c,
  0xa0, 0xaf, 0xb1, 0x9e, 0x81, 0x73, 0x5d, 0x63, 0x70, 0x73, 0x85, 0x81,
  0x80, 0x8a, 0x87, 0x93, 0x99, 0x8d, 0x8e, 0x7e, 0x73, 0x73, 0x6c, 0x71,
  0x75, 0x75, 0x80, 0x7e, 0x7c, 0x65, 0x49, 0x55, 0x38, 0x6b, 0x80, 0x89,
  0xc0, 0x93, 0xa7, 0x95, 0x83, 0x94, 0x8f, 0x8f, 0x8c, 0x7e, 0x64, 0x6d,
  0x65, 0x7d, 0x9a, 0xa7, 0xb3, 0xab, 0x8b, 0x78, 0x65, 0x56, 0x69, 0x6b,
  0x7b, 0x85, 0x81, 0x87, 0x8d, 0x8d, 0x98, 0x95, 0x8c, 0x8c, 0x76, 0x75,
  0x6f, 0x6a, 0x72, 0x70, 0x7b, 0x82, 0x80, 0x7c, 0x53, 0x54, 0x48, 0x41,
  0x83, 0x75, 0xac, 0xb5, 0x93, 0xaa, 0x80, 0x87, 0x90, 0x8e, 0x8d, 0x8c,
  0x71, 0x69, 0x6e, 0x6c, 0x8f, 0xa3, 0xaf, 0xb6, 0xa1, 0x7f, 0x72, 0x58,
  0x5b, 0x69, 0x6c, 0x80, 0x81, 0x80, 0x89, 0x8b, 0x8c, 0x9a, 0x8e, 0x8e,
  0x85, 0x73, 0x77, 0x6c, 0x6d, 0x71, 0x71, 0x7e, 0x84, 0x81, 0x72, 0x4f,
  0x56, 0x3a, 0x5e, 0x83, 0x80, 0xc4, 0x9c, 0xa2, 0x9b, 0x79, 0x8f, 0x8b,
  0x8d, 0x8e, 0x84, 0x68, 0x6d, 0x67, 0x7a, 0x9a, 0xaa, 0xb5, 0xb1, 0x93,
  0x79, 0x6a, 0x52, 0x65, 0x69, 0x74, 0x88, 0x7e, 0x84, 0x8c, 0x84, 0x95,
  0x94, 0x88, 0x8f, 0x79, 0x73, 0x73, 0x66, 0x6d, 0x71, 0x73, 0x87, 0x86,
  0x81, 0x64, 0x4f, 0x4e, 0x3c, 0x7a, 0x7a, 0xa0, 0xbd, 0x91, 0xac, 0x82,
  0x83, 0x8e, 0x89, 0x90, 0x8b, 0x77, 0x68, 0x6d, 0x6a, 0x8a, 0xa2, 0xb1,
  0xb8, 0xa7, 0x85, 0x74, 0x5b, 0x5a, 0x6b, 0x6a, 0x80, 0x81, 0x7e, 0x89,
  0x89, 0x8c, 0x97, 0x8f, 0x8b, 0x87, 0x74, 0x75, 0x6f, 0x67, 0x70, 0x6f,
  0x7a, 0x86, 0x82, 0x71, 0x51, 0x56, 0x39, 0x61, 0x81, 0x81, 0xc6, 0x99,
  0xa3, 0x9b, 0x78, 0x91, 0x8b, 0x8e, 0x8e, 0x84, 0x68, 0x6e, 0x68, 0x7a,
  0x9d, 0xaa, 0xb5, 0xb0, 0x90, 0x78, 0x68, 0x53, 0x69, 0x67, 0x74, 0x7f,
  0x79, 0x85, 0x88, 0x8e, 0x95, 0x95, 0x8b, 0x8a, 0x7a, 0x77, 0x75, 0x6d,
  0x72, 0x6f, 0x76, 0x83, 0x82, 0x7b, 0x5b, 0x59, 0x48, 0x4d, 0x82, 0x75,
  0xb1, 0xa7, 0x95, 0xa6, 0x7a, 0x8b, 0x8b, 0x8c, 0x8d, 0x88, 0x6f, 0x6b,
  0x6c, 0x71, 0x94, 0xa5, 0xb3, 0xb2, 0x9c, 0x81, 0x71, 0x5e, 0x63, 0x6c,
  0x6f, 0x7d, 0x7c, 0x79, 0x86, 0x85, 0x8e, 0x99, 0x8a, 0x8e, 0x7d, 0x74,
  0x73, 0x6b, 0x6f, 0x71, 0x76, 0x81, 0x88, 0x82, 0x68, 0x57, 0x55, 0x40,
  0x7d, 0x7b, 0x9c, 0xbc, 0x8a, 0xa7, 0x80, 0x7e, 0x8e, 0x8e, 0x8f, 0x8f,
  0x7a, 0x62, 0x6f, 0x64, 0x88, 0xa2, 0xae, 0xb7, 0xa6, 0x87, 0x76, 0x63,
  0x5d, 0x6d, 0x6e, 0x7a, 0x7f, 0x7a, 0x81, 0x87, 0x8b, 0x97, 0x8f, 0x8b,
  0x82, 0x73, 0x73, 0x6c, 0x6d, 0x70, 0x70, 0x7a, 0x84, 0x84, 0x72, 0x5a,
  0x5d, 0x45, 0x6b, 0x83, 0x88, 0xbd, 0x95, 0x9f, 0x91, 0x79, 0x8c, 0x8c,
  0x90, 0x8f, 0x87, 0x68, 0x71, 0x69, 0x7c, 0x9e, 0xa5, 0xb7, 0xab, 0x90,
  0x7e, 0x6b, 0x5f, 0x6a, 0x6d, 0x75, 0x7c, 0x77, 0x7d, 0x83, 0x87, 0x94,
  0x91, 0x8c, 0x88, 0x75, 0x72, 0x6d, 0x67, 0x6f, 0x6f, 0x74, 0x83, 0x7f,
  0x74, 0x5a, 0x5e, 0x48, 0x66, 0x89, 0x85, 0xc0, 0x97, 0x99, 0x91, 0x75,
  0x8a, 0x8b, 0x93, 0x90, 0x8d, 0x69, 0x70, 0x69, 0x76, 0x9d, 0xa2, 0xb6,
  0xae, 0x93, 0x81, 0x70, 0x63, 0x72, 0x70, 0x74, 0x7d, 0x71, 0x7c, 0x83,
  0x87, 0x97, 0x91, 0x8c, 0x86, 0x75, 0x71, 0x6f, 0x6a, 0x71, 0x6f, 0x70,
  0x7e, 0x7a, 0x75, 0x59, 0x60, 0x4b, 0x5f, 0x8c, 0x7d, 0xbe, 0x9a, 0x96,
  0x9a, 0x76, 0x8a, 0x8a, 0x91, 0x8c, 0x8f, 0x69, 0x6d, 0x69, 0x6e, 0x9a,
  0x9f, 0xb2, 0xb1, 0x95, 0x84, 0x77, 0x66, 0x74, 0x73, 0x77, 0x7c, 0x75,
  0x78, 0x80, 0x88, 0x92, 0x97, 0x8d, 0x89, 0x79, 0x70, 0x6f, 0x6c, 0x70,
  0x71, 0x6e, 0x7b, 0x79, 0x76, 0x5b, 0x5c, 0x53, 0x4f, 0x8f, 0x78, 0xb2,
  0xab, 0x8d, 0xa3, 0x76, 0x88, 0x89, 0x91, 0x8b, 0x91, 0x70, 0x69, 0x70,
  0x68, 0x96, 0x9d, 0xab, 0xb2, 0x99, 0x85, 0x7b, 0x67, 0x70, 0x74, 0x75,
  0x7d, 0x77, 0x77, 0x81, 0x86, 0x8f, 0x99, 0x8b, 0x8d, 0x7d, 0x73, 0x74,
  0x6c, 0x6e, 0x71, 0x6e, 0x79, 0x7c, 0x74, 0x59, 0x5c, 0x50, 0x51, 0x8d,
  0x7a, 0xb3, 0xac, 0x8f, 0xa3, 0x78, 0x86, 0x88, 0x8f, 0x88, 0x8f, 0x70,
  0x66, 0x70, 0x67, 0x93, 0x9d, 0xa9, 0xb1, 0x98, 0x83, 0x7b, 0x68, 0x72,
  0x78, 0x76, 0x80, 0x79, 0x78, 0x82, 0x87, 0x8e, 0x9b, 0x8b, 0x8d, 0x7f,
  0x71, 0x75, 0x6c, 0x6d, 0x71, 0x6d, 0x76, 0x7b, 0x73, 0x5e, 0x57, 0x57,
  0x4b, 0x88, 0x7f, 0xa4, 0xb5, 0x8d, 0xa8, 0x80, 0x87, 0x8a, 0x90, 0x8b,
  0x8a, 0x78, 0x60, 0x71, 0x66, 0x8e, 0x9f, 0xa7, 0xb1, 0x9a, 0x84, 0x77,
  0x6a, 0x6d, 0x79, 0x72, 0x7d, 0x7a, 0x75, 0x87, 0x87, 0x93, 0x9a, 0x8d,
  0x8b, 0x7f, 0x74, 0x75, 0x71, 0x6f, 0x74, 0x6b, 0x74, 0x78, 0x71, 0x65,
  0x4f, 0x5c, 0x43, 0x7c, 0x81, 0x94, 0xbc, 0x8b, 0xaa, 0x83, 0x89, 0x8b,
  0x90, 0x90, 0x86, 0x82, 0x5e, 0x74, 0x65, 0x86, 0x9e, 0xa4, 0xb1, 0x9e,
  0x89, 0x7b, 0x6f, 0x6b, 0x76, 0x74, 0x7a, 0x7d, 0x77, 0x82, 0x8a, 0x8b,
  0x9b, 0x8e, 0x8a, 0x83, 0x76, 0x76, 0x73, 0x71, 0x71, 0x6e, 0x71, 0x78,
  0x75, 0x67, 0x50, 0x5d, 0x43, 0x72, 0x84, 0x8c, 0xbe, 0x8f, 0xa5, 0x8b,
  0x85, 0x8f, 0x90, 0x94, 0x85, 0x85, 0x5c, 0x6e, 0x65, 0x7d, 0x9d, 0xa0,
  0xb2, 0xa0, 0x8b, 0x7b, 0x72, 0x6b, 0x78, 0x78, 0x78, 0x7f, 0x75, 0x82,
  0x8b, 0x8e, 0x9c, 0x92, 0x87, 0x81, 0x74, 0x73, 0x74, 0x71, 0x71, 0x6f,
  0x6d, 0x76, 0x75, 0x6b, 0x52, 0x5d, 0x46, 0x62, 0x89, 0x7d, 0xbb, 0x97,
  0x9d, 0x99, 0x84, 0x95, 0x91, 0x98, 0x86, 0x89, 0x61, 0x69, 0x6a, 0x72,
  0x9b, 0x9d, 0xae, 0xa2, 0x8f, 0x7c, 0x74, 0x6c, 0x70, 0x79, 0x70, 0x7e,
  0x75, 0x7d, 0x8d, 0x8d, 0xa0, 0x97, 0x8d, 0x86, 0x78, 0x74, 0x76, 0x73,
  0x6e, 0x71, 0x6a, 0x75, 0x77, 0x70, 0x55, 0x5d, 0x4a, 0x53, 0x87, 0x72,
  0xb1, 0x9c, 0x95, 0xa0, 0x83, 0x97, 0x90, 0x9d, 0x87, 0x8e, 0x6a, 0x65,
  0x71, 0x6c, 0x99, 0x9c, 0xab, 0xa5, 0x93, 0x7f, 0x76, 0x6f, 0x6c, 0x77,
  0x6e, 0x78, 0x77, 0x7b, 0x8b, 0x91, 0x9b, 0x99, 0x8b, 0x83, 0x7b, 0x77,
  0x77, 0x78, 0x6f, 0x6f, 0x6c, 0x6e, 0x78, 0x77, 0x5a, 0x5e, 0x54, 0x46,
  0x85, 0x6e, 0xa0, 0xa7, 0x8b, 0xa4, 0x86, 0x94, 0x91, 0xa1, 0x88, 0x90,
  0x75, 0x5f, 0x76, 0x66, 0x8f, 0x9e, 0xa5, 0xa7, 0x9a, 0x81, 0x79, 0x73,
  0x68, 0x7a, 0x6e, 0x74, 0x78, 0x74, 0x8a, 0x8f, 0x98, 0x9b, 0x8e, 0x86,
  0x7f, 0x78, 0x78, 0x78, 0x6f, 0x71, 0x6c, 0x71, 0x75, 0x75, 0x5d, 0x5e,
  0x5a, 0x4b, 0x82, 0x70, 0x98, 0x9f, 0x86, 0x9c, 0x84, 0x93, 0x93, 0xa0,
  0x8d, 0x90, 0x77, 0x64, 0x75, 0x6a, 0x8f, 0x9b, 0xa5, 0xa6, 0x98, 0x85,
  0x7b, 0x76, 0x6f, 0x7a, 0x72, 0x70, 0x78, 0x72, 0x86, 0x91, 0x93, 0x9d,
  0x8d, 0x87, 0x81, 0x7c, 0x7a, 0x7b, 0x71, 0x71, 0x6d, 0x6f, 0x76, 0x75,
  0x5e, 0x5d, 0x5c, 0x49, 0x82, 0x72, 0x93, 0xa1, 0x83, 0x9a, 0x83, 0x90,
  0x90, 0xa0, 0x8b, 0x90, 0x7b, 0x63, 0x78, 0x69, 0x8e, 0x9a, 0xa2, 0xa6,
  0x98, 0x87, 0x7d, 0x7a, 0x71, 0x7a, 0x72, 0x6d, 0x73, 0x70, 0x82, 0x91,
  0x95, 0x9b, 0x90, 0x86, 0x82, 0x7d, 0x7b, 0x7d, 0x72, 0x72, 0x69, 0x6f,
  0x72, 0x75, 0x67, 0x59, 0x69, 0x49, 0x7f, 0x76, 0x87, 0xa3, 0x80, 0x99,
  0x84, 0x90, 0x8f, 0x9d, 0x8d, 0x8b, 0x81, 0x64, 0x79, 0x6a, 0x89, 0x97,
  0x9c, 0xa6, 0x9a, 0x8e, 0x84, 0x81, 0x76, 0x7b, 0x71, 0x69, 0x71, 0x6c,
  0x7f, 0x8d, 0x90, 0x98, 0x8d, 0x84, 0x83, 0x7f, 0x7f, 0x80, 0x74, 0x73,
  0x6c, 0x6d, 0x75, 0x74, 0x71, 0x5a, 0x6a, 0x51, 0x6d, 0x7f, 0x77, 0xa1,
  0x82, 0x8e, 0x8b, 0x87, 0x91, 0x98, 0x93, 0x89, 0x88, 0x68, 0x75, 0x70,
  0x7c, 0x96, 0x97, 0xa2, 0x9e, 0x91, 0x89, 0x87, 0x7d, 0x7d, 0x77, 0x68,
  0x6c, 0x6b, 0x76, 0x8b, 0x90, 0x98, 0x92, 0x87, 0x84, 0x80, 0x7f, 0x82,
  0x77, 0x74, 0x6a, 0x69, 0x6f, 0x6f, 0x72, 0x5b, 0x6c, 0x57, 0x6c, 0x83,
  0x7a, 0x9d, 0x87, 0x8c, 0x8b, 0x8a, 0x90, 0x99, 0x91, 0x8a, 0x85, 0x6c,
  0x72, 0x72, 0x7a, 0x90, 0x93, 0x99, 0x9b, 0x8f, 0x90, 0x89, 0x86, 0x81,
  0x7b, 0x6b, 0x6c, 0x6d, 0x73, 0x8a, 0x8b, 0x95, 0x8f, 0x86, 0x84, 0x82,
  0x83, 0x84, 0x7a, 0x73, 0x6c, 0x64, 0x6a, 0x6c, 0x6a, 0x60, 0x6c, 0x5f,
  0x72, 0x84, 0x7d, 0x97, 0x85, 0x88, 0x8c, 0x89, 0x91, 0x99, 0x90, 0x8a,
  0x83, 0x70, 0x76, 0x75, 0x7d, 0x8d, 0x90, 0x93, 0x97, 0x8e, 0x90, 0x8e,
  0x87, 0x87, 0x7b, 0x6f, 0x6d, 0x6a, 0x74, 0x83, 0x89, 0x93, 0x8c, 0x89,
  0x85, 0x84, 0x86, 0x83, 0x7f, 0x77, 0x6e, 0x66, 0x68, 0x66, 0x6a, 0x5e,
  0x6a, 0x66, 0x6f, 0x84, 0x7e, 0x91, 0x87, 0x8c, 0x87, 0x91, 0x90, 0x98,
  0x95, 0x88, 0x86, 0x72, 0x75, 0x72, 0x7b, 0x81, 0x8b, 0x8c, 0x8f, 0x90,
  0x8e, 0x92, 0x8f, 0x8d, 0x86, 0x79, 0x72, 0x6c, 0x70, 0x77, 0x80, 0x88,
  0x84, 0x8b, 0x84, 0x87, 0x8a, 0x84, 0x84, 0x7a, 0x71, 0x6b, 0x69, 0x66,
  0x6c, 0x64, 0x64, 0x6c, 0x63, 0x7e, 0x79, 0x88, 0x89, 0x89, 0x8b, 0x8c,
  0x96, 0x92, 0xa0, 0x8b, 0x92, 0x7e, 0x79, 0x76, 0x73, 0x79, 0x7f, 0x84,
  0x85, 0x8d, 0x87, 0x91, 0x8e, 0x93, 0x8f, 0x8b, 0x83, 0x7a, 0x78, 0x74,
  0x76, 0x7a, 0x79, 0x7e, 0x81, 0x80, 0x88, 0x81, 0x83, 0x7f, 0x75, 0x75,
  0x70, 0x71, 0x73, 0x74, 0x6f, 0x6f, 0x6f, 0x6b, 0x79, 0x75, 0x80, 0x80,
  0x80, 0x84, 0x85, 0x88, 0x8e, 0x97, 0x8e, 0x9a, 0x87, 0x8c, 0x85, 0x7e,
  0x86, 0x80, 0x84, 0x82, 0x83, 0x7f, 0x86, 0x81, 0x8b, 0x89, 0x87, 0x85,
  0x7c, 0x7b, 0x76, 0x78, 0x79, 0x7d, 0x7e, 0x80, 0x82, 0x7f, 0x7f, 0x7c,
  0x7a, 0x79, 0x76, 0x7a, 0x78, 0x7a, 0x7a, 0x7b, 0x7e, 0x82, 0x80, 0x7c,
  0x7d, 0x77, 0x79, 0x78, 0x79, 0x7b, 0x7b, 0x7d, 0x7c, 0x81, 0x7f, 0x83,
  0x85, 0x83, 0x86, 0x84, 0x86, 0x85, 0x86, 0x85, 0x8a, 0x8a, 0x8d, 0x90,
  0x8c, 0x8e, 0x86, 0x83, 0x7f, 0x7c, 0x7d, 0x7f, 0x81, 0x80, 0x80, 0x7c,
  0x7e, 0x79, 0x78, 0x79, 0x75, 0x77, 0x77, 0x75, 0x78, 0x7b, 0x7b, 0x81,
  0x81, 0x80, 0x83, 0x7f, 0x7f, 0x7f, 0x7d, 0x7f, 0x7d, 0x7e, 0x7d, 0x80,
  0x80, 0x81, 0x84, 0x7f, 0x83, 0x7e, 0x7f, 0x7f, 0x7d, 0x7e, 0x7e, 0x7f,
  0x81, 0x86, 0x83, 0x87, 0x83, 0x81, 0x81, 0x80, 0x7f, 0x82, 0x82, 0x84,
  0x88, 0x85, 0x89, 0x85, 0x84, 0x83, 0x80, 0x7f, 0x7d, 0x7d, 0x7a, 0x7f,
  0x7c, 0x7f, 0x82, 0x7c, 0x81, 0x7d, 0x7a, 0x7e, 0x7a, 0x7c, 0x7b, 0x79,
  0x77, 0x79, 0x7b, 0x7b, 0x83, 0x7d, 0x82, 0x83, 0x7d, 0x81, 0x7e, 0x7e,
  0x81, 0x80, 0x83, 0x87, 0x83, 0x86, 0x84, 0x80, 0x81, 0x80, 0x7e, 0x80,
  0x7e, 0x7d, 0x81, 0x7c, 0x82, 0x7e, 0x7f, 0x80, 0x7e, 0x7f, 0x7b, 0x7d,
  0x78, 0x7e, 0x7d, 0x7f, 0x87, 0x82, 0x88, 0x86, 0x82, 0x86, 0x82, 0x84,
  0x81, 0x7e, 0x7c, 0x7b, 0x7c, 0x7c, 0x83, 0x82, 0x85, 0x86, 0x82, 0x81,
  0x7f, 0x7b, 0x7f, 0x7d, 0x7e, 0x83, 0x80, 0x81, 0x7d, 0x7c, 0x7b, 0x7c,
  0x7b, 0x7f, 0x7d, 0x7b, 0x7e, 0x7a, 0x7f, 0x7f, 0x80, 0x83, 0x82, 0x83,
  0x80, 0x7f, 0x7a, 0x7b, 0x7e, 0x7b, 0x86, 0x81, 0x85, 0x87, 0x80, 0x86,
  0x83, 0x84, 0x83, 0x80, 0x7c, 0x7b, 0x7c, 0x79, 0x80, 0x80, 0x81, 0x85,
  0x80, 0x81, 0x7f, 0x7b, 0x7d, 0x7f, 0x7e, 0x84, 0x84, 0x83, 0x84, 0x80,
  0x7f, 0x80, 0x7f, 0x80, 0x81, 0x7d, 0x7f, 0x7c, 0x7b, 0x7e, 0x7c, 0x80,
  0x81, 0x83, 0x80, 0x81, 0x7c, 0x7b, 0x7e, 0x78, 0x82, 0x7f, 0x81, 0x86,
  0x80, 0x84, 0x82, 0x83, 0x82, 0x80, 0x7e, 0x7b, 0x7d, 0x7b, 0x7f, 0x81,
  0x81, 0x84, 0x80, 0x82, 0x7f, 0x7e, 0x7d, 0x7d, 0x7d, 0x81, 0x82, 0x80,
  0x84, 0x7e, 0x7f, 0x7e, 0x7e, 0x80, 0x82, 0x80, 0x81, 0x81, 0x7c, 0x80,
  0x7d, 0x7f, 0x80, 0x81, 0x81, 0x83, 0x7f, 0x7d, 0x7e, 0x78, 0x7e, 0x7d,
  0x7e, 0x82, 0x80, 0x83, 0x83, 0x82, 0x82, 0x80, 0x80, 0x7d, 0x7f, 0x7c,
  0x80, 0x82, 0x80, 0x85, 0x7f, 0x81, 0x7f, 0x7d, 0x7e, 0x7e, 0x7d, 0x80,
  0x82, 0x7f, 0x85, 0x7e, 0x81, 0x81, 0x7e, 0x81, 0x81, 0x81, 0x7f, 0x82,
  0x7b, 0x80, 0x7c, 0x7c, 0x80, 0x7f, 0x81, 0x81, 0x81, 0x7c, 0x82, 0x79,
  0x7d, 0x7c, 0x7a, 0x82, 0x7e, 0x82, 0x82, 0x83, 0x81, 0x81, 0x82, 0x7d,
  0x81, 0x80, 0x7f, 0x84, 0x80, 0x82, 0x81, 0x7f, 0x80, 0x7d, 0x7c, 0x7d,
  0x7d, 0x7d, 0x81, 0x7d, 0x83, 0x7f, 0x81, 0x81, 0x80, 0x82, 0x80, 0x84,
  0x7e, 0x83, 0x7d, 0x80, 0x81, 0x7d, 0x81, 0x80, 0x80, 0x83, 0x83, 0x7f,
  0x83, 0x7d, 0x7c, 0x7c, 0x78, 0x7d, 0x7c, 0x7f, 0x7f, 0x81, 0x83, 0x7e,
  0x82, 0x7c, 0x7f, 0x80, 0x7e, 0x84, 0x81, 0x82, 0x81, 0x82, 0x80, 0x80,
  0x7e, 0x7f, 0x80, 0x7d, 0x81, 0x7d, 0x7f, 0x7e, 0x7e, 0x7f, 0x7e, 0x82,
  0x7e, 0x82, 0x7c, 0x7f, 0x7f, 0x7c, 0x83, 0x7e, 0x80, 0x82, 0x80, 0x82,
  0x85, 0x81, 0x86, 0x82, 0x7d, 0x80, 0x79, 0x7d, 0x7c, 0x7f, 0x81, 0x80,
  0x85, 0x7e, 0x83, 0x7f, 0x7e, 0x81, 0x7d, 0x83, 0x7f, 0x83, 0x80, 0x80,
  0x7f, 0x7d, 0x7c, 0x7d, 0x7f, 0x7e, 0x81, 0x7e, 0x7e, 0x7e, 0x7d, 0x80,
  0x80, 0x82, 0x80, 0x81, 0x7e, 0x7c, 0x7f, 0x7d, 0x80, 0x7d, 0x80, 0x7c,
  0x83, 0x86, 0x82, 0x83, 0x83, 0x82, 0x7c, 0x83, 0x79, 0x7d, 0x7c, 0x7c,
  0x80, 0x7f, 0x85, 0x7e, 0x83, 0x80, 0x7f, 0x83, 0x7f, 0x84, 0x81, 0x83,
  0x82, 0x7f, 0x81, 0x7c, 0x80, 0x7d, 0x7f, 0x7e, 0x7e, 0x7e, 0x7b, 0x7f,
  0x7a, 0x80, 0x80, 0x81, 0x81, 0x82, 0x82, 0x7e, 0x81, 0x7c, 0x7e, 0x7f,
  0x7d, 0x7e, 0x7e, 0x7e, 0x85, 0x80, 0x81, 0x81, 0x7c, 0x7c, 0x7b, 0x7e,
  0x7d, 0x7f, 0x7f, 0x80, 0x82, 0x80, 0x81, 0x82, 0x81, 0x84, 0x81, 0x7f,
  0x81, 0x85, 0x84, 0x81, 0x82, 0x7d, 0x7f, 0x82, 0x83, 0x80, 0x7f, 0x7a,
  0x77, 0x7a, 0x79, 0x7a, 0x7c, 0x81, 0x80, 0x83, 0x83, 0x81, 0x81, 0x80,
  0x7f, 0x81, 0x7d, 0x80, 0x84, 0x80, 0x87, 0x85, 0x83, 0x84, 0x7f, 0x7f,
  0x7d, 0x7c, 0x7c, 0x7a, 0x7b, 0x7a, 0x7e, 0x7e, 0x80, 0x82, 0x81, 0x84,
  0x81, 0x85, 0x82, 0x81, 0x82, 0x7d, 0x80, 0x7d, 0x7d, 0x7f, 0x7d, 0x80,
  0x7d, 0x7c, 0x79, 0x78, 0x79, 0x7b, 0x7f, 0x81, 0x84, 0x83, 0x83, 0x81,
  0x82, 0x82, 0x83, 0x84, 0x83, 0x81, 0x81, 0x80, 0x83, 0x86, 0x86, 0x88,
  0x83, 0x82, 0x7d, 0x7e, 0x7f, 0x7d, 0x7d, 0x7a, 0x7c, 0x7c, 0x7e, 0x80,
  0x7d, 0x7f, 0x7d, 0x7e, 0x7f, 0x7d, 0x7f, 0x7b, 0x7d, 0x79, 0x77, 0x79,
  0x74, 0x76, 0x73, 0x75, 0x78, 0x7a, 0x82, 0x83, 0x88, 0x8a, 0x8b, 0x8d,
  0x8d, 0x8d, 0x8e, 0x8a, 0x87, 0x83, 0x7e, 0x7c, 0x7a, 0x7d, 0x82, 0x85,
  0x86, 0x85, 0x81, 0x83, 0x82, 0x85, 0x86, 0x83, 0x82, 0x7a, 0x79, 0x79,
  0x78, 0x7d, 0x7c, 0x7c, 0x79, 0x79, 0x79, 0x78, 0x7d, 0x77, 0x78, 0x77,
  0x72, 0x74, 0x72, 0x71, 0x74, 0x76, 0x7a, 0x7e, 0x83, 0x88, 0x8d, 0x90,
  0x90, 0x93, 0x8e, 0x8d, 0x8a, 0x85, 0x83, 0x7e, 0x7d, 0x7b, 0x7b, 0x7e,
  0x84, 0x89, 0x8c, 0x8d, 0x88, 0x84, 0x80, 0x7e, 0x82, 0x82, 0x81, 0x80,
  0x7a, 0x79, 0x77, 0x78, 0x7c, 0x7f, 0x7d, 0x7f, 0x7d, 0x78, 0x7b, 0x75,
  0x76, 0x78, 0x75, 0x76, 0x70, 0x6e, 0x6b, 0x6d, 0x72, 0x77, 0x84, 0x87,
  0x90, 0x93, 0x90, 0x95, 0x90, 0x8e, 0x8e, 0x86, 0x82, 0x7d, 0x75, 0x76,
  0x77, 0x7c, 0x8a, 0x90, 0x97, 0x98, 0x8f, 0x89, 0x7f, 0x7a, 0x7a, 0x7b,
  0x7d, 0x7c, 0x79, 0x75, 0x75, 0x75, 0x79, 0x80, 0x7f, 0x82, 0x82, 0x7a,
  0x7d, 0x78, 0x77, 0x7c, 0x7b, 0x7d, 0x76, 0x6d, 0x6a, 0x63, 0x68, 0x73,
  0x7b, 0x8b, 0x90, 0x94, 0x96, 0x91, 0x94, 0x8f, 0x8e, 0x8c, 0x80, 0x7d,
  0x74, 0x6f, 0x76, 0x79, 0x87, 0x93, 0x96, 0x9b, 0x92, 0x89, 0x84, 0x76,
  0x77, 0x77, 0x77, 0x80, 0x7d, 0x7f, 0x7f, 0x7c, 0x7e, 0x7f, 0x7e, 0x81,
  0x80, 0x7b, 0x7b, 0x77, 0x75, 0x78, 0x79, 0x7b, 0x79, 0x6f, 0x67, 0x64,
  0x5f, 0x6e, 0x79, 0x85, 0x97, 0x96, 0x9c, 0x9a, 0x94, 0x94, 0x8f, 0x87,
  0x87, 0x79, 0x74, 0x6f, 0x6e, 0x78, 0x7f, 0x92, 0x97, 0x9f, 0x9c, 0x91,
  0x8a, 0x7c, 0x74, 0x6f, 0x70, 0x76, 0x7d, 0x81, 0x85, 0x83, 0x80, 0x7e,
  0x7b, 0x7b, 0x7c, 0x7d, 0x7c, 0x7a, 0x75, 0x74, 0x74, 0x77, 0x7c, 0x7a,
  0x6c, 0x6e, 0x5c, 0x63, 0x72, 0x74, 0x94, 0x95, 0x9d, 0xa0, 0x99, 0x91,
  0x97, 0x86, 0x8b, 0x84, 0x73, 0x78, 0x65, 0x73, 0x76, 0x8a, 0x96, 0xa2,
  0xa1, 0x99, 0x8d, 0x7d, 0x79, 0x6a, 0x70, 0x6e, 0x75, 0x7e, 0x82, 0x85,
  0x86, 0x83, 0x7e, 0x7e, 0x78, 0x79, 0x79, 0x78, 0x79, 0x75, 0x74, 0x76,
  0x76, 0x7c, 0x76, 0x68, 0x6c, 0x58, 0x65, 0x77, 0x78, 0x9c, 0x98, 0x9e,
  0xa4, 0x94, 0x92, 0x94, 0x83, 0x8a, 0x7e, 0x6d, 0x77, 0x67, 0x77, 0x85,
  0x8f, 0xa2, 0xa3, 0x9b, 0x96, 0x82, 0x7c, 0x76, 0x6c, 0x71, 0x6f, 0x74,
  0x7d, 0x82, 0x86, 0x8a, 0x82, 0x80, 0x7a, 0x75, 0x76, 0x74, 0x75, 0x77,
  0x76, 0x78, 0x7c, 0x7c, 0x7f, 0x71, 0x62, 0x61, 0x53, 0x68, 0x7b, 0x83,
  0xa3, 0x9b, 0x9d, 0xa1, 0x8f, 0x95, 0x95, 0x84, 0x8a, 0x77, 0x69, 0x71,
  0x68, 0x81, 0x91, 0x9b, 0xaa, 0xa1, 0x95, 0x8d, 0x7b, 0x77, 0x76, 0x6d,
  0x70, 0x70, 0x73, 0x81, 0x87, 0x8d, 0x8e, 0x82, 0x7b, 0x73, 0x6f, 0x72,
  0x74, 0x76, 0x79, 0x77, 0x79, 0x7d, 0x7f, 0x80, 0x71, 0x5d, 0x5c, 0x4d,
  0x64, 0x7e, 0x85, 0xad, 0x9e, 0x9e, 0xa2, 0x8c, 0x9a, 0x95, 0x87, 0x89,
  0x6f, 0x63, 0x69, 0x69, 0x85, 0x9b, 0xa3, 0xaf, 0xa2, 0x91, 0x8b, 0x7a,
  0x76, 0x76, 0x6a, 0x6d, 0x6c, 0x70, 0x84, 0x89, 0x91, 0x8f, 0x80, 0x7b,
  0x72, 0x71, 0x75, 0x75, 0x76, 0x75, 0x74, 0x79, 0x7f, 0x83, 0x84, 0x6d,
  0x55, 0x58, 0x45, 0x6b, 0x86, 0x8c, 0xb6, 0x96, 0x9d, 0x99, 0x8a, 0x9d,
  0x94, 0x8a, 0x7c, 0x69, 0x57, 0x68, 0x6e, 0x8c, 0xa6, 0xa4, 0xad, 0x9a,
  0x8c, 0x88, 0x7d, 0x7c, 0x77, 0x69, 0x69, 0x69, 0x74, 0x89, 0x92, 0x96,
  0x8f, 0x7f, 0x78, 0x74, 0x73, 0x79, 0x76, 0x74, 0x72, 0x70, 0x79, 0x82,
  0x86, 0x82, 0x5f, 0x52, 0x50, 0x4b, 0x81, 0x89, 0x9f, 0xad, 0x8c, 0x97,
  0x8f, 0x94, 0xa1, 0x9a, 0x84, 0x74, 0x5a, 0x57, 0x6e, 0x7c, 0xa0, 0xaa,
  0xa4, 0xa0, 0x8e, 0x8a, 0x8b, 0x83, 0x7e, 0x70, 0x60, 0x5e, 0x67, 0x7b,
  0x91, 0x98, 0x94, 0x88, 0x78, 0x79, 0x7b, 0x7e, 0x80, 0x72, 0x6c, 0x69,
  0x6e, 0x80, 0x8a, 0x8d, 0x7a, 0x51, 0x50, 0x49, 0x60, 0x95, 0x8f, 0xa8,
  0x96, 0x7e, 0x93, 0x94, 0xa6, 0xac, 0x95, 0x74, 0x61, 0x4f, 0x63, 0x80,
  0x8f, 0xa6, 0x9c, 0x93, 0x95, 0x90, 0x9b, 0x99, 0x87, 0x72, 0x5b, 0x51,
  0x5f, 0x75, 0x8a, 0x9a, 0x8d, 0x85, 0x7c, 0x7c, 0x8b, 0x88, 0x84, 0x74,
  0x62, 0x60, 0x6a, 0x7b, 0x8f, 0x8e, 0x81, 0x54, 0x4b, 0x57, 0x57, 0x9b,
  0x8e, 0x93, 0x93, 0x6e, 0x90, 0x9e, 0xae, 0xb2, 0x9f, 0x6e, 0x62, 0x5b,
  0x63, 0x8c, 0x8a, 0x91, 0x8d, 0x83, 0x95, 0xa3, 0xaa, 0xa6, 0x8d, 0x6b,
  0x5c, 0x56, 0x60, 0x79, 0x7c, 0x87, 0x81, 0x7c, 0x8a, 0x8d, 0x94, 0x8f,
  0x7c, 0x6e, 0x65, 0x5f, 0x6e, 0x75, 0x7d, 0x83, 0x7a, 0x64, 0x4e, 0x6b,
  0x5d, 0x8a, 0x99, 0x78, 0x97, 0x72, 0x8c, 0xa4, 0xac, 0xab, 0x9e, 0x7b,
  0x65, 0x76, 0x67, 0x86, 0x82, 0x75, 0x82, 0x83, 0x93, 0xaf, 0xab, 0x9e,
  0x8d, 0x71, 0x69, 0x6e, 0x67, 0x70, 0x72, 0x6d, 0x83, 0x85, 0x92, 0x98,
  0x8f, 0x8a, 0x80, 0x74, 0x72, 0x6b, 0x65, 0x6d, 0x6c, 0x76, 0x75, 0x61,
  0x51, 0x6d, 0x65, 0x8d, 0xa1, 0x7a, 0x93, 0x75, 0x86, 0xa4, 0xaa, 0xa3,
  0x99, 0x7e, 0x6b, 0x85, 0x76, 0x88, 0x85, 0x70, 0x7a, 0x86, 0x92, 0xaa,
  0xa5, 0x8d, 0x88, 0x75, 0x72, 0x7c, 0x6d, 0x68, 0x6c, 0x67, 0x81, 0x8e,
  0x91, 0x94, 0x89, 0x84, 0x87, 0x7e, 0x7b, 0x71, 0x61, 0x66, 0x6d, 0x73,
  0x71, 0x55, 0x4a, 0x6d, 0x6c, 0xa1, 0x9e, 0x80, 0x87, 0x72, 0x8e, 0xa3,
  0xac, 0x92, 0x8a, 0x71, 0x75, 0x91, 0x87, 0x8b, 0x79, 0x6e, 0x79, 0x94,
  0x9b, 0xa2, 0x94, 0x7b, 0x80, 0x82, 0x80, 0x84, 0x69, 0x5e, 0x68, 0x73,
  0x8b, 0x94, 0x85, 0x83, 0x84, 0x89, 0x96, 0x88, 0x79, 0x6a, 0x62, 0x6a,
  0x76, 0x6f, 0x59, 0x3a, 0x58, 0x6d, 0x8d, 0xb3, 0x82, 0x86, 0x7e, 0x89,
  0xac, 0xaa, 0x90, 0x7c, 0x73, 0x74, 0x98, 0x94, 0x87, 0x78, 0x6b, 0x7a,
  0x96, 0x9c, 0x93, 0x86, 0x75, 0x7f, 0x91, 0x8f, 0x87, 0x6e, 0x60, 0x6e,
  0x7d, 0x8a, 0x87, 0x7a, 0x77, 0x83, 0x92, 0x97, 0x8b, 0x7b, 0x70, 0x71,
  0x79, 0x78, 0x6c, 0x52, 0x36, 0x4f, 0x6d, 0x80, 0x9d, 0x83, 0x7a, 0x8f,
  0x9c, 0xac, 0xae, 0x84, 0x72, 0x7a, 0x7b, 0x93, 0x90, 0x73, 0x6f, 0x79,
  0x88, 0xa2, 0x9d, 0x87, 0x80, 0x80, 0x89, 0x9a, 0x8f, 0x79, 0x6f, 0x6a,
  0x79, 0x86, 0x81, 0x78, 0x73, 0x76, 0x8a, 0x94, 0x91, 0x89, 0x7e, 0x7d,
  0x83, 0x81, 0x7a, 0x69, 0x52, 0x40, 0x44, 0x66, 0x6a, 0x7b, 0x80, 0x6e,
  0x8e, 0xa3, 0xa3, 0xb0, 0x9a, 0x80, 0x93, 0x8b, 0x8a, 0x8e, 0x70, 0x6f,
  0x7c, 0x80, 0x8c, 0x8c, 0x7b, 0x7b, 0x83, 0x85, 0x91, 0x8d, 0x82, 0x83,
  0x85, 0x86, 0x8c, 0x7f, 0x75, 0x73, 0x70, 0x79, 0x7d, 0x7b, 0x7a, 0x7f,
  0x80, 0x85, 0x87, 0x7d, 0x78, 0x70, 0x66, 0x5d, 0x65, 0x6e, 0x6a, 0x7c,
  0x75, 0x74, 0x8a, 0x88, 0x8b, 0x94, 0x8a, 0x86, 0x94, 0x87, 0x8c, 0x91,
  0x86, 0x90, 0x92, 0x8f, 0x8f, 0x8e, 0x7f, 0x7c, 0x7c, 0x73, 0x7a, 0x7d,
  0x7a, 0x81, 0x83, 0x80, 0x86, 0x81, 0x7b, 0x7e, 0x75, 0x74, 0x7d, 0x78,
  0x7c, 0x81, 0x7e, 0x85, 0x87, 0x83, 0x84, 0x7d, 0x76, 0x74, 0x6c, 0x6e,
  0x73, 0x6d, 0x78, 0x71, 0x6d, 0x7c, 0x77, 0x7d, 0x85, 0x7d, 0x7d, 0x87,
  0x82, 0x8d, 0x92, 0x8f, 0x96, 0x9b, 0x9a, 0x9a, 0x96, 0x87, 0x86, 0x82,
  0x7f, 0x84, 0x83, 0x7d, 0x82, 0x7d, 0x7a, 0x7d, 0x77, 0x76, 0x74, 0x72,
  0x73, 0x78, 0x78, 0x7b, 0x80, 0x83, 0x84, 0x89, 0x84, 0x7f, 0x7e, 0x71,
  0x6b, 0x70, 0x6d, 0x6c, 0x7b, 0x6c, 0x70, 0x7d, 0x73, 0x80, 0x86, 0x7b,
  0x7f, 0x8a, 0x80, 0x8f, 0x91, 0x8b, 0x96, 0x9a, 0x9a, 0x9b, 0x99, 0x8a,
  0x8a, 0x84, 0x82, 0x84, 0x84, 0x7f, 0x80, 0x80, 0x7b, 0x7c, 0x79, 0x71,
  0x71, 0x71, 0x6e, 0x76, 0x75, 0x75, 0x7e, 0x7f, 0x83, 0x8b, 0x87, 0x83,
  0x84, 0x78, 0x74, 0x70, 0x71, 0x6d, 0x71, 0x78, 0x68, 0x7b, 0x78, 0x77,
  0x83, 0x80, 0x7b, 0x83, 0x88, 0x81, 0x92, 0x8d, 0x90, 0x93, 0x9b, 0x96,
  0x96, 0x94, 0x85, 0x85, 0x85, 0x84, 0x80, 0x87, 0x7d, 0x80, 0x83, 0x7b,
  0x7a, 0x77, 0x6e, 0x73, 0x73, 0x70, 0x76, 0x76, 0x77, 0x81, 0x80, 0x82,
  0x86, 0x80, 0x82, 0x83, 0x7a, 0x77, 0x70, 0x71, 0x74, 0x73, 0x82, 0x6a,
  0x7b, 0x7a, 0x74, 0x85, 0x7e, 0x76, 0x7e, 0x85, 0x7e, 0x96, 0x8f, 0x8f,
  0x96, 0x9a, 0x91, 0x97, 0x92, 0x84, 0x8d, 0x88, 0x85, 0x85, 0x86, 0x79,
  0x82, 0x7d, 0x75, 0x75, 0x71, 0x69, 0x71, 0x71, 0x70, 0x7a, 0x79, 0x7c,
  0x83, 0x82, 0x84, 0x87, 0x83, 0x83, 0x7f, 0x7b, 0x75, 0x6f, 0x75, 0x75,
  0x6e, 0x83, 0x6a, 0x77, 0x84, 0x73, 0x83, 0x80, 0x75, 0x7a, 0x8d, 0x7f,
  0x94, 0x94, 0x8d, 0x96, 0x9a, 0x91, 0x91, 0x96, 0x85, 0x90, 0x8b, 0x86,
  0x84, 0x82, 0x7c, 0x7e, 0x79, 0x76, 0x6f, 0x6d, 0x6f, 0x6f, 0x73, 0x76,
  0x77, 0x79, 0x83, 0x81, 0x87, 0x86, 0x82, 0x83, 0x81, 0x7b, 0x7c, 0x76,
  0x72, 0x77, 0x75, 0x6f, 0x7d, 0x6e, 0x73, 0x84, 0x75, 0x7f, 0x7d, 0x76,
  0x77, 0x8e, 0x86, 0x91, 0x99, 0x8e, 0x93, 0x98, 0x94, 0x90, 0x95, 0x88,
  0x8d, 0x8b, 0x8b, 0x83, 0x82, 0x7e, 0x79, 0x78, 0x73, 0x6e, 0x6c, 0x72,
  0x70, 0x73, 0x76, 0x76, 0x79, 0x83, 0x82, 0x85, 0x84, 0x81, 0x7d, 0x80,
  0x7c, 0x7d, 0x7e, 0x77, 0x72, 0x7c, 0x6d, 0x75, 0x81, 0x67, 0x81, 0x79,
  0x72, 0x7b, 0x7e, 0x75, 0x87, 0x92, 0x88, 0x9b, 0x93, 0x90, 0x95, 0x99,
  0x8c, 0x95, 0x8d, 0x88, 0x90, 0x89, 0x86, 0x81, 0x7d, 0x77, 0x79, 0x72,
  0x75, 0x72, 0x72, 0x75, 0x74, 0x72, 0x79, 0x7a, 0x7e, 0x85, 0x81, 0x7c,
  0x7d, 0x7d, 0x7c, 0x85, 0x81, 0x81, 0x7a, 0x74, 0x74, 0x7d, 0x73, 0x7f,
  0x7c, 0x67, 0x7d, 0x72, 0x72, 0x7d, 0x7f, 0x79, 0x8e, 0x91, 0x8c, 0x97,
  0x90, 0x90, 0x90, 0x99, 0x8b, 0x91, 0x8f, 0x8a, 0x8e, 0x8a, 0x84, 0x7b,
  0x7a, 0x76, 0x78, 0x76, 0x76, 0x72, 0x71, 0x73, 0x77, 0x75, 0x7c, 0x7d,
  0x7a, 0x7f, 0x7a, 0x79, 0x80, 0x82, 0x81, 0x85, 0x7f, 0x7f, 0x7d, 0x78,
  0x79, 0x80, 0x73, 0x7d, 0x7a, 0x65, 0x79, 0x72, 0x74, 0x7e, 0x87, 0x7c,
  0x8c, 0x94, 0x88, 0x93, 0x90, 0x8c, 0x8b, 0x98, 0x8b, 0x90, 0x92, 0x8b,
  0x89, 0x85, 0x7e, 0x7b, 0x7c, 0x7a, 0x7d, 0x74, 0x74, 0x73, 0x75, 0x78,
  0x7e, 0x77, 0x76, 0x79, 0x74, 0x79, 0x7d, 0x7c, 0x7e, 0x84, 0x7f, 0x83,
  0x84, 0x82, 0x85, 0x80, 0x7b, 0x82, 0x73, 0x75, 0x7a, 0x63, 0x74, 0x78,
  0x74, 0x7d, 0x88, 0x7c, 0x85, 0x94, 0x84, 0x8d, 0x8d, 0x8b, 0x8c, 0x9a,
  0x93, 0x90, 0x92, 0x87, 0x89, 0x88, 0x84, 0x81, 0x7d, 0x78, 0x79, 0x77,
  0x74, 0x77, 0x79, 0x73, 0x77, 0x76, 0x6d, 0x76, 0x7a, 0x78, 0x7f, 0x80,
  0x7b, 0x81, 0x88, 0x83, 0x87, 0x8b, 0x81, 0x82, 0x7a, 0x7d, 0x6d, 0x74,
  0x79, 0x62, 0x7b, 0x79, 0x7a, 0x7e, 0x86, 0x7b, 0x81, 0x8e, 0x7f, 0x89,
  0x89, 0x8d, 0x8e, 0x98, 0x8d, 0x8e, 0x8e, 0x8a, 0x91, 0x89, 0x86, 0x7f,
  0x7c, 0x7a, 0x7f, 0x7c, 0x77, 0x76, 0x75, 0x6f, 0x73, 0x73, 0x6d, 0x74,
  0x7b, 0x77, 0x7f, 0x83, 0x7e, 0x85, 0x87, 0x89, 0x8a, 0x8d, 0x83, 0x7a,
  0x74, 0x7a, 0x6e, 0x76, 0x7d, 0x64, 0x7d, 0x7c, 0x7a, 0x80, 0x81, 0x74,
  0x7a, 0x8a, 0x80, 0x8e, 0x8c, 0x8c, 0x8b, 0x95, 0x8f, 0x90, 0x93, 0x8c,
  0x8e, 0x88, 0x85, 0x81, 0x81, 0x7d, 0x7e, 0x7c, 0x74, 0x76, 0x73, 0x69,
  0x6f, 0x6e, 0x6d, 0x78, 0x7c, 0x79, 0x7f, 0x83, 0x80, 0x8b, 0x8b, 0x89,
  0x88, 0x86, 0x80, 0x7b, 0x77, 0x7c, 0x70, 0x78, 0x82, 0x6c, 0x81, 0x7d,
  0x73, 0x77, 0x7b, 0x74, 0x7d, 0x8c, 0x81, 0x8a, 0x8a, 0x8c, 0x8d, 0x96,
  0x90, 0x8f, 0x92, 0x8c, 0x90, 0x89, 0x84, 0x84, 0x7f, 0x7f, 0x7f, 0x79,
  0x6f, 0x70, 0x6e, 0x69, 0x73, 0x72, 0x71, 0x78, 0x7d, 0x7b, 0x80, 0x86,
  0x83, 0x88, 0x89, 0x86, 0x84, 0x84, 0x7f, 0x76, 0x78, 0x80, 0x74, 0x82,
  0x7e, 0x6b, 0x7c, 0x74, 0x71, 0x78, 0x7b, 0x73, 0x81, 0x88, 0x81, 0x8a,
  0x8b, 0x8c, 0x8f, 0x97, 0x90, 0x92, 0x90, 0x8f, 0x8e, 0x8a, 0x86, 0x84,
  0x82, 0x7c, 0x7c, 0x73, 0x6f, 0x6e, 0x73, 0x6e, 0x74, 0x77, 0x72, 0x7a,
  0x7f, 0x7e, 0x83, 0x86, 0x84, 0x86, 0x87, 0x83, 0x82, 0x82, 0x7f, 0x77,
  0x7c, 0x86, 0x6e, 0x84, 0x75, 0x63, 0x7e, 0x73, 0x73, 0x7a, 0x7e, 0x6f,
  0x85, 0x87, 0x81, 0x8c, 0x89, 0x8c, 0x8f, 0x9a, 0x8f, 0x94, 0x8f, 0x8f,
  0x91, 0x8b, 0x89, 0x81, 0x7f, 0x77, 0x7a, 0x74, 0x71, 0x73, 0x71, 0x71,
  0x74, 0x78, 0x75, 0x7d, 0x80, 0x7b, 0x83, 0x85, 0x83, 0x84, 0x84, 0x7e,
  0x81, 0x87, 0x83, 0x7d, 0x81, 0x7c, 0x69, 0x84, 0x6e, 0x6a, 0x81, 0x70,
  0x74, 0x7a, 0x7d, 0x71, 0x8a, 0x85, 0x80, 0x8e, 0x8b, 0x8f, 0x91, 0x98,
  0x8e, 0x96, 0x92, 0x91, 0x8e, 0x84, 0x83, 0x7f, 0x7d, 0x7b, 0x78, 0x70,
  0x70, 0x76, 0x75, 0x75, 0x7b, 0x71, 0x73, 0x7e, 0x7d, 0x81, 0x84, 0x7e,
  0x7d, 0x81, 0x84, 0x86, 0x8b, 0x8b, 0x80, 0x79, 0x80, 0x77, 0x70, 0x86,
  0x67, 0x70, 0x7f, 0x6c, 0x75, 0x7a, 0x76, 0x74, 0x8b, 0x83, 0x85, 0x8a,
  0x8a, 0x8e, 0x97, 0x9c, 0x92, 0x94, 0x8d, 0x8e, 0x8b, 0x88, 0x84, 0x7f,
  0x77, 0x79, 0x78, 0x75, 0x79, 0x79, 0x73, 0x73, 0x79, 0x73, 0x7b, 0x81,
  0x7b, 0x7b, 0x80, 0x7b, 0x81, 0x86, 0x86, 0x87, 0x88, 0x85, 0x7c, 0x76,
  0x83, 0x6f, 0x79, 0x86, 0x61, 0x79, 0x76, 0x6b, 0x75, 0x7e, 0x73, 0x79,
  0x88, 0x7b, 0x87, 0x8c, 0x92, 0x91, 0x9c, 0x93, 0x91, 0x94, 0x8e, 0x94,
  0x88, 0x84, 0x81, 0x7c, 0x7c, 0x80, 0x79, 0x74, 0x75, 0x76, 0x72, 0x77,
  0x7a, 0x71, 0x7c, 0x7d, 0x78, 0x7e, 0x80, 0x80, 0x84, 0x8a, 0x87, 0x86,
  0x86, 0x81, 0x77, 0x7c, 0x85, 0x6e, 0x83, 0x77, 0x60, 0x7b, 0x71, 0x6f,
  0x77, 0x7a, 0x6b, 0x7f, 0x84, 0x7f, 0x8d, 0x8c, 0x92, 0x91, 0x9a, 0x93,
  0x91, 0x8e, 0x8e, 0x8c, 0x87, 0x88, 0x81, 0x7f, 0x7d, 0x7f, 0x77, 0x77,
  0x76, 0x75, 0x74, 0x78, 0x79, 0x74, 0x7b, 0x7a, 0x77, 0x7f, 0x82, 0x83,
  0x87, 0x87, 0x82, 0x83, 0x85, 0x81, 0x79, 0x83, 0x7f, 0x6d, 0x87, 0x69,
  0x68, 0x7e, 0x6b, 0x72, 0x77, 0x78, 0x6d, 0x87, 0x85, 0x83, 0x93, 0x8f,
  0x91, 0x93, 0x96, 0x8b, 0x91, 0x8d, 0x8f, 0x8c, 0x86, 0x85, 0x80, 0x7e,
  0x80, 0x7c, 0x74, 0x78, 0x79, 0x79, 0x78, 0x7a, 0x73, 0x73, 0x7b, 0x7a,
  0x7a, 0x7f, 0x7f, 0x7f, 0x85, 0x86, 0x83, 0x85, 0x86, 0x81, 0x7a, 0x84,
  0x7d, 0x6e, 0x85, 0x67, 0x6a, 0x7b, 0x6c, 0x70, 0x75, 0x79, 0x70, 0x8c,
  0x89, 0x87, 0x8f, 0x8f, 0x8e, 0x91, 0x99, 0x8c, 0x93, 0x8f, 0x91, 0x8e,
  0x87, 0x84, 0x80, 0x7d, 0x81, 0x7d, 0x76, 0x78, 0x76, 0x74, 0x73, 0x7a,
  0x70, 0x73, 0x7b, 0x76, 0x7a, 0x81, 0x7e, 0x7f, 0x86, 0x83, 0x85, 0x88,
  0x8a, 0x85, 0x78, 0x82, 0x7d, 0x6a, 0x87, 0x6a, 0x61, 0x7c, 0x6b, 0x6f,
  0x79, 0x7d, 0x6e, 0x8b, 0x88, 0x82, 0x8c, 0x89, 0x8e, 0x8f, 0x9d, 0x91,
  0x95, 0x92, 0x91, 0x8d, 0x89, 0x89, 0x82, 0x80, 0x7f, 0x7d, 0x74, 0x79,
  0x77, 0x74, 0x72, 0x75, 0x6e, 0x72, 0x7d, 0x79, 0x7a, 0x7e, 0x7f, 0x7f,
  0x8a, 0x88, 0x86, 0x88, 0x88, 0x84, 0x79, 0x7c, 0x80, 0x69, 0x7e, 0x74,
  0x5b, 0x7b, 0x72, 0x70, 0x79, 0x82, 0x6f, 0x80, 0x89, 0x7c, 0x8b, 0x8c,
  0x92, 0x91, 0x9e, 0x90, 0x94, 0x90, 0x91, 0x94, 0x87, 0x89, 0x7f, 0x7f,
  0x7e, 0x84, 0x76, 0x76, 0x77, 0x70, 0x73, 0x78, 0x75, 0x6f, 0x7b, 0x75,
  0x74, 0x7d, 0x80, 0x80, 0x88, 0x88, 0x82, 0x84, 0x88, 0x83, 0x7d, 0x7a,
  0x7e, 0x71, 0x75, 0x82, 0x60, 0x77, 0x7b, 0x70, 0x77, 0x7a, 0x70, 0x73,
  0x8c, 0x7f, 0x8c, 0x8b, 0x90, 0x8e, 0x99, 0x99, 0x92, 0x93, 0x8e, 0x91,
  0x84, 0x8c, 0x84, 0x84, 0x83, 0x81, 0x78, 0x74, 0x7a, 0x74, 0x77, 0x76,
  0x72, 0x6e, 0x73, 0x77, 0x78, 0x7d, 0x82, 0x7f, 0x82, 0x85, 0x83, 0x81,
  0x88, 0x84, 0x7e, 0x7a, 0x7b, 0x7c, 0x6f, 0x88, 0x6e, 0x6a, 0x7d, 0x6b,
  0x71, 0x74, 0x79, 0x6c, 0x8a, 0x86, 0x85, 0x90, 0x8f, 0x96, 0x96, 0x9d,
  0x8d, 0x8f, 0x89, 0x92, 0x8b, 0x8c, 0x8b, 0x7e, 0x80, 0x80, 0x80, 0x75,
  0x7d, 0x74, 0x6e, 0x73, 0x71, 0x6c, 0x75, 0x7b, 0x76, 0x7e, 0x81, 0x7d,
  0x81, 0x85, 0x82, 0x81, 0x87, 0x86, 0x81, 0x7e, 0x7b, 0x82, 0x70, 0x81,
  0x75, 0x5f, 0x7b, 0x6c, 0x72, 0x75, 0x7c, 0x6f, 0x81, 0x8f, 0x84, 0x94,
  0x90, 0x92, 0x8c, 0x9a, 0x8c, 0x8f, 0x8f, 0x8f, 0x8e, 0x88, 0x8d, 0x82,
  0x83, 0x81, 0x7f, 0x73, 0x79, 0x75, 0x6d, 0x73, 0x72, 0x6f, 0x76, 0x7d,
  0x78, 0x7c, 0x7f, 0x7c, 0x7f, 0x86, 0x82, 0x83, 0x85, 0x86, 0x84, 0x81,
  0x79, 0x82, 0x70, 0x76, 0x81, 0x5d, 0x7b, 0x72, 0x6e, 0x76, 0x7f, 0x78,
  0x7f, 0x95, 0x7f, 0x8f, 0x8a, 0x8f, 0x8a, 0x96, 0x8f, 0x8b, 0x92, 0x8f,
  0x95, 0x8a, 0x8f, 0x83, 0x82, 0x82, 0x81, 0x75, 0x76, 0x75, 0x6f, 0x74,
  0x75, 0x72, 0x70, 0x7d, 0x77, 0x78, 0x7f, 0x7e, 0x7c, 0x87, 0x84, 0x81,
  0x87, 0x87, 0x81, 0x82, 0x77, 0x7d, 0x77, 0x71, 0x85, 0x5d, 0x73, 0x76,
  0x6d, 0x7a, 0x7f, 0x78, 0x77, 0x91, 0x7d, 0x8c, 0x8a, 0x8c, 0x8c, 0x95,
  0x94, 0x8f, 0x95, 0x90, 0x96, 0x88, 0x8e, 0x83, 0x80, 0x83, 0x81, 0x76,
  0x78, 0x77, 0x70, 0x79, 0x77, 0x75, 0x74, 0x7a, 0x76, 0x76, 0x7d, 0x7e,
  0x7d, 0x85, 0x82, 0x7d, 0x83, 0x86, 0x81, 0x85, 0x79, 0x75, 0x80, 0x68,
  0x83, 0x6d, 0x68, 0x80, 0x70, 0x78, 0x7b, 0x7d, 0x6e, 0x8d, 0x82, 0x83,
  0x8f, 0x88, 0x8e, 0x92, 0x9a, 0x8d, 0x98, 0x8e, 0x92, 0x8d, 0x8c, 0x89,
  0x80, 0x81, 0x7e, 0x79, 0x75, 0x7d, 0x72, 0x76, 0x76, 0x70, 0x71, 0x79,
  0x77, 0x79, 0x7e, 0x7b, 0x7d, 0x80, 0x83, 0x80, 0x85, 0x85, 0x84, 0x80,
  0x7e, 0x6f, 0x80, 0x70, 0x77, 0x82, 0x60, 0x80, 0x73, 0x75, 0x78, 0x7d,
  0x71, 0x7c, 0x8d, 0x7a, 0x92, 0x87, 0x8f, 0x8c, 0x98, 0x8f, 0x90, 0x95,
  0x90, 0x93, 0x88, 0x8c, 0x7f, 0x85, 0x83, 0x82, 0x7a, 0x7b, 0x78, 0x73,
  0x77, 0x74, 0x73, 0x76, 0x79, 0x78, 0x79, 0x7b, 0x7c, 0x7e, 0x84, 0x80,
  0x80, 0x83, 0x82, 0x81, 0x80, 0x74, 0x78, 0x7f, 0x6f, 0x88, 0x70, 0x70,
  0x7f, 0x6d, 0x78, 0x76, 0x7c, 0x72, 0x8e, 0x80, 0x85, 0x88, 0x85, 0x8e,
  0x90, 0x9a, 0x8b, 0x96, 0x8c, 0x93, 0x8a, 0x8c, 0x87, 0x83, 0x87, 0x83,
  0x7c, 0x7a, 0x7a, 0x73, 0x78, 0x75, 0x76, 0x74, 0x7b, 0x79, 0x7b, 0x7b,
  0x7d, 0x7c, 0x81, 0x82, 0x7f, 0x83, 0x7f, 0x80, 0x7d, 0x7a, 0x73, 0x86,
  0x77, 0x7e, 0x81, 0x61, 0x7d, 0x71, 0x76, 0x7b, 0x7c, 0x72, 0x7c, 0x87,
  0x78, 0x8c, 0x82, 0x8f, 0x8e, 0x9a, 0x8f, 0x8f, 0x91, 0x8e, 0x93, 0x8b,
  0x8f, 0x82, 0x87, 0x84, 0x80, 0x7a, 0x7b, 0x75, 0x77, 0x7a, 0x77, 0x76,
  0x77, 0x79, 0x76, 0x7a, 0x7b, 0x7d, 0x7e, 0x82, 0x7d, 0x7e, 0x7d, 0x7e,
  0x81, 0x82, 0x7a, 0x7d, 0x83, 0x6e, 0x85, 0x6f, 0x6a, 0x81, 0x6f, 0x7a,
  0x75, 0x77, 0x6e, 0x87, 0x80, 0x86, 0x90, 0x86, 0x95, 0x8e, 0x99, 0x8d,
  0x93, 0x8e, 0x91, 0x8c, 0x8c, 0x8b, 0x83, 0x88, 0x81, 0x7d, 0x7b, 0x7d,
  0x79, 0x7d, 0x78, 0x75, 0x73, 0x76, 0x76, 0x79, 0x7a, 0x7a, 0x7c, 0x7c,
  0x7d, 0x7a, 0x7f, 0x81, 0x84, 0x87, 0x80, 0x75, 0x7c, 0x7e, 0x72, 0x88,
  0x6b, 0x6d, 0x7a, 0x6a, 0x79, 0x77, 0x79, 0x76, 0x8e, 0x80, 0x8c, 0x8c,
  0x89, 0x93, 0x8f, 0x96, 0x89, 0x92, 0x8a, 0x91, 0x8b, 0x8e, 0x88, 0x84,
  0x87, 0x80, 0x80, 0x7e, 0x7e, 0x77, 0x7a, 0x73, 0x73, 0x75, 0x77, 0x78,
  0x77, 0x75, 0x76, 0x77, 0x7d, 0x80, 0x7f, 0x83, 0x81, 0x82, 0x82, 0x80,
  0x79, 0x81, 0x7a, 0x73, 0x7f, 0x62, 0x74, 0x73, 0x70, 0x7e, 0x79, 0x7d,
  0x7d, 0x8e, 0x81, 0x90, 0x89, 0x8c, 0x8f, 0x8f, 0x91, 0x8c, 0x92, 0x8c,
  0x92, 0x89, 0x8e, 0x87, 0x88, 0x89, 0x82, 0x7d, 0x7d, 0x78, 0x78, 0x7c,
  0x75, 0x75, 0x73, 0x73, 0x72, 0x77, 0x76, 0x7a, 0x7d, 0x7f, 0x7e, 0x80,
  0x82, 0x80, 0x85, 0x85, 0x7d, 0x79, 0x7d, 0x70, 0x75, 0x7b, 0x62, 0x77,
  0x77, 0x78, 0x7a, 0x79, 0x7c, 0x7d, 0x8b, 0x83, 0x8f, 0x82, 0x94, 0x8f,
  0x91, 0x94, 0x8c, 0x90, 0x90, 0x98, 0x8b, 0x8e, 0x84, 0x85, 0x81, 0x7f,
  0x7b, 0x77, 0x79, 0x77, 0x74, 0x72, 0x77, 0x75, 0x7b, 0x7d, 0x7b, 0x7d,
  0x80, 0x7c, 0x7d, 0x7e, 0x81, 0x86, 0x88, 0x85, 0x7a, 0x6b, 0x55, 0x79,
  0x6a, 0x67, 0x71, 0x5f, 0x7b, 0x7d, 0x90, 0x73, 0x8e, 0x96, 0x97, 0xa3,
  0x96, 0x93, 0x90, 0xa7, 0x7c, 0x8b, 0x82, 0x7b, 0x83, 0x7e, 0x70, 0x6e,
  0x86, 0x74, 0x7d, 0x82, 0x82, 0x8a, 0x93, 0x83, 0x80, 0x90, 0x83, 0x86,
  0x84, 0x77, 0x7a, 0x7f, 0x72, 0x70, 0x7c, 0x76, 0x78, 0x80, 0x75, 0x7e,
  0x8b, 0x72, 0x5e, 0x53, 0x81, 0x6e, 0x6b, 0x74, 0x5f, 0x8f, 0x92, 0x92,
  0x7e, 0xa5, 0x9f, 0xa4, 0xa7, 0x86, 0x8e, 0x8a, 0x8c, 0x67, 0x7b, 0x6d,
  0x73, 0x80, 0x6f, 0x77, 0x87, 0x95, 0x88, 0x95, 0x8e, 0x8d, 0x94, 0x87,
  0x73, 0x78, 0x7a, 0x6c, 0x75, 0x6f, 0x70, 0x82, 0x7f, 0x7d, 0x88, 0x8d,
  0x85, 0x88, 0x7e, 0x7b, 0x81, 0x82, 0x72, 0x61, 0x3a, 0x5b, 0x87, 0x54,
  0x73, 0x6a, 0x81, 0xa2, 0xac, 0x8b, 0x99, 0xc2, 0x9b, 0xab, 0x8b, 0x7e,
  0x79, 0x8a, 0x5b, 0x5a, 0x75, 0x67, 0x83, 0x83, 0x85, 0x8d, 0xaf, 0x95,
  0x91, 0x98, 0x85, 0x85, 0x7b, 0x60, 0x5f, 0x6f, 0x64, 0x71, 0x7f, 0x7f,
  0x8f, 0x95, 0x88, 0x8e, 0x93, 0x82, 0x7c, 0x70, 0x67, 0x6e, 0x78, 0x6d,
  0x65, 0x49, 0x53, 0x92, 0x6b, 0x75, 0x77, 0x81, 0x9f, 0xa9, 0x95, 0x87,
  0xb8, 0x94, 0x9f, 0x88, 0x7b, 0x7b, 0x86, 0x70, 0x5f, 0x82, 0x71, 0x92,
  0x8a, 0x89, 0x8f, 0xa3, 0x96, 0x86, 0x8b, 0x6f, 0x77, 0x72, 0x65, 0x60,
  0x77, 0x76, 0x7c, 0x8d, 0x87, 0x93, 0x93, 0x86, 0x7d, 0x81, 0x74, 0x71,
  0x6c, 0x61, 0x70, 0x7d, 0x80, 0x79, 0x67, 0x4e, 0x90, 0x7c, 0x63, 0x7b,
  0x6d, 0x94, 0x9c, 0x9c, 0x7b, 0xae, 0xa4, 0x97, 0x9d, 0x77, 0x7f, 0x7f,
  0x82, 0x54, 0x7a, 0x76, 0x84, 0x99, 0x83, 0x8e, 0x9d, 0xa3, 0x83, 0x90,
  0x78, 0x74, 0x7f, 0x67, 0x62, 0x73, 0x77, 0x75, 0x87, 0x7c, 0x86, 0x90,
  0x84, 0x80, 0x82, 0x7b, 0x77, 0x7a, 0x69, 0x77, 0x80, 0x83, 0x7b, 0x6b,
  0x42, 0x6c, 0x92, 0x58, 0x7e, 0x6d, 0x82, 0xa0, 0xa3, 0x85, 0x94, 0xb3,
  0x88, 0xa3, 0x7a, 0x74, 0x7d, 0x83, 0x64, 0x71, 0x85, 0x79, 0xa1, 0x8d,
  0x8e, 0x9a, 0xa4, 0x87, 0x86, 0x7e, 0x68, 0x7b, 0x6a, 0x5e, 0x68, 0x78,
  0x75, 0x88, 0x87, 0x82, 0x98, 0x8b, 0x83, 0x83, 0x7f, 0x73, 0x7c, 0x6a,
  0x68, 0x78, 0x80, 0x82, 0x73, 0x58, 0x4b, 0xa2, 0x6d, 0x6d, 0x7d, 0x6d,
  0x9f, 0xa0, 0x95, 0x73, 0xb5, 0x8d, 0x99, 0x92, 0x6d, 0x84, 0x86, 0x7d,
  0x5d, 0x88, 0x73, 0x99, 0x99, 0x84, 0x95, 0x9f, 0x95, 0x7e, 0x88, 0x64,
  0x75, 0x74, 0x5c, 0x61, 0x73, 0x74, 0x7f, 0x8c, 0x7d, 0x94, 0x95, 0x87,
  0x86, 0x7f, 0x74, 0x77, 0x6d, 0x63, 0x77, 0x7c, 0x85, 0x7e, 0x6d, 0x43,
  0x87, 0x92, 0x5f, 0x87, 0x65, 0x85, 0x9e, 0x9a, 0x77, 0x9e, 0xaa, 0x8d,
  0xa9, 0x71, 0x7b, 0x85, 0x86, 0x60, 0x75, 0x7e, 0x7e, 0xa6, 0x86, 0x8d,
  0x9a, 0x9e, 0x82, 0x87, 0x6f, 0x66, 0x7c, 0x5f, 0x5e, 0x6b, 0x74, 0x7b,
  0x8f, 0x86, 0x8b, 0x9d, 0x87, 0x82, 0x81, 0x77, 0x73, 0x74, 0x61, 0x6e,
  0x7c, 0x86, 0x89, 0x7b, 0x54, 0x5e, 0xa4, 0x61, 0x71, 0x70, 0x6b, 0x9e,
  0x9e, 0x8b, 0x83, 0xbd, 0x91, 0xa8, 0x8a, 0x6a, 0x83, 0x85, 0x6e, 0x5c,
  0x82, 0x6f, 0x9d, 0x93, 0x82, 0x99, 0xa4, 0x91, 0x85, 0x81, 0x5f, 0x79,
  0x70, 0x59, 0x65, 0x72, 0x78, 0x8c, 0x8d, 0x81, 0x98, 0x90, 0x84, 0x85,
  0x78, 0x72, 0x78, 0x6a, 0x69, 0x7f, 0x83, 0x8e, 0x82, 0x6a, 0x41, 0x90,
  0x82, 0x58, 0x80, 0x5b, 0x8f, 0xa3, 0x9f, 0x77, 0xaf, 0xa2, 0x94, 0xa8,
  0x64, 0x7b, 0x7e, 0x80, 0x55, 0x7d, 0x72, 0x84, 0xa5, 0x7e, 0x93, 0x9e,
  0x9e, 0x7d, 0x86, 0x63, 0x6b, 0x7e, 0x5d, 0x62, 0x6f, 0x7b, 0x7f, 0x97,
  0x83, 0x90, 0x99, 0x84, 0x83, 0x7f, 0x77, 0x7a, 0x79, 0x65, 0x7a, 0x7f,
  0x8e, 0x82, 0x6c, 0x40, 0x7d, 0x91, 0x59, 0x82, 0x5f, 0x86, 0xa4, 0x9f,
  0x78, 0x9c, 0xa6, 0x90, 0xaa, 0x6c, 0x78, 0x82, 0x84, 0x5d, 0x75, 0x76,
  0x7e, 0xa6, 0x81, 0x88, 0x96, 0x9c, 0x83, 0x87, 0x6a, 0x68, 0x80, 0x64,
  0x61, 0x71, 0x7c, 0x81, 0x94, 0x80, 0x8d, 0x9e, 0x8c, 0x88, 0x81, 0x76,
  0x7e, 0x7b, 0x63, 0x73, 0x77, 0x88, 0x81, 0x6b, 0x3d, 0x79, 0x97, 0x5e,
  0x87, 0x61, 0x83, 0xa6, 0xa1, 0x77, 0x9a, 0xa7, 0x8e, 0xaa, 0x6b, 0x6f,
  0x81, 0x88, 0x5f, 0x74, 0x77, 0x7c, 0xa7, 0x85, 0x87, 0x99, 0x9d, 0x86,
  0x88, 0x6d, 0x69, 0x7e, 0x64, 0x5b, 0x6b, 0x78, 0x87, 0x98, 0x86, 0x92,
  0xa1, 0x8f, 0x8c, 0x7f, 0x72, 0x7a, 0x73, 0x5f, 0x6b, 0x74, 0x85, 0x83,
  0x70, 0x3e, 0x7f, 0x99, 0x61, 0x84, 0x62, 0x84, 0xa8, 0xa4, 0x73, 0x9b,
  0xa5, 0x90, 0xac, 0x6a, 0x6e, 0x7d, 0x86, 0x59, 0x75, 0x70, 0x7a, 0xaa,
  0x81, 0x86, 0x97, 0xa1, 0x8a, 0x87, 0x69, 0x67, 0x7d, 0x68, 0x60, 0x6d,
  0x7b, 0x8b, 0x9c, 0x8a, 0x90, 0x9f, 0x8f, 0x87, 0x7b, 0x70, 0x73, 0x72,
  0x62, 0x6a, 0x7a, 0x83, 0x83, 0x6e, 0x43, 0x7c, 0x98, 0x69, 0x7f, 0x65,
  0x7f, 0xa5, 0xa5, 0x78, 0x97, 0xa5, 0x8d, 0xa8, 0x6d, 0x6b, 0x7e, 0x85,
  0x5d, 0x72, 0x72, 0x7e, 0xad, 0x85, 0x85, 0x94, 0x9e, 0x86, 0x85, 0x69,
  0x69, 0x83, 0x6e, 0x65, 0x6f, 0x7f, 0x86, 0x9d, 0x8a, 0x8e, 0x9c, 0x89,
  0x81, 0x7a, 0x70, 0x76, 0x7a, 0x60, 0x6a, 0x77, 0x81, 0x87, 0x74, 0x40,
  0x7a, 0x9a, 0x68, 0x82, 0x66, 0x7c, 0xa6, 0xa6, 0x73, 0x93, 0xa5, 0x8b,
  0xa5, 0x70, 0x68, 0x7d, 0x8a, 0x63, 0x74, 0x78, 0x79, 0xa9, 0x8a, 0x7b,
  0x90, 0x9e, 0x8a, 0x8a, 0x71, 0x67, 0x83, 0x78, 0x62, 0x75, 0x7d, 0x81,
  0x96, 0x82, 0x84, 0x9a, 0x8f, 0x81, 0x7f, 0x71, 0x74, 0x7b, 0x63, 0x66,
  0x76, 0x82, 0x85, 0x7e, 0x4d, 0x61, 0xa2, 0x6f, 0x7b, 0x6f, 0x6f, 0x9a,
  0xa7, 0x7f, 0x7b, 0xab, 0x8b, 0xa2, 0x84, 0x6b, 0x7b, 0x93, 0x71, 0x64,
  0x79, 0x6a, 0x9a, 0x92, 0x7f, 0x85, 0x9f, 0x90, 0x8d, 0x82, 0x6d, 0x85,
  0x81, 0x6c, 0x67, 0x77, 0x76, 0x8b, 0x85, 0x7e, 0x92, 0x94, 0x89, 0x81,
  0x7b, 0x74, 0x7f, 0x70, 0x66, 0x73, 0x7d, 0x82, 0x7e, 0x66, 0x45, 0x90,
  0x85, 0x69, 0x7d, 0x6a, 0x88, 0xa2, 0x9a, 0x6b, 0xa2, 0x9c, 0x99, 0x9f,
  0x76, 0x71, 0x85, 0x86, 0x57, 0x77, 0x6a, 0x7f, 0x98, 0x89, 0x7e, 0x99,
  0xa3, 0x8d, 0x95, 0x7a, 0x78, 0x83, 0x78, 0x5d, 0x6f, 0x71, 0x78, 0x8a,
  0x81, 0x84, 0x96, 0x92, 0x85, 0x89, 0x79, 0x7a, 0x7e, 0x6a, 0x6a, 0x76,
  0x7c, 0x7c, 0x75, 0x51, 0x57, 0x9a, 0x71, 0x73, 0x75, 0x71, 0x93, 0xa6,
  0x90, 0x7c, 0xae, 0x92, 0x9f, 0x8c, 0x73, 0x72, 0x86, 0x75, 0x5b, 0x79,
  0x6a, 0x89, 0x90, 0x86, 0x83, 0xa3, 0x9c, 0x8e, 0x8f, 0x76, 0x81, 0x85,
  0x75, 0x5f, 0x70, 0x72, 0x7b, 0x85, 0x7e, 0x83, 0x95, 0x8c, 0x83, 0x85,
  0x7d, 0x7f, 0x7b, 0x69, 0x6c, 0x77, 0x7d, 0x78, 0x6c, 0x50, 0x65, 0x97,
  0x6e, 0x79, 0x71, 0x81, 0x98, 0xa5, 0x88, 0x81, 0xa4, 0x90, 0x9f, 0x80,
  0x76, 0x73, 0x8c, 0x72, 0x69, 0x77, 0x71, 0x8d, 0x87, 0x80, 0x82, 0xa0,
  0x96, 0x95, 0x8b, 0x81, 0x8a, 0x86, 0x75, 0x67, 0x71, 0x70, 0x79, 0x7a,
  0x76, 0x7f, 0x8d, 0x85, 0x86, 0x83, 0x82, 0x85, 0x7a, 0x6f, 0x73, 0x7c,
  0x7d, 0x77, 0x6e, 0x58, 0x68, 0x90, 0x6e, 0x73, 0x6f, 0x7c, 0x8e, 0x9e,
  0x87, 0x80, 0xa0, 0x94, 0x9e, 0x89, 0x86, 0x79, 0x92, 0x7d, 0x69, 0x73,
  0x71, 0x7a, 0x7e, 0x80, 0x75, 0x93, 0x97, 0x92, 0x91, 0x8d, 0x89, 0x92,
  0x85, 0x6f, 0x72, 0x71, 0x74, 0x77, 0x71, 0x70, 0x81, 0x80, 0x7e, 0x80,
  0x82, 0x80, 0x81, 0x7b, 0x7b, 0x84, 0x87, 0x7e, 0x78, 0x6d, 0x63, 0x81,
  0x77, 0x6e, 0x6d, 0x73, 0x79, 0x88, 0x8c, 0x77, 0x92, 0x9a, 0x9c, 0x95,
  0x94, 0x82, 0x90, 0x91, 0x77, 0x79, 0x74, 0x79, 0x78, 0x83, 0x73, 0x7e,
  0x8f, 0x8c, 0x8b, 0x89, 0x87, 0x8c, 0x90, 0x7c, 0x76, 0x78, 0x7a, 0x78,
  0x78, 0x72, 0x75, 0x7a, 0x79, 0x79, 0x7c, 0x7b, 0x7c, 0x81, 0x7e, 0x83,
  0x83, 0x82, 0x83, 0x83, 0x78, 0x74, 0x80, 0x77, 0x76, 0x73, 0x71, 0x78,
  0x7a, 0x7f, 0x78, 0x7f, 0x85, 0x8c, 0x8c, 0x90, 0x88, 0x89, 0x93, 0x8b,
  0x8d, 0x85, 0x89, 0x85, 0x89, 0x86, 0x81, 0x86, 0x85, 0x82, 0x7b, 0x7d,
  0x76, 0x79, 0x78, 0x77, 0x76, 0x7a, 0x7e, 0x7a, 0x7e, 0x7b, 0x7f, 0x83,
  0x80, 0x7c, 0x7f, 0x7e, 0x81, 0x82, 0x7e, 0x82, 0x83, 0x81, 0x82, 0x82,
  0x7d, 0x7d, 0x78, 0x7a, 0x78, 0x71, 0x73, 0x73, 0x75, 0x75, 0x78, 0x76,
  0x7f, 0x86, 0x87, 0x8b, 0x8d, 0x8b, 0x8c, 0x95, 0x93, 0x93, 0x8f, 0x8c,
  0x89, 0x88, 0x84, 0x79, 0x7b, 0x7d, 0x7c, 0x79, 0x78, 0x76, 0x79, 0x7e,
  0x7c, 0x7d, 0x7f, 0x80, 0x81, 0x7d, 0x7b, 0x7d, 0x7f, 0x7f, 0x7c, 0x7b,
  0x80, 0x83, 0x80, 0x82, 0x7f, 0x7d, 0x80, 0x7f, 0x7c, 0x7f, 0x7c, 0x73,
  0x75, 0x75, 0x75, 0x77, 0x77, 0x72, 0x79, 0x78, 0x7c, 0x82, 0x82, 0x85,
  0x8a, 0x93, 0x8f, 0x91, 0x8d, 0x8c, 0x8f, 0x8f, 0x86, 0x84, 0x83, 0x7e,
  0x81, 0x7b, 0x79, 0x7a, 0x7e, 0x78, 0x7b, 0x7c, 0x7f, 0x85, 0x81, 0x7d,
  0x7f, 0x83, 0x82, 0x85, 0x7d, 0x7d, 0x80, 0x7c, 0x79, 0x7a, 0x7a, 0x7a,
  0x7e, 0x7b, 0x7c, 0x7c, 0x7e, 0x7e, 0x7e, 0x7a, 0x7b, 0x7b, 0x75, 0x79,
  0x78, 0x7f, 0x83, 0x84, 0x7b, 0x7e, 0x80, 0x82, 0x86, 0x80, 0x81, 0x84,
  0x8b, 0x83, 0x87, 0x86, 0x85, 0x89, 0x85, 0x7d, 0x7f, 0x85, 0x7f, 0x84,
  0x7e, 0x82, 0x89, 0x89, 0x85, 0x85, 0x87, 0x85, 0x86, 0x7b, 0x79, 0x79,
  0x7c, 0x78, 0x78, 0x77, 0x77, 0x7d, 0x7b, 0x7e, 0x7f, 0x7e, 0x7e, 0x7f,
  0x79, 0x7b, 0x7e, 0x7e, 0x86, 0x81, 0x81, 0x83, 0x85, 0x81, 0x7e, 0x7a,
  0x7a, 0x83, 0x7a, 0x79, 0x7a, 0x7d, 0x7b, 0x7d, 0x7c, 0x78, 0x81, 0x80,
  0x7e, 0x7e, 0x84, 0x81, 0x87, 0x85, 0x88, 0x8e, 0x8f, 0x8f, 0x89, 0x8b,
  0x86, 0x89, 0x80, 0x7f, 0x7d, 0x7b, 0x79, 0x77, 0x77, 0x77, 0x7f, 0x7a,
  0x7c, 0x7b, 0x7a, 0x7c, 0x80, 0x7e, 0x7a, 0x83, 0x80, 0x82, 0x84, 0x7f,
  0x7b, 0x84, 0x82, 0x7b, 0x81, 0x7f, 0x81, 0x81, 0x81, 0x7b, 0x7f, 0x7c,
  0x78, 0x81, 0x7b, 0x79, 0x78, 0x78, 0x75, 0x7b, 0x7b, 0x7c, 0x82, 0x81,
  0x8c, 0x87, 0x88, 0x8b, 0x8d, 0x89, 0x8b, 0x87, 0x7d, 0x84, 0x81, 0x7b,
  0x7b, 0x7f, 0x79, 0x80, 0x82, 0x7e, 0x82, 0x84, 0x84, 0x85, 0x87, 0x7f,
  0x80, 0x80, 0x7f, 0x7d, 0x7b, 0x7b, 0x7f, 0x81, 0x80, 0x7f, 0x7c, 0x7f,
  0x7e, 0x7e, 0x7c, 0x7f, 0x7b, 0x7e, 0x80, 0x7b, 0x7d, 0x7f, 0x7c, 0x7b,
  0x80, 0x79, 0x80, 0x7e, 0x78, 0x7f, 0x81, 0x7d, 0x7e, 0x81, 0x7d, 0x7f,
  0x7e, 0x7b, 0x7c, 0x81, 0x80, 0x7e, 0x7d, 0x83, 0x87, 0x89, 0x8b, 0x8a,
  0x8d, 0x8c, 0x90, 0x8a, 0x84, 0x82, 0x81, 0x80, 0x80, 0x82, 0x7c, 0x81,
  0x80, 0x7b, 0x7c, 0x7c, 0x7d, 0x7a, 0x7e, 0x79, 0x7b, 0x7a, 0x77, 0x7d,
  0x7c, 0x7f, 0x7e, 0x81, 0x80, 0x82, 0x81, 0x7d, 0x81, 0x80, 0x83, 0x81,
  0x80, 0x78, 0x7a, 0x82, 0x78, 0x76, 0x73, 0x72, 0x76, 0x77, 0x72, 0x78,
  0x7f, 0x80, 0x89, 0x88, 0x8a, 0x90, 0x8f, 0x88, 0x90, 0x8b, 0x86, 0x8c,
  0x88, 0x87, 0x8c, 0x86, 0x82, 0x8b, 0x82, 0x81, 0x81, 0x7f, 0x7d, 0x7d,
  0x75, 0x75, 0x78, 0x74, 0x7c, 0x7c, 0x80, 0x7c, 0x82, 0x7f, 0x81, 0x81,
  0x7c, 0x7f, 0x7d, 0x80, 0x7b, 0x7f, 0x78, 0x7d, 0x7d, 0x7a, 0x7b, 0x78,
  0x79, 0x75, 0x79, 0x75, 0x7c, 0x78, 0x77, 0x7d, 0x7e, 0x7a, 0x7e, 0x83,
  0x7c, 0x87, 0x87, 0x82, 0x89, 0x8c, 0x8a, 0x90, 0x8e, 0x89, 0x8e, 0x8e,
  0x88, 0x8a, 0x84, 0x7f, 0x83, 0x80, 0x7c, 0x7e, 0x7e, 0x7d, 0x83, 0x7f,
  0x77, 0x7e, 0x82, 0x7e, 0x80, 0x7c, 0x77, 0x80, 0x7e, 0x76, 0x7c, 0x7c,
  0x77, 0x7d, 0x79, 0x76, 0x7d, 0x7a, 0x77, 0x7a, 0x7a, 0x7a, 0x7f, 0x7a,
  0x7b, 0x7e, 0x81, 0x85, 0x7e, 0x7c, 0x7e, 0x85, 0x7d, 0x7a, 0x7e, 0x7d,
  0x81, 0x82, 0x84, 0x83, 0x8b, 0x8a, 0x8b, 0x87, 0x8a, 0x8f, 0x8c, 0x8a,
  0x87, 0x85, 0x81, 0x8a, 0x85, 0x7e, 0x82, 0x84, 0x7f, 0x81, 0x7e, 0x78,
  0x7c, 0x7a, 0x77, 0x7a, 0x7a, 0x76, 0x7c, 0x79, 0x79, 0x7e, 0x7b, 0x77,
  0x7a, 0x77, 0x79, 0x81, 0x7c, 0x7b, 0x82, 0x84, 0x83, 0x88, 0x80, 0x7f,
  0x81, 0x82, 0x7a, 0x77, 0x78, 0x7c, 0x7c, 0x73, 0x79, 0x7e, 0x83, 0x7b,
  0x87, 0x81, 0x85, 0x8d, 0x86, 0x89, 0x8a, 0x8f, 0x89, 0x90, 0x89, 0x8b,
  0x89, 0x87, 0x86, 0x81, 0x7f, 0x7e, 0x81, 0x74, 0x7c, 0x7c, 0x77, 0x78,
  0x78, 0x75, 0x77, 0x7c, 0x77, 0x78, 0x78, 0x7a, 0x81, 0x83, 0x7c, 0x81,
  0x85, 0x84, 0x83, 0x82, 0x82, 0x86, 0x84, 0x7e, 0x7d, 0x77, 0x7a, 0x82,
  0x75, 0x72, 0x7a, 0x7d, 0x71, 0x75, 0x7a, 0x7a, 0x7e, 0x7d, 0x83, 0x81,
  0x87, 0x8a, 0x93, 0x89, 0x90, 0x92, 0x8b, 0x91, 0x8a, 0x84, 0x84, 0x8c,
  0x7d, 0x7c, 0x7e, 0x7c, 0x78, 0x79, 0x74, 0x76, 0x7a, 0x77, 0x78, 0x78,
  0x7d, 0x80, 0x82, 0x7c, 0x81, 0x82, 0x86, 0x87, 0x85, 0x81, 0x85, 0x86,
  0x7d, 0x80, 0x7b, 0x7d, 0x7f, 0x7a, 0x70, 0x7c, 0x7a, 0x6e, 0x75, 0x75,
  0x76, 0x6f, 0x7c, 0x7a, 0x79, 0x7a, 0x86, 0x8c, 0x84, 0x8c, 0x8e, 0x90,
  0x8c, 0x94, 0x8a, 0x8b, 0x8d, 0x88, 0x81, 0x87, 0x81, 0x79, 0x80, 0x78,
  0x77, 0x79, 0x7f, 0x73, 0x72, 0x77, 0x7d, 0x7a, 0x7c, 0x82, 0x84, 0x84,
  0x8c, 0x8a, 0x81, 0x8a, 0x8b, 0x83, 0x82, 0x80, 0x7b, 0x82, 0x7a, 0x76,
  0x75, 0x77, 0x6d, 0x7e, 0x72, 0x67, 0x77, 0x79, 0x70, 0x6d, 0x80, 0x73,
  0x7e, 0x80, 0x8c, 0x82, 0x8b, 0x92, 0x8e, 0x8e, 0x8e, 0x94, 0x8b, 0x8d,
  0x86, 0x8a, 0x84, 0x88, 0x7b, 0x81, 0x7e, 0x76, 0x75, 0x77, 0x72, 0x70,
  0x7f, 0x7b, 0x76, 0x7f, 0x89, 0x85, 0x87, 0x86, 0x8a, 0x88, 0x8b, 0x86,
  0x81, 0x7b, 0x84, 0x7f, 0x79, 0x77, 0x79, 0x79, 0x75, 0x72, 0x78, 0x73,
  0x6c, 0x79, 0x72, 0x6b, 0x6d, 0x84, 0x74, 0x77, 0x82, 0x88, 0x80, 0x8e,
  0x91, 0x89, 0x91, 0x92, 0x93, 0x91, 0x93, 0x8a, 0x92, 0x85, 0x7f, 0x7f,
  0x83, 0x73, 0x75, 0x76, 0x72, 0x76, 0x76, 0x77, 0x77, 0x7b, 0x82, 0x8a,
  0x7f, 0x84, 0x8e, 0x88, 0x81, 0x87, 0x81, 0x80, 0x82, 0x80, 0x7a, 0x7a,
  0x81, 0x80, 0x7b, 0x6f, 0x7c, 0x7f, 0x6a, 0x75, 0x79, 0x6c, 0x6a, 0x82,
  0x75, 0x6e, 0x80, 0x80, 0x81, 0x81, 0x8e, 0x8c, 0x95, 0x8e, 0x97, 0x94,
  0x8e, 0x8f, 0x91, 0x86, 0x7f, 0x8a, 0x80, 0x78, 0x76, 0x7b, 0x77, 0x78,
  0x73, 0x7a, 0x79, 0x7a, 0x7f, 0x81, 0x77, 0x82, 0x89, 0x82, 0x7f, 0x82,
  0x85, 0x83, 0x84, 0x80, 0x82, 0x80, 0x86, 0x7f, 0x7a, 0x75, 0x7b, 0x82,
  0x6a, 0x71, 0x78, 0x6f, 0x6c, 0x78, 0x75, 0x6c, 0x7f, 0x80, 0x84, 0x7e,
  0x8c, 0x8e, 0x90, 0x8d, 0x94, 0x94, 0x8b, 0x92, 0x8e, 0x8d, 0x86, 0x8e,
  0x82, 0x7f, 0x7a, 0x81, 0x7d, 0x76, 0x75, 0x79, 0x77, 0x73, 0x7a, 0x78,
  0x79, 0x7d, 0x83, 0x7c, 0x7f, 0x86, 0x89, 0x81, 0x84, 0x83, 0x84, 0x85,
  0x87, 0x7e, 0x7d, 0x7c, 0x7d, 0x82, 0x69, 0x72, 0x76, 0x71, 0x69, 0x77,
  0x75, 0x6d, 0x7b, 0x82, 0x7e, 0x7d, 0x93, 0x89, 0x8b, 0x8c, 0x94, 0x92,
  0x90, 0x8f, 0x91, 0x8d, 0x88, 0x91, 0x85, 0x7e, 0x7f, 0x86, 0x75, 0x76,
  0x78, 0x76, 0x71, 0x74, 0x74, 0x78, 0x7a, 0x7c, 0x80, 0x7a, 0x83, 0x86,
  0x85, 0x7c, 0x84, 0x84, 0x86, 0x88, 0x87, 0x7d, 0x7f, 0x7b, 0x81, 0x79,
  0x6a, 0x7b, 0x75, 0x6d, 0x69, 0x7c, 0x6c, 0x74, 0x81, 0x7d, 0x79, 0x89,
  0x90, 0x85, 0x8e, 0x8c, 0x97, 0x8f, 0x92, 0x91, 0x93, 0x8b, 0x8f, 0x8e,
  0x80, 0x7f, 0x83, 0x7b, 0x72, 0x76, 0x74, 0x73, 0x70, 0x73, 0x73, 0x79,
  0x79, 0x80, 0x78, 0x7a, 0x81, 0x86, 0x80, 0x84, 0x87, 0x84, 0x87, 0x88,
  0x83, 0x80, 0x7f, 0x7f, 0x83, 0x69, 0x79, 0x78, 0x70, 0x69, 0x79, 0x72,
  0x6e, 0x80, 0x7a, 0x7b, 0x7e, 0x91, 0x87, 0x8d, 0x8c, 0x98, 0x93, 0x90,
  0x94, 0x94, 0x8e, 0x8c, 0x8f, 0x80, 0x7e, 0x82, 0x7e, 0x71, 0x76, 0x73,
  0x75, 0x73, 0x75, 0x72, 0x76, 0x76, 0x7d, 0x7a, 0x79, 0x81, 0x83, 0x80,
  0x81, 0x86, 0x82, 0x88, 0x88, 0x84, 0x7f, 0x80, 0x7c, 0x87, 0x6b, 0x77,
  0x7d, 0x6f, 0x6c, 0x77, 0x77, 0x68, 0x80, 0x79, 0x7e, 0x7f, 0x93, 0x88,
  0x8d, 0x91, 0x98, 0x98, 0x8e, 0x95, 0x8d, 0x8f, 0x8a, 0x8f, 0x7e, 0x7e,
  0x80, 0x80, 0x75, 0x78, 0x77, 0x77, 0x71, 0x75, 0x76, 0x73, 0x7b, 0x7c,
  0x79, 0x76, 0x82, 0x7f, 0x80, 0x7e, 0x84, 0x7f, 0x85, 0x87, 0x84, 0x7e,
  0x80, 0x7d, 0x86, 0x73, 0x74, 0x7f, 0x6b, 0x6c, 0x71, 0x78, 0x66, 0x80,
  0x7b, 0x7c, 0x82, 0x92, 0x90, 0x8d, 0x95, 0x94, 0x99, 0x8b, 0x95, 0x8c,
  0x8c, 0x89, 0x8e, 0x81, 0x80, 0x85, 0x83, 0x77, 0x77, 0x79, 0x76, 0x74,
  0x74, 0x77, 0x71, 0x79, 0x7b, 0x7a, 0x77, 0x83, 0x81, 0x7f, 0x81, 0x84,
  0x7f, 0x83, 0x85, 0x80, 0x81, 0x7e, 0x78, 0x88, 0x6d, 0x73, 0x7e, 0x68,
  0x6c, 0x74, 0x78, 0x68, 0x84, 0x7b, 0x83, 0x85, 0x94, 0x8f, 0x8e, 0x93,
  0x95, 0x95, 0x88, 0x94, 0x88, 0x8b, 0x8b, 0x8f, 0x7f, 0x82, 0x83, 0x82,
  0x79, 0x79, 0x7b, 0x76, 0x75, 0x77, 0x77, 0x71, 0x7d, 0x7b, 0x78, 0x7a,
  0x83, 0x80, 0x7f, 0x80, 0x7e, 0x7c, 0x82, 0x85, 0x7f, 0x7d, 0x79, 0x7f,
  0x7d, 0x67, 0x83, 0x76, 0x69, 0x73, 0x7b, 0x71, 0x75, 0x85, 0x79, 0x83,
  0x85, 0x96, 0x87, 0x8c, 0x8d, 0x97, 0x8c, 0x8f, 0x94, 0x85, 0x8c, 0x8e,
  0x8e, 0x7d, 0x87, 0x83, 0x82, 0x7c, 0x7e, 0x7b, 0x74, 0x79, 0x7a, 0x72,
  0x73, 0x7f, 0x7b, 0x78, 0x7d, 0x7c, 0x7c, 0x81, 0x7e, 0x7d, 0x7d, 0x83,
  0x83, 0x80, 0x78, 0x7d, 0x86, 0x6b, 0x7a, 0x80, 0x6c, 0x71, 0x7a, 0x73,
  0x6a, 0x84, 0x79, 0x7d, 0x7d, 0x8b, 0x8a, 0x8b, 0x8e, 0x91, 0x92, 0x8a,
  0x9c, 0x8c, 0x88, 0x87, 0x94, 0x82, 0x84, 0x87, 0x81, 0x80, 0x7f, 0x80,
  0x75, 0x77, 0x7a, 0x7a, 0x70, 0x7a, 0x7b, 0x77, 0x78, 0x7e, 0x78, 0x7c,
  0x83, 0x7c, 0x7e, 0x81, 0x84, 0x7e, 0x7e, 0x78, 0x86, 0x74, 0x75, 0x83,
  0x6d, 0x74, 0x77, 0x79, 0x67, 0x7d, 0x7a, 0x7c, 0x7e, 0x82, 0x8c, 0x86,
  0x95, 0x90, 0x94, 0x87, 0x9b, 0x90, 0x88, 0x88, 0x8b, 0x85, 0x83, 0x88,
  0x7d, 0x7f, 0x7c, 0x83, 0x79, 0x7a, 0x79, 0x7d, 0x75, 0x78, 0x7a, 0x77,
  0x7a, 0x7f, 0x7a, 0x7a, 0x84, 0x7f, 0x7d, 0x7f, 0x82, 0x7b, 0x7f, 0x7c,
  0x82, 0x6d, 0x7f, 0x80, 0x6c, 0x73, 0x7a, 0x78, 0x6a, 0x80, 0x75, 0x7b,
  0x7d, 0x8a, 0x85, 0x85, 0x91, 0x95, 0x94, 0x89, 0x9a, 0x8c, 0x8f, 0x8c,
  0x8d, 0x80, 0x82, 0x89, 0x80, 0x79, 0x7c, 0x81, 0x77, 0x7a, 0x7a, 0x78,
  0x75, 0x7e, 0x79, 0x79, 0x7d, 0x81, 0x7c, 0x7f, 0x7f, 0x80, 0x7e, 0x7e,
  0x7d, 0x78, 0x75, 0x84, 0x7c, 0x65, 0x87, 0x78, 0x71, 0x77, 0x80, 0x6d,
  0x78, 0x84, 0x75, 0x7e, 0x7c, 0x8f, 0x82, 0x8b, 0x8b, 0x96, 0x8c, 0x92,
  0x9b, 0x89, 0x8c, 0x91, 0x8e, 0x7a, 0x87, 0x82, 0x7e, 0x7c, 0x7d, 0x76,
  0x76, 0x78, 0x78, 0x77, 0x76, 0x7f, 0x7e, 0x78, 0x80, 0x86, 0x7f, 0x84,
  0x84, 0x7e, 0x7e, 0x85, 0x78, 0x73, 0x76, 0x7e, 0x66, 0x7b, 0x79, 0x6a,
  0x77, 0x7b, 0x7a, 0x6f, 0x85, 0x79, 0x84, 0x7c, 0x8c, 0x87, 0x87, 0x90,
  0x91, 0x8d, 0x88, 0x9f, 0x8b, 0x8f, 0x8c, 0x8f, 0x83, 0x87, 0x87, 0x7c,
  0x7a, 0x7b, 0x7c, 0x72, 0x75, 0x78, 0x76, 0x73, 0x7b, 0x7c, 0x7c, 0x81,
  0x84, 0x81, 0x84, 0x85, 0x86, 0x80, 0x85, 0x7d, 0x79, 0x78, 0x7f, 0x68,
  0x72, 0x7e, 0x68, 0x74, 0x74, 0x79, 0x6b, 0x81, 0x7a, 0x80, 0x7f, 0x89,
  0x8b, 0x85, 0x8f, 0x8e, 0x95, 0x87, 0x9a, 0x8d, 0x8c, 0x8d, 0x93, 0x85,
  0x85, 0x8b, 0x80, 0x7c, 0x7a, 0x7c, 0x73, 0x78, 0x73, 0x73, 0x70, 0x76,
  0x79, 0x78, 0x7c, 0x81, 0x81, 0x80, 0x85, 0x87, 0x82, 0x88, 0x84, 0x78,
  0x7c, 0x86, 0x68, 0x79, 0x80, 0x68, 0x74, 0x77, 0x75, 0x69, 0x84, 0x76,
  0x81, 0x7d, 0x88, 0x8a, 0x87, 0x90, 0x8f, 0x95, 0x84, 0x9a, 0x8c, 0x8a,
  0x8a, 0x92, 0x85, 0x87, 0x8b, 0x7f, 0x7f, 0x81, 0x80, 0x77, 0x79, 0x75,
  0x77, 0x71, 0x76, 0x78, 0x76, 0x75, 0x80, 0x7b, 0x7c, 0x82, 0x82, 0x7e,
  0x84, 0x82, 0x75, 0x81, 0x80, 0x6e, 0x81, 0x7d, 0x6c, 0x79, 0x78, 0x73,
  0x74, 0x81, 0x75, 0x83, 0x7e, 0x87, 0x88, 0x89, 0x90, 0x93, 0x90, 0x86,
  0x97, 0x89, 0x8d, 0x8c, 0x8d, 0x82, 0x86, 0x88, 0x80, 0x7f, 0x7e, 0x7d,
  0x78, 0x78, 0x76, 0x77, 0x73, 0x7a, 0x7b, 0x76, 0x7c, 0x80, 0x79, 0x7e,
  0x83, 0x7e, 0x7f, 0x82, 0x78, 0x75, 0x86, 0x76, 0x6d, 0x86, 0x70, 0x73,
  0x79, 0x77, 0x72, 0x7a, 0x7f, 0x79, 0x84, 0x7d, 0x8f, 0x86, 0x8e, 0x8d,
  0x92, 0x8c, 0x92, 0x96, 0x86, 0x8f, 0x8b, 0x8d, 0x83, 0x8a, 0x81, 0x7f,
  0x7f, 0x7e, 0x78, 0x75, 0x78, 0x75, 0x74, 0x73, 0x78, 0x78, 0x7a, 0x7d,
  0x7e, 0x7a, 0x83, 0x82, 0x7f, 0x80, 0x81, 0x77, 0x7d, 0x85, 0x6a, 0x7f,
  0x7d, 0x6b, 0x77, 0x79, 0x75, 0x72, 0x7f, 0x75, 0x80, 0x80, 0x89, 0x8b,
  0x87, 0x90, 0x91, 0x92, 0x88, 0x9a, 0x8b, 0x8e, 0x90, 0x8d, 0x85, 0x86,
  0x89, 0x7f, 0x7f, 0x7a, 0x7f, 0x75, 0x78, 0x75, 0x73, 0x71, 0x7b, 0x7a,
  0x74, 0x7a, 0x7d, 0x7d, 0x7c, 0x83, 0x7b, 0x7f, 0x80, 0x7c, 0x75, 0x85,
  0x79, 0x70, 0x86, 0x6d, 0x77, 0x79, 0x78, 0x70, 0x78, 0x7a, 0x79, 0x83,
  0x7b, 0x90, 0x83, 0x8f, 0x90, 0x93, 0x8b, 0x94, 0x96, 0x87, 0x94, 0x8b,
  0x8f, 0x85, 0x8a, 0x82, 0x81, 0x7b, 0x7f, 0x79, 0x6f, 0x78, 0x76, 0x74,
  0x73, 0x7c, 0x74, 0x7a, 0x81, 0x7d, 0x79, 0x80, 0x80, 0x7c, 0x80, 0x7c,
  0x77, 0x7a, 0x82, 0x70, 0x7b, 0x80, 0x71, 0x7a, 0x74, 0x78, 0x74, 0x7e,
  0x7b, 0x7e, 0x7f, 0x85, 0x8d, 0x84, 0x90, 0x8c, 0x93, 0x8a, 0x96, 0x8d,
  0x8d, 0x90, 0x8c, 0x8b, 0x86, 0x8a, 0x84, 0x83, 0x7b, 0x7f, 0x75, 0x75,
  0x77, 0x75, 0x6f, 0x79, 0x7b, 0x75, 0x7c, 0x7c, 0x7b, 0x7f, 0x83, 0x7d,
  0x7f, 0x7e, 0x7d, 0x75, 0x7c, 0x7e, 0x6b, 0x82, 0x79, 0x6f, 0x79, 0x7a,
  0x79, 0x72, 0x82, 0x7a, 0x84, 0x80, 0x8e, 0x89, 0x87, 0x93, 0x8f, 0x8e,
  0x89, 0x99, 0x88, 0x8f, 0x8c, 0x8d, 0x86, 0x85, 0x89, 0x81, 0x7e, 0x7e,
  0x81, 0x72, 0x75, 0x75, 0x72, 0x72, 0x7b, 0x76, 0x75, 0x7c, 0x7e, 0x7d,
  0x7d, 0x82, 0x82, 0x82, 0x7f, 0x7f, 0x76, 0x80, 0x80, 0x6a, 0x80, 0x73,
  0x70, 0x78, 0x76, 0x75, 0x75, 0x85, 0x79, 0x86, 0x7f, 0x92, 0x8a, 0x8c,
  0x92, 0x8e, 0x8f, 0x8a, 0x99, 0x85, 0x91, 0x8b, 0x8e, 0x81, 0x86, 0x88,
  0x7c, 0x7f, 0x7c, 0x7c, 0x70, 0x77, 0x74, 0x74, 0x70, 0x79, 0x76, 0x75,
  0x7c, 0x7f, 0x7c, 0x81, 0x85, 0x80, 0x7f, 0x84, 0x82, 0x77, 0x81, 0x7f,
  0x69, 0x7f, 0x79, 0x6a, 0x77, 0x78, 0x79, 0x71, 0x83, 0x7b, 0x88, 0x82,
  0x8f, 0x8d, 0x88, 0x93, 0x90, 0x91, 0x88, 0x9d, 0x88, 0x8e, 0x8a, 0x8e,
  0x85, 0x86, 0x88, 0x7d, 0x7d, 0x76, 0x7b, 0x70, 0x72, 0x75, 0x76, 0x6e,
  0x79, 0x77, 0x73, 0x79, 0x80, 0x7a, 0x7c, 0x83, 0x80, 0x80, 0x84, 0x82,
  0x79, 0x80, 0x83, 0x70, 0x7b, 0x80, 0x6c, 0x79, 0x77, 0x7a, 0x72, 0x81,
  0x7d, 0x84, 0x84, 0x89, 0x90, 0x84, 0x91, 0x90, 0x94, 0x85, 0x9a, 0x8c,
  0x8c, 0x8e, 0x8e, 0x88, 0x84, 0x8c, 0x7e, 0x7f, 0x78, 0x7e, 0x74, 0x73,
  0x74, 0x76, 0x71, 0x76, 0x79, 0x74, 0x77, 0x7d, 0x79, 0x79, 0x7f, 0x7d,
  0x7e, 0x81, 0x80, 0x7b, 0x7a, 0x83, 0x7d, 0x6e, 0x8a, 0x74, 0x76, 0x7a,
  0x7d, 0x74, 0x7a, 0x87, 0x7b, 0x87, 0x7f, 0x94, 0x83, 0x8f, 0x8e, 0x93,
  0x8a, 0x90, 0x98, 0x85, 0x92, 0x8c, 0x8f, 0x7d, 0x89, 0x81, 0x7f, 0x7a,
  0x7a, 0x77, 0x72, 0x78, 0x74, 0x73, 0x6f, 0x7e, 0x77, 0x75, 0x7b, 0x7c,
  0x77, 0x7e, 0x7e, 0x7a, 0x7b, 0x80, 0x7a, 0x75, 0x79, 0x85, 0x6f, 0x79,
  0x85, 0x6c, 0x7d, 0x7d, 0x82, 0x71, 0x85, 0x7f, 0x85, 0x84, 0x87, 0x91,
  0x82, 0x93, 0x8e, 0x95, 0x86, 0x9a, 0x8e, 0x8b, 0x8e, 0x8d, 0x89, 0x7e,
  0x8a, 0x7b, 0x7c, 0x78, 0x7f, 0x71, 0x73, 0x78, 0x78, 0x72, 0x77, 0x7b,
  0x74, 0x7d, 0x7d, 0x7d, 0x79, 0x80, 0x7c, 0x7a, 0x7a, 0x7c, 0x79, 0x75,
  0x7d, 0x7f, 0x6b, 0x82, 0x7d, 0x71, 0x7b, 0x7e, 0x7e, 0x76, 0x89, 0x7b,
  0x86, 0x81, 0x92, 0x8a, 0x86, 0x92, 0x91, 0x91, 0x87, 0x9e, 0x86, 0x8e,
  0x8c, 0x8f, 0x7f, 0x84, 0x88, 0x77, 0x7b, 0x77, 0x7b, 0x70, 0x76, 0x71,
  0x77, 0x71, 0x7b, 0x7d, 0x77, 0x7e, 0x86, 0x7e, 0x7d, 0x84, 0x78, 0x7e,
  0x7e, 0x7c, 0x76, 0x77, 0x7b, 0x7f, 0x67, 0x82, 0x7f, 0x70, 0x7c, 0x7d,
  0x78, 0x73, 0x8f, 0x7b, 0x84, 0x7f, 0x91, 0x8a, 0x8a, 0x95, 0x8d, 0x91,
  0x8a, 0x9d, 0x85, 0x8d, 0x8c, 0x8d, 0x82, 0x82, 0x87, 0x7a, 0x7c, 0x78,
  0x78, 0x6e, 0x77, 0x72, 0x73, 0x72, 0x7b, 0x7b, 0x7b, 0x80, 0x7f, 0x80,
  0x7f, 0x84, 0x7c, 0x80, 0x80, 0x7e, 0x7a, 0x78, 0x77, 0x84, 0x72, 0x72,
  0x82, 0x6d, 0x78, 0x7b, 0x7c, 0x6e, 0x85, 0x83, 0x82, 0x87, 0x88, 0x90,
  0x87, 0x96, 0x8b, 0x92, 0x86, 0x97, 0x8e, 0x86, 0x8d, 0x88, 0x88, 0x7e,
  0x88, 0x78, 0x7d, 0x79, 0x79, 0x70, 0x72, 0x76, 0x74, 0x74, 0x77, 0x7d,
  0x78, 0x7f, 0x80, 0x7e, 0x7d, 0x88, 0x81, 0x81, 0x81, 0x81, 0x80, 0x7f,
  0x78, 0x78, 0x84, 0x67, 0x7b, 0x76, 0x6a, 0x76, 0x7b, 0x7a, 0x6f, 0x8b,
  0x7f, 0x8a, 0x86, 0x90, 0x8c, 0x89, 0x9a, 0x8d, 0x90, 0x87, 0x9b, 0x86,
  0x8b, 0x8b, 0x87, 0x81, 0x83, 0x84, 0x75, 0x7c, 0x77, 0x77, 0x70, 0x75,
  0x75, 0x77, 0x73, 0x79, 0x77, 0x79, 0x80, 0x7f, 0x7e, 0x82, 0x88, 0x7f,
  0x86, 0x86, 0x81, 0x81, 0x82, 0x75, 0x77, 0x82, 0x64, 0x7a, 0x76, 0x68,
  0x77, 0x7c, 0x78, 0x71, 0x8c, 0x7a, 0x8b, 0x84, 0x8e, 0x89, 0x8c, 0x96,
  0x90, 0x95, 0x88, 0x9d, 0x87, 0x8e, 0x89, 0x8b, 0x7e, 0x81, 0x81, 0x74,
  0x7b, 0x76, 0x78, 0x6e, 0x77, 0x72, 0x79, 0x71, 0x76, 0x7a, 0x7a, 0x7f,
  0x82, 0x83, 0x84, 0x8c, 0x86, 0x89, 0x86, 0x86, 0x81, 0x7f, 0x70, 0x7c,
  0x75, 0x62, 0x7e, 0x69, 0x66, 0x73, 0x7c, 0x6c, 0x7a, 0x85, 0x7b, 0x89,
  0x8b, 0x95, 0x88, 0x9b, 0x97, 0x98, 0x91, 0x94, 0x94, 0x85, 0x88, 0x83,
  0x83, 0x76, 0x82, 0x76, 0x74, 0x75, 0x7b, 0x72, 0x71, 0x78, 0x75, 0x7a,
  0x79, 0x7f, 0x7e, 0x85, 0x85, 0x8a, 0x82, 0x8c, 0x89, 0x87, 0x83, 0x83,
  0x7d, 0x7a, 0x72, 0x71, 0x78, 0x57, 0x7d, 0x6e, 0x65, 0x6e, 0x7c, 0x70,
  0x75, 0x8e, 0x77, 0x8b, 0x8b, 0xa0, 0x8c, 0x9c, 0x98, 0x9b, 0x93, 0x89,
  0x96, 0x82, 0x87, 0x7e, 0x86, 0x70, 0x7e, 0x7c, 0x73, 0x70, 0x77, 0x76,
  0x70, 0x7a, 0x74, 0x7b, 0x7b, 0x84, 0x81, 0x83, 0x86, 0x8e, 0x87, 0x87,
  0x8b, 0x88, 0x83, 0x86, 0x7c, 0x75, 0x6e, 0x78, 0x73, 0x55, 0x79, 0x65,
  0x66, 0x6b, 0x7d, 0x69, 0x75, 0x90, 0x7d, 0x8f, 0x8d, 0xa5, 0x91, 0xa3,
  0x99, 0x9b, 0x93, 0x90, 0x93, 0x81, 0x85, 0x7e, 0x87, 0x6f, 0x7b, 0x76,
  0x72, 0x6d, 0x72, 0x70, 0x70, 0x78, 0x78, 0x7c, 0x79, 0x85, 0x86, 0x86,
  0x85, 0x8d, 0x8b, 0x89, 0x8a, 0x88, 0x82, 0x86, 0x80, 0x75, 0x6d, 0x79,
  0x66, 0x63, 0x72, 0x61, 0x62, 0x73, 0x78, 0x68, 0x83, 0x83, 0x8a, 0x8f,
  0x9d, 0x98, 0x9a, 0xa2, 0x96, 0x9b, 0x8b, 0x92, 0x8d, 0x8c, 0x7c, 0x86,
  0x7e, 0x77, 0x77, 0x75, 0x6c, 0x6a, 0x75, 0x6b, 0x72, 0x71, 0x7d, 0x7b,
  0x7f, 0x7f, 0x8b, 0x89, 0x8a, 0x8b, 0x8a, 0x87, 0x88, 0x8a, 0x82, 0x7f,
  0x7d, 0x74, 0x70, 0x79, 0x58, 0x6c, 0x70, 0x62, 0x60, 0x7d, 0x75, 0x70,
  0x8a, 0x84, 0x8c, 0x92, 0xa4, 0x92, 0x9e, 0x97, 0x9c, 0x99, 0x8e, 0x8b,
  0x8e, 0x8d, 0x7e, 0x88, 0x7b, 0x75, 0x71, 0x77, 0x68, 0x6c, 0x70, 0x72,
  0x74, 0x75, 0x7b, 0x80, 0x84, 0x85, 0x88, 0x89, 0x8b, 0x88, 0x89, 0x81,
  0x82, 0x81, 0x83, 0x7b, 0x78, 0x6e, 0x75, 0x75, 0x5e, 0x68, 0x72, 0x6a,
  0x65, 0x7d, 0x77, 0x79, 0x85, 0x8a, 0x8d, 0x92, 0x99, 0x99, 0x9f, 0x96,
  0x96, 0x96, 0x96, 0x8c, 0x8a, 0x8a, 0x85, 0x83, 0x7a, 0x76, 0x73, 0x72,
  0x6d, 0x6e, 0x72, 0x71, 0x75, 0x78, 0x7b, 0x7d, 0x82, 0x83, 0x82, 0x84,
  0x84, 0x85, 0x83, 0x83, 0x7d, 0x7e, 0x82, 0x83, 0x7b, 0x76, 0x76, 0x79,
  0x73, 0x6d, 0x6f, 0x6f, 0x74, 0x73, 0x75, 0x75, 0x7c, 0x80, 0x84, 0x86,
  0x8c, 0x95, 0x95, 0x98, 0x93, 0x96, 0x94, 0x94, 0x91, 0x8e, 0x8b, 0x88,
  0x86, 0x81, 0x7d, 0x7a, 0x79, 0x77, 0x76, 0x74, 0x76, 0x75, 0x77, 0x77,
  0x78, 0x7a, 0x7b, 0x7e, 0x7d, 0x80, 0x82, 0x83, 0x7f, 0x80, 0x82, 0x7f,
  0x80, 0x79, 0x73, 0x75, 0x75, 0x6c, 0x6d, 0x71, 0x6e, 0x74, 0x78, 0x76,
  0x79, 0x7f, 0x84, 0x89, 0x8e, 0x92, 0x96, 0x9a, 0x98, 0x95, 0x97, 0x97,
  0x92, 0x90, 0x8c, 0x87, 0x87, 0x82, 0x80, 0x7a, 0x7a, 0x77, 0x76, 0x74,
  0x75, 0x74, 0x6f, 0x76, 0x74, 0x76, 0x79, 0x7d, 0x7d, 0x7e, 0x81, 0x84,
  0x86, 0x80, 0x82, 0x80, 0x7f, 0x7c, 0x76, 0x73, 0x74, 0x71, 0x6e, 0x71,
  0x72, 0x71, 0x75, 0x79, 0x77, 0x7c, 0x83, 0x87, 0x8b, 0x90, 0x94, 0x97,
  0x98, 0x98, 0x95, 0x94, 0x93, 0x90, 0x91, 0x89, 0x85, 0x86, 0x81, 0x7e,
  0x7d, 0x7a, 0x78, 0x75, 0x76, 0x75, 0x74, 0x74, 0x74, 0x75, 0x75, 0x7a,
  0x7d, 0x80, 0x81, 0x83, 0x80, 0x82, 0x81, 0x7f, 0x7d, 0x7c, 0x7a, 0x71,
  0x74, 0x74, 0x70, 0x6d, 0x72, 0x72, 0x71, 0x79, 0x7a, 0x7b, 0x7f, 0x85,
  0x8c, 0x8e, 0x94, 0x94, 0x98, 0x99, 0x96, 0x95, 0x93, 0x8f, 0x8d, 0x8e,
  0x85, 0x85, 0x81, 0x7e, 0x7b, 0x7a, 0x79, 0x76, 0x78, 0x75, 0x75, 0x73,
  0x75, 0x74, 0x77, 0x78, 0x7d, 0x81, 0x80, 0x83, 0x80, 0x82, 0x80, 0x81,
  0x7f, 0x7f, 0x7d, 0x77, 0x74, 0x74, 0x71, 0x6b, 0x70, 0x70, 0x72, 0x73,
  0x7a, 0x7a, 0x7d, 0x81, 0x86, 0x8b, 0x8f, 0x95, 0x95, 0x98, 0x99, 0x97,
  0x93, 0x93, 0x8f, 0x90, 0x8e, 0x86, 0x83, 0x7f, 0x7d, 0x78, 0x78, 0x75,
  0x75, 0x73, 0x74, 0x74, 0x73, 0x76, 0x78, 0x7d, 0x7b, 0x7f, 0x83, 0x82,
  0x81, 0x81, 0x82, 0x81, 0x80, 0x81, 0x7d, 0x79, 0x76, 0x71, 0x73, 0x6e,
  0x6c, 0x6f, 0x72, 0x73, 0x79, 0x7c, 0x7c, 0x7f, 0x82, 0x88, 0x8d, 0x93,
  0x93, 0x94, 0x97, 0x97, 0x96, 0x94, 0x93, 0x90, 0x8f, 0x8b, 0x86, 0x82,
  0x7c, 0x7b, 0x77, 0x75, 0x76, 0x74, 0x73, 0x77, 0x77, 0x75, 0x7a, 0x78,
  0x7a, 0x7b, 0x7e, 0x7c, 0x82, 0x7f, 0x7e, 0x80, 0x80, 0x7f, 0x7e, 0x7f,
  0x79, 0x77, 0x72, 0x78, 0x71, 0x71, 0x74, 0x73, 0x74, 0x78, 0x7d, 0x7d,
  0x82, 0x81, 0x89, 0x8c, 0x91, 0x93, 0x94, 0x96, 0x96, 0x97, 0x92, 0x8e,
  0x8c, 0x8c, 0x87, 0x84, 0x80, 0x7a, 0x7a, 0x76, 0x75, 0x78, 0x77, 0x76,
  0x79, 0x79, 0x75, 0x7a, 0x79, 0x78, 0x78, 0x7d, 0x7e, 0x7f, 0x7f, 0x80,
  0x80, 0x7f, 0x82, 0x7e, 0x7e, 0x79, 0x79, 0x74, 0x77, 0x71, 0x6f, 0x72,
  0x73, 0x77, 0x79, 0x7f, 0x7e, 0x85, 0x83, 0x8c, 0x90, 0x95, 0x94, 0x97,
  0x95, 0x92, 0x96, 0x90, 0x8c, 0x88, 0x8b, 0x84, 0x82, 0x7d, 0x7c, 0x77,
  0x79, 0x78, 0x77, 0x78, 0x76, 0x78, 0x74, 0x77, 0x77, 0x7b, 0x77, 0x7b,
  0x7d, 0x7f, 0x84, 0x81, 0x7f, 0x7d, 0x80, 0x7f, 0x81, 0x7c, 0x79, 0x72,
  0x73, 0x77, 0x6f, 0x70, 0x75, 0x75, 0x76, 0x7e, 0x7e, 0x81, 0x88, 0x8a,
  0x8d, 0x91, 0x96, 0x95, 0x96, 0x91, 0x90, 0x91, 0x8d, 0x89, 0x86, 0x84,
  0x83, 0x85, 0x80, 0x7e, 0x7a, 0x79, 0x7a, 0x78, 0x78, 0x75, 0x77, 0x75,
  0x76, 0x77, 0x7a, 0x7a, 0x7d, 0x7e, 0x7f, 0x81, 0x7f, 0x83, 0x80, 0x82,
  0x83, 0x82, 0x7d, 0x71, 0x63, 0x74, 0x75, 0x69, 0x74, 0x68, 0x6d, 0x84,
  0x82, 0x7d, 0x8b, 0x87, 0x8f, 0xa1, 0x95, 0x8e, 0x9b, 0x97, 0x94, 0x9a,
  0x87, 0x85, 0x8f, 0x86, 0x81, 0x81, 0x70, 0x76, 0x7c, 0x6c, 0x6e, 0x76,
  0x6f, 0x79, 0x7f, 0x73, 0x83, 0x89, 0x84, 0x89, 0x87, 0x81, 0x8b, 0x86,
  0x7d, 0x83, 0x7b, 0x7c, 0x7f, 0x7a, 0x78, 0x74, 0x58, 0x4e, 0x71, 0x63,
  0x61, 0x71, 0x6d, 0x7e, 0x9d, 0x8c, 0x8e, 0xa6, 0x95, 0xa8, 0xa5, 0x90,
  0x91, 0x9d, 0x87, 0x88, 0x87, 0x79, 0x87, 0x81, 0x77, 0x76, 0x7b, 0x6a,
  0x79, 0x72, 0x68, 0x79, 0x81, 0x7a, 0x84, 0x88, 0x83, 0x94, 0x8d, 0x87,
  0x8a, 0x85, 0x7f, 0x85, 0x77, 0x76, 0x7e, 0x76, 0x73, 0x7a, 0x78, 0x7c,
  0x77, 0x5b, 0x3f, 0x6f, 0x70, 0x63, 0x71, 0x6f, 0x86, 0x9e, 0xa5, 0x85,
  0xab, 0x9c, 0xa2, 0xa1, 0x87, 0x83, 0x90, 0x8f, 0x75, 0x8b, 0x78, 0x88,
  0x85, 0x7e, 0x74, 0x79, 0x77, 0x70, 0x70, 0x68, 0x7c, 0x7e, 0x82, 0x81,
  0x8a, 0x8b, 0x92, 0x8f, 0x89, 0x86, 0x80, 0x80, 0x77, 0x75, 0x77, 0x7b,
  0x76, 0x75, 0x78, 0x7a, 0x81, 0x73, 0x5d, 0x3e, 0x6d, 0x73, 0x67, 0x77,
  0x6b, 0x98, 0xa1, 0xa6, 0x90, 0xa7, 0x96, 0x9e, 0x9e, 0x76, 0x87, 0x86,
  0x88, 0x79, 0x8f, 0x77, 0x8c, 0x8c, 0x77, 0x7d, 0x75, 0x75, 0x71, 0x74,
  0x68, 0x80, 0x80, 0x82, 0x8b, 0x89, 0x8c, 0x90, 0x8d, 0x83, 0x87, 0x7b,
  0x78, 0x77, 0x73, 0x76, 0x79, 0x74, 0x79, 0x7e, 0x7c, 0x87, 0x73, 0x54,
  0x3c, 0x74, 0x6c, 0x6a, 0x82, 0x6a, 0x9c, 0xa6, 0xa7, 0x8f, 0xa7, 0x92,
  0x98, 0x99, 0x6f, 0x85, 0x80, 0x87, 0x7e, 0x8f, 0x78, 0x8f, 0x90, 0x77,
  0x85, 0x76, 0x73, 0x74, 0x77, 0x6b, 0x80, 0x84, 0x84, 0x8e, 0x8b, 0x88,
  0x8c, 0x89, 0x7f, 0x84, 0x74, 0x73, 0x77, 0x71, 0x73, 0x7c, 0x76, 0x7b,
  0x83, 0x7d, 0x87, 0x7a, 0x5c, 0x35, 0x75, 0x71, 0x68, 0x8a, 0x69, 0x99,
  0xab, 0xa6, 0x88, 0xa2, 0x8b, 0x8c, 0x9b, 0x68, 0x7d, 0x81, 0x86, 0x81,
  0x96, 0x7d, 0x90, 0x9a, 0x7a, 0x85, 0x75, 0x71, 0x75, 0x78, 0x6c, 0x80,
  0x88, 0x88, 0x90, 0x89, 0x88, 0x87, 0x85, 0x7c, 0x7d, 0x74, 0x74, 0x7b,
  0x75, 0x78, 0x7d, 0x7d, 0x7d, 0x83, 0x7e, 0x85, 0x7c, 0x64, 0x39, 0x5d,
  0x7d, 0x64, 0x8e, 0x6f, 0x89, 0xab, 0xaa, 0x8e, 0x8f, 0x8f, 0x7c, 0x9f,
  0x6d, 0x76, 0x7f, 0x89, 0x8a, 0x93, 0x85, 0x84, 0xa3, 0x7e, 0x85, 0x76,
  0x6f, 0x76, 0x7c, 0x71, 0x78, 0x89, 0x87, 0x92, 0x87, 0x80, 0x81, 0x80,
  0x79, 0x78, 0x75, 0x74, 0x7d, 0x79, 0x7b, 0x7d, 0x82, 0x82, 0x81, 0x7e,
  0x86, 0x80, 0x6d, 0x49, 0x3d, 0x82, 0x6a, 0x81, 0x84, 0x75, 0xa6, 0xae,
  0x9d, 0x82, 0x94, 0x73, 0x97, 0x88, 0x6b, 0x81, 0x87, 0x93, 0x8f, 0x94,
  0x7a, 0x99, 0x8f, 0x7d, 0x7f, 0x67, 0x74, 0x7a, 0x79, 0x73, 0x80, 0x86,
  0x8d, 0x8e, 0x74, 0x7c, 0x79, 0x7d, 0x7c, 0x75, 0x71, 0x7e, 0x7f, 0x7c,
  0x82, 0x78, 0x84, 0x7c, 0x7e, 0x7d, 0x84, 0x78, 0x61, 0x35, 0x6c, 0x81,
  0x74, 0x96, 0x6d, 0x94, 0xa8, 0xa8, 0x89, 0x8b, 0x7e, 0x84, 0x9b, 0x71,
  0x7e, 0x80, 0x8f, 0x92, 0x94, 0x81, 0x89, 0x95, 0x80, 0x84, 0x6f, 0x70,
  0x7c, 0x7b, 0x7a, 0x79, 0x80, 0x85, 0x8d, 0x7a, 0x7a, 0x77, 0x79, 0x80,
  0x79, 0x7a, 0x79, 0x80, 0x7e, 0x82, 0x78, 0x81, 0x7e, 0x7e, 0x7f, 0x80,
  0x7e, 0x69, 0x40, 0x61, 0x85, 0x71, 0x98, 0x73, 0x85, 0xa7, 0xa3, 0x8b,
  0x87, 0x80, 0x78, 0xa2, 0x75, 0x79, 0x81, 0x89, 0x97, 0x97, 0x86, 0x83,
  0x95, 0x80, 0x88, 0x75, 0x69, 0x7d, 0x80, 0x7c, 0x7b, 0x7a, 0x82, 0x8d,
  0x7d, 0x78, 0x74, 0x73, 0x7e, 0x7d, 0x77, 0x7a, 0x7d, 0x82, 0x82, 0x7e,
  0x7f, 0x84, 0x7f, 0x82, 0x7e, 0x71, 0x57, 0x4a, 0x80, 0x73, 0x86, 0x89,
  0x75, 0x9a, 0xa1, 0x97, 0x82, 0x89, 0x70, 0x92, 0x89, 0x74, 0x86, 0x84,
  0x96, 0x94, 0x93, 0x79, 0x8c, 0x86, 0x82, 0x84, 0x6b, 0x78, 0x7f, 0x7e,
  0x7d, 0x7f, 0x7d, 0x86, 0x81, 0x78, 0x75, 0x72, 0x7b, 0x81, 0x7d, 0x7e,
  0x7e, 0x83, 0x83, 0x84, 0x7c, 0x7b, 0x7f, 0x80, 0x7d, 0x71, 0x39, 0x57,
  0x89, 0x6b, 0x9e, 0x77, 0x7f, 0xa7, 0xa4, 0x8d, 0x83, 0x7c, 0x71, 0xa2,
  0x74, 0x7c, 0x80, 0x8d, 0x9b, 0x96, 0x83, 0x76, 0x92, 0x7d, 0x8b, 0x75,
  0x6a, 0x7f, 0x83, 0x83, 0x7d, 0x7f, 0x80, 0x8c, 0x7c, 0x75, 0x74, 0x77,
  0x80, 0x81, 0x7e, 0x7a, 0x83, 0x83, 0x88, 0x7d, 0x81, 0x82, 0x81, 0x7b,
  0x67, 0x2c, 0x5e, 0x7f, 0x6f, 0x9e, 0x6e, 0x8c, 0xa7, 0xa9, 0x8e, 0x85,
  0x73, 0x78, 0x9e, 0x74, 0x81, 0x78, 0x8e, 0x99, 0x9c, 0x85, 0x78, 0x89,
  0x7a, 0x8a, 0x6d, 0x6c, 0x74, 0x84, 0x86, 0x85, 0x84, 0x7f, 0x8f, 0x80,
  0x78, 0x6e, 0x76, 0x82, 0x84, 0x7b, 0x79, 0x7d, 0x86, 0x89, 0x84, 0x80,
  0x82, 0x86, 0x73, 0x2b, 0x62, 0x70, 0x6a, 0xa4, 0x64, 0x89, 0x9e, 0xac,
  0x90, 0x90, 0x6e, 0x77, 0xa3, 0x73, 0x86, 0x72, 0x8b, 0x94, 0xa2, 0x83,
  0x80, 0x88, 0x7f, 0x8e, 0x6d, 0x69, 0x6f, 0x82, 0x85, 0x82, 0x81, 0x85,
  0x8b, 0x88, 0x79, 0x70, 0x74, 0x80, 0x83, 0x81, 0x78, 0x7f, 0x82, 0x8b,
  0x88, 0x82, 0x83, 0x81, 0x59, 0x41, 0x80, 0x5a, 0x8d, 0x84, 0x6b, 0x91,
  0x91, 0x9b, 0x83, 0x8b, 0x64, 0x97, 0x87, 0x82, 0x87, 0x7d, 0x90, 0x94,
  0x9e, 0x79, 0x8d, 0x7a, 0x88, 0x86, 0x70, 0x71, 0x75, 0x81, 0x81, 0x82,
  0x79, 0x87, 0x89, 0x82, 0x79, 0x6d, 0x7a, 0x84, 0x87, 0x83, 0x7b, 0x80,
  0x87, 0x8a, 0x81, 0x83, 0x77, 0x71, 0x3c, 0x73, 0x74, 0x71, 0x9d, 0x64,
  0x8f, 0x8c, 0x98, 0x7f, 0x84, 0x67, 0x7d, 0x94, 0x78, 0x90, 0x77, 0x96,
  0x93, 0xa2, 0x82, 0x85, 0x82, 0x7e, 0x8c, 0x74, 0x75, 0x75, 0x83, 0x84,
  0x89, 0x7d, 0x7d, 0x86, 0x83, 0x80, 0x76, 0x73, 0x76, 0x7e, 0x81, 0x82,
  0x83, 0x83, 0x8a, 0x87, 0x84, 0x82, 0x7f, 0x7b, 0x70, 0x3d, 0x75, 0x72,
  0x7e, 0x9a, 0x6d, 0x8c, 0x88, 0x9c, 0x7c, 0x89, 0x64, 0x7c, 0x8a, 0x7a,
  0x8a, 0x75, 0x8f, 0x8b, 0xa1, 0x7e, 0x89, 0x7b, 0x83, 0x8c, 0x78, 0x75,
  0x75, 0x86, 0x85, 0x8b, 0x7b, 0x7f, 0x80, 0x83, 0x7f, 0x78, 0x73, 0x7b,
  0x82, 0x81, 0x7a, 0x7a, 0x7b, 0x85, 0x87, 0x80, 0x7b, 0x82, 0x86, 0x8e,
  0x86, 0x78, 0x5d, 0x4d, 0x8a, 0x6b, 0x8f, 0x79, 0x74, 0x92, 0x96, 0x97,
  0x7e, 0x85, 0x65, 0x94, 0x78, 0x80, 0x76, 0x7c, 0x87, 0x93, 0x96, 0x7b,
  0x8f, 0x79, 0x8f, 0x7d, 0x78, 0x6f, 0x7d, 0x82, 0x84, 0x85, 0x7a, 0x85,
  0x86, 0x87, 0x7c, 0x79, 0x72, 0x7f, 0x7e, 0x7d, 0x7b, 0x7a, 0x81, 0x88,
  0x84, 0x7b, 0x75, 0x76, 0x7d, 0x7e, 0x7c, 0x7c, 0x83, 0x87, 0x8f, 0x89,
  0x89, 0x85, 0x7d, 0x53, 0x7a, 0x71, 0x78, 0x92, 0x6f, 0x8a, 0x8d, 0x99,
  0x83, 0x8e, 0x6a, 0x84, 0x86, 0x78, 0x82, 0x72, 0x85, 0x87, 0x9b, 0x7e,
  0x89, 0x79, 0x80, 0x82, 0x76, 0x72, 0x73, 0x7e, 0x81, 0x87, 0x7b, 0x81,
  0x86, 0x8b, 0x82, 0x7b, 0x74, 0x7c, 0x7c, 0x7d, 0x7d, 0x7d, 0x7e, 0x84,
  0x83, 0x81, 0x81, 0x7d, 0x7f, 0x80, 0x80, 0x7c, 0x7e, 0x78, 0x83, 0x85,
  0x81, 0x7d, 0x80, 0x80, 0x85, 0x86, 0x79, 0x82, 0x80, 0x82, 0x83, 0x81,
  0x7d, 0x87, 0x85, 0x82, 0x80, 0x80, 0x84, 0x8c, 0x84, 0x7d, 0x59, 0x68,
  0x7e, 0x73, 0x8e, 0x71, 0x7c, 0x88, 0x98, 0x86, 0x87, 0x73, 0x75, 0x8d,
  0x79, 0x7f, 0x74, 0x7e, 0x82, 0x95, 0x86, 0x88, 0x84, 0x83, 0x89, 0x82,
  0x74, 0x73, 0x78, 0x7a, 0x86, 0x81, 0x81, 0x82, 0x8b, 0x86, 0x83, 0x78,
  0x78, 0x7f, 0x80, 0x7f, 0x79, 0x7a, 0x82, 0x85, 0x84, 0x7c, 0x7a, 0x7c,
  0x7d, 0x7b, 0x78, 0x75, 0x78, 0x7f, 0x84, 0x81, 0x80, 0x83, 0x82, 0x86,
  0x80, 0x7c, 0x78, 0x7d, 0x7f, 0x82, 0x80, 0x84, 0x84, 0x85, 0x89, 0x87,
  0x83, 0x7d, 0x80, 0x7b, 0x7d, 0x79, 0x7d, 0x7e, 0x82, 0x8a, 0x85, 0x82,
  0x7f, 0x82, 0x80, 0x7d, 0x7b, 0x7a, 0x7f, 0x82, 0x84, 0x7f, 0x7f, 0x84,
  0x81, 0x81, 0x7b, 0x76, 0x79, 0x7a, 0x7b, 0x7c, 0x7b, 0x7e, 0x7f, 0x82,
  0x83, 0x81, 0x7e, 0x7e, 0x80, 0x7d, 0x7e, 0x7e, 0x82, 0x83, 0x87, 0x85,
  0x84, 0x82, 0x82, 0x82, 0x80, 0x82, 0x7b, 0x7d, 0x7d, 0x7f, 0x81, 0x81,
  0x7d, 0x7e, 0x84, 0x80, 0x83, 0x80, 0x80, 0x86, 0x82, 0x7e, 0x7c, 0x78,
  0x81, 0x86, 0x80, 0x80, 0x7d, 0x7e, 0x85, 0x81, 0x7c, 0x7e, 0x77, 0x79,
  0x77, 0x72, 0x7b, 0x7d, 0x82, 0x83, 0x83, 0x80, 0x85, 0x86, 0x81, 0x7f,
  0x7b, 0x80, 0x81, 0x85, 0x83, 0x84, 0x83, 0x85, 0x84, 0x7d, 0x7f, 0x78,
  0x7e, 0x7e, 0x7d, 0x80, 0x7e, 0x82, 0x81, 0x85, 0x84, 0x82, 0x80, 0x7f,
  0x83, 0x81, 0x7e, 0x7e, 0x7f, 0x82, 0x80, 0x7d, 0x7b, 0x7b, 0x7d, 0x7b,
  0x7e, 0x75, 0x7b, 0x7b, 0x7e, 0x80, 0x7d, 0x82, 0x7d, 0x87, 0x7e, 0x81,
  0x81, 0x83, 0x89, 0x86, 0x84, 0x81, 0x82, 0x77, 0x7d, 0x7a, 0x7e, 0x7f,
  0x7e, 0x81, 0x82, 0x85, 0x80, 0x82, 0x7b, 0x7a, 0x7f, 0x7e, 0x7e, 0x7e,
  0x7f, 0x84, 0x89, 0x87, 0x85, 0x84, 0x83, 0x81, 0x7e, 0x7a, 0x7b, 0x7e,
  0x7e, 0x80, 0x7e, 0x7d, 0x7d, 0x7f, 0x7c, 0x7b, 0x7b, 0x79, 0x7c, 0x7e,
  0x7e, 0x7f, 0x82, 0x82, 0x84, 0x84, 0x81, 0x82, 0x82, 0x82, 0x82, 0x83,
  0x81, 0x83, 0x83, 0x80, 0x82, 0x7d, 0x7b, 0x7d, 0x7c, 0x7a, 0x7d, 0x7c,
  0x7c, 0x82, 0x7f, 0x81, 0x80, 0x81, 0x84, 0x84, 0x82, 0x83, 0x83, 0x7f,
  0x82, 0x80, 0x7e, 0x81, 0x7f, 0x7d, 0x7c, 0x7f, 0x7d, 0x7a, 0x7b, 0x79,
  0x7d, 0x80, 0x7f, 0x7d, 0x80, 0x83, 0x82, 0x83, 0x80, 0x82, 0x86, 0x85,
  0x84, 0x83, 0x7e, 0x83, 0x86, 0x80, 0x7f, 0x7f, 0x7c, 0x7f, 0x80, 0x78,
  0x7c, 0x7b, 0x7d, 0x78, 0x7c, 0x7e, 0x7e, 0x83, 0x7f, 0x85, 0x83, 0x89,
  0x85, 0x86, 0x82, 0x81, 0x84, 0x7c, 0x82, 0x7e, 0x7f, 0x80, 0x81, 0x73,
  0x6d, 0x76, 0x77, 0x7f, 0x7d, 0x7a, 0x80, 0x85, 0x85, 0x83, 0x7f, 0x7c,
  0x85, 0x85, 0x82, 0x85, 0x81, 0x85, 0x8e, 0x87, 0x81, 0x81, 0x80, 0x83,
  0x83, 0x7d, 0x79, 0x7b, 0x7c, 0x7f, 0x7e, 0x79, 0x7b, 0x7e, 0x7e, 0x7d,
  0x7e, 0x7e, 0x82, 0x84, 0x83, 0x83, 0x81, 0x82, 0x83, 0x83, 0x7c, 0x7d,
  0x7b, 0x7b, 0x7e, 0x7a, 0x79, 0x7b, 0x7f, 0x7b, 0x7c, 0x7c, 0x7c, 0x7e,
  0x7d, 0x80, 0x7f, 0x83, 0x82, 0x84, 0x82, 0x88, 0x89, 0x84, 0x83, 0x7f,
  0x85, 0x82, 0x85, 0x7f, 0x80, 0x82, 0x81, 0x7f, 0x79, 0x79, 0x7b, 0x7f,
  0x78, 0x7a, 0x7e, 0x7f, 0x84, 0x85, 0x83, 0x84, 0x87, 0x83, 0x7e, 0x76,
  0x75, 0x84, 0x83, 0x81, 0x82, 0x7b, 0x83, 0x86, 0x7b, 0x77, 0x75, 0x76,
  0x7e, 0x7e, 0x7b, 0x7f, 0x83, 0x86, 0x88, 0x83, 0x7f, 0x82, 0x82, 0x83,
  0x82, 0x7c, 0x80, 0x84, 0x86, 0x86, 0x84, 0x80, 0x80, 0x7e, 0x7a, 0x7b,
  0x74, 0x76, 0x79, 0x7d, 0x7e, 0x7f, 0x7f, 0x82, 0x85, 0x80, 0x7f, 0x7c,
  0x84, 0x88, 0x86, 0x87, 0x81, 0x81, 0x84, 0x82, 0x7c, 0x78, 0x78, 0x79,
  0x7c, 0x77, 0x75, 0x79, 0x81, 0x86, 0x85, 0x81, 0x7e, 0x85, 0x87, 0x83,
  0x76, 0x75, 0x77, 0x84, 0x8a, 0x84, 0x86, 0x80, 0x8d, 0x8b, 0x84, 0x7c,
  0x76, 0x7c, 0x7f, 0x7f, 0x78, 0x7c, 0x7e, 0x88, 0x86, 0x82, 0x7d, 0x7c,
  0x80, 0x7d, 0x80, 0x7d, 0x80, 0x85, 0x87, 0x87, 0x85, 0x80, 0x80, 0x7f,
  0x79, 0x77, 0x75, 0x75, 0x7a, 0x80, 0x7f, 0x82, 0x7f, 0x81, 0x85, 0x7e,
  0x7f, 0x7d, 0x7f, 0x82, 0x85, 0x7e, 0x78, 0x68, 0x7d, 0x89, 0x82, 0x91,
  0x77, 0x83, 0x8a, 0x89, 0x81, 0x7c, 0x75, 0x7a, 0x8d, 0x79, 0x81, 0x7a,
  0x80, 0x88, 0x8d, 0x7f, 0x7f, 0x82, 0x7d, 0x8d, 0x7e, 0x7e, 0x80, 0x85,
  0x83, 0x8a, 0x81, 0x7d, 0x82, 0x7b, 0x7c, 0x73, 0x71, 0x73, 0x7d, 0x75,
  0x7e, 0x81, 0x81, 0x8a, 0x82, 0x81, 0x7d, 0x81, 0x80, 0x83, 0x7f, 0x7f,
  0x83, 0x82, 0x84, 0x82, 0x83, 0x80, 0x83, 0x77, 0x6f, 0x67, 0x71, 0x83,
  0x7e, 0x8a, 0x80, 0x83, 0x87, 0x88, 0x80, 0x77, 0x7d, 0x7b, 0x88, 0x83,
  0x87, 0x86, 0x8b, 0x8c, 0x89, 0x86, 0x7d, 0x7f, 0x7b, 0x82, 0x7a, 0x7d,
  0x7b, 0x7d, 0x82, 0x80, 0x7d, 0x77, 0x7c, 0x79, 0x7f, 0x76, 0x7b, 0x85,
  0x87, 0x8e, 0x83, 0x82, 0x80, 0x86, 0x7f, 0x7c, 0x79, 0x78, 0x83, 0x7d,
  0x7e, 0x7c, 0x80, 0x80, 0x7e, 0x64, 0x5c, 0x7f, 0x78, 0x8e, 0x84, 0x76,
  0x8b, 0x94, 0x94, 0x83, 0x7f, 0x6e, 0x8d, 0x8a, 0x82, 0x81, 0x7e, 0x8e,
  0x92, 0x90, 0x77, 0x7f, 0x77, 0x80, 0x7e, 0x71, 0x74, 0x7a, 0x85, 0x84,
  0x87, 0x78, 0x7e, 0x81, 0x7f, 0x7e, 0x77, 0x7e, 0x86, 0x8d, 0x8b, 0x84,
  0x7c, 0x80, 0x83, 0x7e, 0x7b, 0x78, 0x7a, 0x80, 0x82, 0x7a, 0x7a, 0x80,
  0x7d, 0x85, 0x79, 0x6c, 0x59, 0x75, 0x8a, 0x81, 0x9c, 0x78, 0x8d, 0x95,
  0x93, 0x88, 0x7a, 0x76, 0x75, 0x93, 0x7a, 0x88, 0x7b, 0x83, 0x8c, 0x8a,
  0x7e, 0x73, 0x7d, 0x71, 0x88, 0x7c, 0x78, 0x7f, 0x81, 0x85, 0x88, 0x83,
  0x79, 0x81, 0x7d, 0x7f, 0x7b, 0x77, 0x7e, 0x85, 0x87, 0x80, 0x81, 0x7c,
  0x81, 0x80, 0x7d, 0x7a, 0x7c, 0x80, 0x81, 0x7e, 0x79, 0x83, 0x7b, 0x84,
  0x81, 0x6b, 0x54, 0x82, 0x81, 0x88, 0xa0, 0x6e, 0x90, 0x91, 0x92, 0x83,
  0x7c, 0x68, 0x76, 0x90, 0x75, 0x89, 0x77, 0x85, 0x8d, 0x95, 0x7a, 0x79,
  0x7c, 0x76, 0x8f, 0x7b, 0x7b, 0x7d, 0x8a, 0x87, 0x8c, 0x7f, 0x77, 0x83,
  0x7a, 0x7e, 0x76, 0x75, 0x7c, 0x87, 0x85, 0x83, 0x80, 0x7c, 0x86, 0x81,
  0x7c, 0x79, 0x79, 0x7f, 0x83, 0x7f, 0x7a, 0x80, 0x84, 0x8b, 0x85, 0x7b,
  0x69, 0x4d, 0x7f, 0x7c, 0x7c, 0x94, 0x6b, 0x8b, 0x92, 0x93, 0x7f, 0x7d,
  0x6e, 0x76, 0x94, 0x79, 0x8a, 0x7e, 0x89, 0x94, 0x97, 0x83, 0x7c, 0x82,
  0x7a, 0x8b, 0x79, 0x75, 0x7a, 0x83, 0x84, 0x87, 0x82, 0x77, 0x82, 0x7e,
  0x7e, 0x7b, 0x74, 0x7c, 0x87, 0x87, 0x85, 0x85, 0x80, 0x83, 0x86, 0x7e,
  0x7b, 0x7c, 0x7f, 0x7f, 0x7c, 0x76, 0x7b, 0x83, 0x83, 0x82, 0x77, 0x57,
  0x50, 0x88, 0x70, 0x8e, 0x87, 0x6c, 0x99, 0x91, 0x98, 0x80, 0x81, 0x6a,
  0x8a, 0x8f, 0x7b, 0x8c, 0x7b, 0x8d, 0x91, 0x96, 0x79, 0x80, 0x80, 0x78,
  0x89, 0x72, 0x75, 0x7a, 0x81, 0x87, 0x8c, 0x82, 0x7e, 0x86, 0x7d, 0x80,
  0x77, 0x75, 0x7b, 0x87, 0x86, 0x85, 0x81, 0x80, 0x87, 0x80, 0x7e, 0x74,
  0x73, 0x7b, 0x7d, 0x7c, 0x76, 0x7b, 0x7f, 0x87, 0x82, 0x76, 0x56, 0x57,
  0x8b, 0x75, 0x94, 0x86, 0x74, 0x99, 0x94, 0x97, 0x7f, 0x82, 0x69, 0x8e,
  0x8e, 0x7a, 0x8b, 0x79, 0x8e, 0x90, 0x8f, 0x76, 0x7c, 0x79, 0x7e, 0x8a,
  0x72, 0x7d, 0x80, 0x89, 0x8e, 0x8b, 0x81, 0x7e, 0x84, 0x7e, 0x7e, 0x72,
  0x6f, 0x7d, 0x82, 0x84, 0x80, 0x7a, 0x7d, 0x84, 0x7f, 0x79, 0x75, 0x76,
  0x7d, 0x81, 0x7c, 0x7d, 0x80, 0x82, 0x8b, 0x7e, 0x64, 0x4c, 0x81, 0x7a,
  0x8a, 0x96, 0x6b, 0x94, 0x92, 0x9c, 0x88, 0x80, 0x67, 0x7e, 0x90, 0x76,
  0x8a, 0x72, 0x85, 0x95, 0x9a, 0x83, 0x81, 0x7c, 0x7e, 0x8f, 0x77, 0x75,
  0x78, 0x83, 0x8b, 0x8f, 0x7f, 0x7b, 0x7f, 0x7e, 0x7e, 0x71, 0x6b, 0x73,
  0x80, 0x85, 0x83, 0x7f, 0x80, 0x86, 0x85, 0x7e, 0x79, 0x7a, 0x81, 0x80,
  0x7d, 0x7a, 0x7d, 0x84, 0x8b, 0x82, 0x68, 0x4e, 0x79, 0x7d, 0x85, 0x92,
  0x6a, 0x89, 0x8e, 0x99, 0x8a, 0x80, 0x6b, 0x7e, 0x91, 0x7d, 0x8e, 0x75,
  0x88, 0x93, 0x9b, 0x86, 0x83, 0x7a, 0x7b, 0x8b, 0x71, 0x74, 0x6f, 0x80,
  0x84, 0x8c, 0x7e, 0x79, 0x81, 0x80, 0x84, 0x74, 0x6f, 0x71, 0x81, 0x84,
  0x86, 0x82, 0x7f, 0x8b, 0x87, 0x83, 0x7d, 0x7a, 0x7d, 0x83, 0x7e, 0x7a,
  0x7d, 0x81, 0x86, 0x7d, 0x60, 0x54, 0x7f, 0x73, 0x8b, 0x84, 0x67, 0x8d,
  0x8e, 0x98, 0x8c, 0x87, 0x6d, 0x91, 0x8b, 0x81, 0x8a, 0x71, 0x88, 0x90,
  0x93, 0x7b, 0x83, 0x71, 0x80, 0x88, 0x72, 0x75, 0x72, 0x80, 0x86, 0x8d,
  0x7c, 0x82, 0x81, 0x83, 0x86, 0x77, 0x72, 0x7b, 0x82, 0x82, 0x8a, 0x7d,
  0x85, 0x8a, 0x85, 0x82, 0x7c, 0x7b, 0x80, 0x83, 0x78, 0x7b, 0x79, 0x80,
  0x82, 0x71, 0x54, 0x6d, 0x7c, 0x7c, 0x94, 0x6e, 0x7c, 0x8e, 0x94, 0x96,
  0x8c, 0x76, 0x7c, 0x97, 0x82, 0x87, 0x79, 0x77, 0x88, 0x91, 0x85, 0x7f,
  0x7d, 0x76, 0x8a, 0x7e, 0x74, 0x73, 0x7c, 0x81, 0x8e, 0x86, 0x7c, 0x87,
  0x85, 0x88, 0x7d, 0x75, 0x73, 0x7e, 0x80, 0x81, 0x80, 0x7e, 0x88, 0x88,
  0x86, 0x80, 0x7a, 0x7a, 0x80, 0x7c, 0x79, 0x77, 0x7a, 0x7d, 0x72, 0x5b,
  0x77, 0x79, 0x7e, 0x8d, 0x74, 0x7e, 0x89, 0x8f, 0x8c, 0x8e, 0x78, 0x85,
  0x8f, 0x85, 0x87, 0x7a, 0x79, 0x82, 0x8c, 0x80, 0x83, 0x7e, 0x81, 0x8b,
  0x85, 0x7b, 0x77, 0x7b, 0x7e, 0x87, 0x83, 0x7d, 0x81, 0x85, 0x84, 0x82,
  0x79, 0x79, 0x7e, 0x81, 0x7e, 0x7e, 0x7c, 0x81, 0x88, 0x82, 0x83, 0x7e,
  0x7f, 0x7f, 0x7e, 0x79, 0x7a, 0x77, 0x76, 0x67, 0x62, 0x7e, 0x76, 0x84,
  0x86, 0x76, 0x84, 0x85, 0x85, 0x88, 0x80, 0x7c, 0x88, 0x8b, 0x86, 0x8a,
  0x82, 0x82, 0x8b, 0x86, 0x83, 0x85, 0x7e, 0x82, 0x8a, 0x80, 0x7f, 0x7d,
  0x7a, 0x7e, 0x82, 0x7d, 0x80, 0x7f, 0x80, 0x83, 0x7f, 0x7f, 0x7d, 0x80,
  0x7f, 0x80, 0x7e, 0x80, 0x82, 0x82, 0x84, 0x80, 0x80, 0x82, 0x82, 0x7e,
  0x7e, 0x7a, 0x78, 0x74, 0x65, 0x6b, 0x78, 0x73, 0x81, 0x7d, 0x73, 0x87,
  0x80, 0x87, 0x87, 0x7d, 0x83, 0x8c, 0x8f, 0x8c, 0x8f, 0x84, 0x88, 0x86,
  0x82, 0x7e, 0x80, 0x7f, 0x80, 0x86, 0x7d, 0x84, 0x80, 0x7f, 0x7c, 0x7b,
  0x7d, 0x7d, 0x81, 0x7f, 0x7f, 0x80, 0x83, 0x81, 0x82, 0x7c, 0x7c, 0x7c,
  0x7c, 0x7f, 0x7e, 0x80, 0x83, 0x85, 0x87, 0x86, 0x80, 0x81, 0x7d, 0x7a,
  0x78, 0x72, 0x6f, 0x78, 0x78, 0x77, 0x79, 0x75, 0x77, 0x7b, 0x7b, 0x7a,
  0x7d, 0x7b, 0x84, 0x8a, 0x8b, 0x90, 0x92, 0x8f, 0x8e, 0x8a, 0x85, 0x86,
  0x82, 0x84, 0x84, 0x80, 0x81, 0x85, 0x86, 0x82, 0x7f, 0x7c, 0x7a, 0x7e,
  0x7c, 0x7a, 0x79, 0x78, 0x7e, 0x7f, 0x7f, 0x7e, 0x7f, 0x7f, 0x83, 0x83,
  0x81, 0x7d, 0x80, 0x80, 0x81, 0x81, 0x81, 0x7f, 0x7c, 0x7b, 0x72, 0x77,
  0x74, 0x71, 0x77, 0x75, 0x75, 0x7b, 0x7a, 0x7d, 0x83, 0x7f, 0x81, 0x88,
  0x8a, 0x8e, 0x95, 0x8c, 0x8c, 0x8a, 0x87, 0x87, 0x82, 0x81, 0x83, 0x87,
  0x84, 0x85, 0x81, 0x7f, 0x82, 0x7f, 0x7c, 0x7b, 0x79, 0x7a, 0x7b, 0x7a,
  0x7b, 0x80, 0x7f, 0x83, 0x82, 0x7d, 0x7d, 0x7e, 0x7f, 0x7e, 0x80, 0x7e,
  0x85, 0x85, 0x84, 0x81, 0x7f, 0x7d, 0x76, 0x76, 0x72, 0x73, 0x73, 0x76,
  0x76, 0x79, 0x79, 0x7e, 0x80, 0x80, 0x82, 0x81, 0x89, 0x87, 0x8c, 0x8d,
  0x8c, 0x8c, 0x8d, 0x8c, 0x8a, 0x89, 0x83, 0x83, 0x82, 0x7f, 0x80, 0x7e,
  0x7b, 0x7d, 0x7e, 0x7e, 0x7f, 0x7d, 0x77, 0x79, 0x79, 0x79, 0x7b, 0x7a,
  0x7d, 0x80, 0x7f, 0x82, 0x81, 0x7f, 0x82, 0x82, 0x80, 0x80, 0x83, 0x80,
  0x85, 0x80, 0x7b, 0x7b, 0x78, 0x78, 0x76, 0x73, 0x72, 0x78, 0x74, 0x79,
  0x79, 0x7b, 0x81, 0x80, 0x84, 0x86, 0x8b, 0x8b, 0x90, 0x8e, 0x8b, 0x8b,
  0x8b, 0x8a, 0x87, 0x87, 0x83, 0x84, 0x7f, 0x81, 0x7f, 0x7e, 0x7e, 0x7b,
  0x7d, 0x7d, 0x7c, 0x7c, 0x75, 0x74, 0x77, 0x78, 0x7b, 0x7d, 0x7e, 0x7e,
  0x82, 0x81, 0x82, 0x80, 0x7d, 0x80, 0x81, 0x82, 0x86, 0x87, 0x82, 0x85,
  0x80, 0x76, 0x79, 0x74, 0x71, 0x73, 0x71, 0x71, 0x73, 0x79, 0x7d, 0x80,
  0x83, 0x84, 0x8a, 0x8d, 0x8e, 0x8f, 0x8e, 0x8a, 0x8c, 0x8e, 0x8c, 0x8c,
  0x88, 0x85, 0x85, 0x83, 0x7d, 0x7b, 0x7c, 0x79, 0x7a, 0x7c, 0x78, 0x7a,
  0x7a, 0x7a, 0x79, 0x77, 0x77, 0x7a, 0x7f, 0x7c, 0x7f, 0x7f, 0x80, 0x85,
  0x87, 0x84, 0x83, 0x85, 0x83, 0x84, 0x82, 0x81, 0x80, 0x7e, 0x7b, 0x72,
  0x75, 0x75, 0x70, 0x74, 0x72, 0x72, 0x75, 0x7c, 0x7e, 0x82, 0x84, 0x86,
  0x8d, 0x8c, 0x90, 0x90, 0x8e, 0x88, 0x8c, 0x8a, 0x88, 0x8b, 0x85, 0x84,
  0x7f, 0x7e, 0x7c, 0x7a, 0x78, 0x78, 0x79, 0x79, 0x7e, 0x7a, 0x79, 0x7b,
  0x7a, 0x7a, 0x7a, 0x7e, 0x80, 0x82, 0x84, 0x81, 0x83, 0x86, 0x86, 0x87,
  0x81, 0x7f, 0x84, 0x82, 0x82, 0x81, 0x7b, 0x7d, 0x7b, 0x76, 0x78, 0x75,
  0x71, 0x75, 0x75, 0x72, 0x74, 0x79, 0x7e, 0x82, 0x84, 0x86, 0x8c, 0x8f,
  0x90, 0x91, 0x8e, 0x87, 0x89, 0x8a, 0x84, 0x87, 0x83, 0x80, 0x7f, 0x7e,
  0x7f, 0x78, 0x7a, 0x79, 0x7c, 0x7c, 0x79, 0x7d, 0x79, 0x7d, 0x7b, 0x7b,
  0x78, 0x7f, 0x80, 0x84, 0x86, 0x80, 0x84, 0x81, 0x85, 0x85, 0x83, 0x81,
  0x84, 0x85, 0x82, 0x81, 0x7f, 0x7d, 0x78, 0x73, 0x74, 0x74, 0x6f, 0x73,
  0x73, 0x73, 0x77, 0x7a, 0x7d, 0x80, 0x84, 0x86, 0x8c, 0x8d, 0x8e, 0x8f,
  0x8e, 0x89, 0x86, 0x88, 0x84, 0x89, 0x85, 0x82, 0x81, 0x7e, 0x80, 0x7c,
  0x79, 0x78, 0x7c, 0x7b, 0x7a, 0x7d, 0x7b, 0x7d, 0x7d, 0x7d, 0x7c, 0x7f,
  0x80, 0x84, 0x83, 0x80, 0x83, 0x81, 0x85, 0x83, 0x83, 0x82, 0x84, 0x85,
  0x82, 0x7e, 0x7b, 0x7e, 0x77, 0x74, 0x73, 0x73, 0x70, 0x74, 0x75, 0x70,
  0x74, 0x79, 0x80, 0x82, 0x84, 0x83, 0x87, 0x8d, 0x8e, 0x92, 0x8c, 0x8b,
  0x8b, 0x88, 0x87, 0x88, 0x87, 0x82, 0x84, 0x7c, 0x7c, 0x7e, 0x7c, 0x7d,
  0x7d, 0x7c, 0x7c, 0x7f, 0x7d, 0x7e, 0x7b, 0x7a, 0x7a, 0x7d, 0x7e, 0x84,
  0x83, 0x81, 0x83, 0x83, 0x83, 0x83, 0x81, 0x7f, 0x83, 0x81, 0x81, 0x7f,
  0x7c, 0x7b, 0x7b, 0x71, 0x71, 0x75, 0x70, 0x72, 0x76, 0x70, 0x70, 0x7c,
  0x7c, 0x83, 0x87, 0x85, 0x89, 0x8e, 0x8d, 0x90, 0x8d, 0x88, 0x8b, 0x8b,
  0x87, 0x87, 0x8a, 0x84, 0x85, 0x81, 0x7c, 0x7e, 0x7d, 0x7c, 0x7d, 0x7a,
  0x7a, 0x7e, 0x7f, 0x7e, 0x7d, 0x7b, 0x79, 0x7d, 0x7e, 0x80, 0x80, 0x7f,
  0x80, 0x84, 0x84, 0x82, 0x81, 0x82, 0x84, 0x80, 0x80, 0x7b, 0x7c, 0x7e,
  0x7b, 0x77, 0x6e, 0x73, 0x77, 0x74, 0x73, 0x74, 0x72, 0x76, 0x81, 0x7d,
  0x83, 0x87, 0x88, 0x90, 0x90, 0x8c, 0x8e, 0x90, 0x8b, 0x8b, 0x86, 0x83,
  0x88, 0x87, 0x87, 0x82, 0x7f, 0x7d, 0x81, 0x7f, 0x7e, 0x7c, 0x78, 0x7b,
  0x7b, 0x7d, 0x7b, 0x7c, 0x7a, 0x7b, 0x7f, 0x80, 0x80, 0x81, 0x81, 0x80,
  0x81, 0x7f, 0x7e, 0x81, 0x81, 0x80, 0x80, 0x7f, 0x7d, 0x7f, 0x7c, 0x78,
  0x71, 0x72, 0x79, 0x74, 0x73, 0x77, 0x79, 0x75, 0x7f, 0x80, 0x81, 0x85,
  0x88, 0x8c, 0x8c, 0x8b, 0x8e, 0x92, 0x8d, 0x8e, 0x88, 0x86, 0x86, 0x88,
  0x86, 0x82, 0x81, 0x7b, 0x7d, 0x7e, 0x7e, 0x80, 0x7d, 0x7e, 0x7b, 0x7c,
  0x7b, 0x7a, 0x76, 0x77, 0x7b, 0x7a, 0x81, 0x7d, 0x81, 0x83, 0x80, 0x83,
  0x81, 0x7f, 0x81, 0x80, 0x7c, 0x80, 0x80, 0x80, 0x7f, 0x7e, 0x7a, 0x75,
  0x76, 0x76, 0x74, 0x73, 0x78, 0x74, 0x76, 0x7c, 0x7e, 0x86, 0x87, 0x8a,
  0x8c, 0x8a, 0x8d, 0x91, 0x8f, 0x8c, 0x8b, 0x88, 0x86, 0x87, 0x87, 0x87,
  0x83, 0x7f, 0x81, 0x7d, 0x7c, 0x7e, 0x7a, 0x7a, 0x7b, 0x7a, 0x7a, 0x79,
  0x77, 0x79, 0x7a, 0x7b, 0x7e, 0x7d, 0x7f, 0x84, 0x83, 0x81, 0x82, 0x82,
  0x81, 0x82, 0x80, 0x7e, 0x7e, 0x7e, 0x7d, 0x7f, 0x7f, 0x74, 0x73, 0x78,
  0x77, 0x75, 0x77, 0x73, 0x74, 0x78, 0x7c, 0x81, 0x84, 0x84, 0x8b, 0x8e,
  0x8a, 0x90, 0x8e, 0x90, 0x8d, 0x8d, 0x87, 0x86, 0x87, 0x86, 0x89, 0x7f,
  0x80, 0x7f, 0x7e, 0x7b, 0x7c, 0x7a, 0x78, 0x7b, 0x78, 0x78, 0x76, 0x78,
  0x7c, 0x7c, 0x7d, 0x80, 0x82, 0x82, 0x83, 0x82, 0x7e, 0x83, 0x7f, 0x80,
  0x83, 0x7f, 0x80, 0x83, 0x7f, 0x81, 0x81, 0x80, 0x6a, 0x64, 0x76, 0x6d,
  0x7e, 0x78, 0x71, 0x75, 0x77, 0x87, 0x8d, 0x8f, 0x86, 0x8b, 0x82, 0x8b,
  0x96, 0x91, 0x93, 0x89, 0x84, 0x81, 0x8a, 0x86, 0x84, 0x79, 0x6a, 0x75,
  0x76, 0x80, 0x84, 0x7a, 0x77, 0x7c, 0x82, 0x8a, 0x8c, 0x7d, 0x78, 0x77,
  0x80, 0x8b, 0x8c, 0x82, 0x7d, 0x7e, 0x7f, 0x87, 0x82, 0x7a, 0x78, 0x79,
  0x79, 0x80, 0x7b, 0x7a, 0x7d, 0x74, 0x69, 0x5b, 0x79, 0x79, 0x86, 0x8e,
  0x77, 0x86, 0x7f, 0x90, 0x94, 0x8d, 0x81, 0x80, 0x89, 0x84, 0x95, 0x86,
  0x7d, 0x7d, 0x7c, 0x86, 0x83, 0x7c, 0x71, 0x77, 0x79, 0x82, 0x8d, 0x7f,
  0x82, 0x7e, 0x83, 0x86, 0x85, 0x7e, 0x78, 0x7e, 0x7a, 0x86, 0x85, 0x82,
  0x81, 0x7f, 0x7f, 0x84, 0x80, 0x7a, 0x7c, 0x79, 0x82, 0x83, 0x81, 0x7d,
  0x79, 0x7c, 0x82, 0x84, 0x7f, 0x6d, 0x52, 0x68, 0x85, 0x89, 0x9c, 0x7a,
  0x6f, 0x7e, 0x7f, 0x91, 0x8c, 0x78, 0x70, 0x87, 0x8c, 0x97, 0x92, 0x77,
  0x7c, 0x81, 0x88, 0x8e, 0x82, 0x71, 0x78, 0x82, 0x89, 0x93, 0x83, 0x78,
  0x7e, 0x83, 0x84, 0x87, 0x79, 0x72, 0x7f, 0x7e, 0x87, 0x85, 0x7b, 0x7c,
  0x80, 0x80, 0x82, 0x83, 0x76, 0x7e, 0x7e, 0x7e, 0x87, 0x80, 0x7e, 0x7c,
  0x7e, 0x80, 0x88, 0x7e, 0x69, 0x4c, 0x66, 0x85, 0x8a, 0x9f, 0x72, 0x70,
  0x7a, 0x83, 0x96, 0x8b, 0x7c, 0x72, 0x8d, 0x8f, 0x94, 0x8e, 0x73, 0x7b,
  0x82, 0x8d, 0x8f, 0x84, 0x74, 0x76, 0x84, 0x86, 0x8f, 0x7f, 0x76, 0x7c,
  0x83, 0x88, 0x88, 0x7d, 0x74, 0x7d, 0x7e, 0x83, 0x80, 0x77, 0x7a, 0x82,
  0x84, 0x88, 0x83, 0x7a, 0x7b, 0x7b, 0x7e, 0x80, 0x7d, 0x7b, 0x7b, 0x7d,
  0x81, 0x87, 0x7d, 0x6a, 0x4e, 0x60, 0x88, 0x8a, 0xa0, 0x7f, 0x6d, 0x7c,
  0x81, 0x93, 0x8e, 0x82, 0x70, 0x89, 0x95, 0x90, 0x95, 0x78, 0x71, 0x81,
  0x8a, 0x8f, 0x89, 0x77, 0x72, 0x86, 0x8b, 0x8e, 0x8b, 0x76, 0x78, 0x83,
  0x85, 0x84, 0x7c, 0x74, 0x7b, 0x84, 0x83, 0x7b, 0x78, 0x76, 0x7d, 0x86,
  0x81, 0x7f, 0x7b, 0x78, 0x7a, 0x7d, 0x7d, 0x7f, 0x7e, 0x7a, 0x81, 0x83,
  0x85, 0x80, 0x68, 0x45, 0x5f, 0x8c, 0x8a, 0xa6, 0x82, 0x65, 0x7d, 0x7c,
  0x90, 0x8f, 0x80, 0x70, 0x84, 0x97, 0x90, 0x97, 0x83, 0x70, 0x85, 0x8d,
  0x90, 0x8e, 0x7a, 0x75, 0x81, 0x8c, 0x8a, 0x8a, 0x7b, 0x76, 0x83, 0x84,
  0x82, 0x7d, 0x76, 0x75, 0x7f, 0x82, 0x81, 0x7e, 0x78, 0x7a, 0x7f, 0x7f,
  0x81, 0x7e, 0x78, 0x79, 0x79, 0x80, 0x81, 0x81, 0x7d, 0x7d, 0x82, 0x84,
  0x7f, 0x6f, 0x58, 0x53, 0x7c, 0x89, 0x96, 0x92, 0x6e, 0x76, 0x7d, 0x8b,
  0x91, 0x86, 0x78, 0x7a, 0x96, 0x97, 0x95, 0x8d, 0x72, 0x7a, 0x8b, 0x90,
  0x90, 0x80, 0x76, 0x76, 0x86, 0x8d, 0x88, 0x84, 0x72, 0x7b, 0x85, 0x84,
  0x85, 0x7a, 0x75, 0x77, 0x80, 0x80, 0x82, 0x7b, 0x75, 0x7b, 0x80, 0x86,
  0x82, 0x7b, 0x76, 0x7c, 0x80, 0x85, 0x82, 0x7b, 0x79, 0x7f, 0x85, 0x84,
  0x7b, 0x5b, 0x40, 0x6c, 0x8e, 0x93, 0xaa, 0x78, 0x65, 0x75, 0x7e, 0x9a,
  0x8d, 0x7d, 0x70, 0x82, 0xa0, 0x99, 0x98, 0x7c, 0x6b, 0x83, 0x90, 0x9a,
  0x8d, 0x78, 0x73, 0x79, 0x8e, 0x90, 0x87, 0x79, 0x6b, 0x7a, 0x83, 0x84,
  0x7a, 0x74, 0x76, 0x78, 0x87, 0x87, 0x81, 0x76, 0x75, 0x7b, 0x86, 0x89,
  0x82, 0x7e, 0x79, 0x7f, 0x86, 0x83, 0x7b, 0x77, 0x79, 0x7d, 0x88, 0x84,
  0x71, 0x46, 0x41, 0x89, 0x96, 0xa4, 0xa6, 0x63, 0x66, 0x74, 0x89, 0x9d,
  0x85, 0x7b, 0x72, 0x8f, 0xa6, 0x97, 0x91, 0x6f, 0x6b, 0x85, 0x91, 0x9b,
  0x83, 0x77, 0x75, 0x77, 0x90, 0x8f, 0x81, 0x75, 0x6e, 0x78, 0x82, 0x85,
  0x7f, 0x76, 0x74, 0x7b, 0x80, 0x88, 0x83, 0x76, 0x7a, 0x7c, 0x84, 0x87,
  0x82, 0x79, 0x7a, 0x83, 0x83, 0x85, 0x7b, 0x79, 0x7e, 0x82, 0x8a, 0x81,
  0x63, 0x3c, 0x57, 0x95, 0x9a, 0xac, 0x92, 0x5d, 0x6c, 0x76, 0x90, 0x95,
  0x80, 0x7f, 0x76, 0x94, 0xa4, 0x93, 0x89, 0x6f, 0x69, 0x83, 0x94, 0x97,
  0x84, 0x76, 0x71, 0x76, 0x94, 0x92, 0x80, 0x73, 0x69, 0x79, 0x83, 0x8a,
  0x81, 0x70, 0x71, 0x7b, 0x8c, 0x90, 0x83, 0x72, 0x74, 0x80, 0x8e, 0x8e,
  0x80, 0x75, 0x77, 0x82, 0x83, 0x83, 0x7b, 0x78, 0x7e, 0x86, 0x87, 0x80,
  0x6b, 0x3d, 0x4b, 0x8e, 0x97, 0xa8, 0xa3, 0x61, 0x61, 0x71, 0x89, 0x9b,
  0x88, 0x84, 0x70, 0x83, 0xa6, 0x94, 0x91, 0x7a, 0x64, 0x7e, 0x8f, 0x9c,
  0x8d, 0x76, 0x72, 0x6c, 0x89, 0x98, 0x82, 0x78, 0x6d, 0x71, 0x80, 0x8b,
  0x87, 0x79, 0x77, 0x79, 0x86, 0x8f, 0x85, 0x76, 0x75, 0x7d, 0x87, 0x8d,
  0x88, 0x7c, 0x76, 0x77, 0x7c, 0x7f, 0x7e, 0x7a, 0x77, 0x7d, 0x85, 0x85,
  0x75, 0x4c, 0x3a, 0x7c, 0x98, 0xa3, 0xb6, 0x76, 0x5c, 0x69, 0x80, 0x9f,
  0x96, 0x8e, 0x7a, 0x73, 0x98, 0x9b, 0x8f, 0x88, 0x67, 0x6d, 0x86, 0x93,
  0x9b, 0x83, 0x75, 0x6f, 0x76, 0x91, 0x8e, 0x82, 0x77, 0x71, 0x79, 0x88,
  0x92, 0x86, 0x79, 0x77, 0x7b, 0x85, 0x8b, 0x7e, 0x6f, 0x70, 0x78, 0x86,
  0x8b, 0x82, 0x74, 0x6d, 0x75, 0x7d, 0x82, 0x83, 0x78, 0x7c, 0x87, 0x89,
  0x84, 0x64, 0x39, 0x5c, 0x95, 0x99, 0xb6, 0x9d, 0x60, 0x61, 0x70, 0x8e,
  0x9e, 0x94, 0x86, 0x71, 0x81, 0x9d, 0x91, 0x8e, 0x7c, 0x65, 0x78, 0x8a,
  0x99, 0x94, 0x80, 0x77, 0x6d, 0x7e, 0x94, 0x8a, 0x84, 0x7a, 0x6e, 0x7a,
  0x88, 0x8e, 0x82, 0x79, 0x72, 0x6f, 0x87, 0x8a, 0x7c, 0x75, 0x73, 0x78,
  0x85, 0x8c, 0x7f, 0x74, 0x74, 0x78, 0x7f, 0x84, 0x81, 0x7d, 0x82, 0x86,
  0x84, 0x77, 0x50, 0x40, 0x75, 0x97, 0xa1, 0xb8, 0x89, 0x5e, 0x68, 0x75,
  0x97, 0x9e, 0x93, 0x86, 0x70, 0x85, 0x98, 0x90, 0x90, 0x79, 0x66, 0x79,
  0x8e, 0x9b, 0x93, 0x81, 0x73, 0x67, 0x7c, 0x8e, 0x87, 0x84, 0x78, 0x6f,
  0x77, 0x84, 0x89, 0x7e, 0x79, 0x77, 0x7b, 0x87, 0x85, 0x79, 0x71, 0x74,
  0x7e, 0x87, 0x88, 0x7d, 0x76, 0x75, 0x7c, 0x84, 0x83, 0x81, 0x7c, 0x81,
  0x83, 0x83, 0x74, 0x4a, 0x4e, 0x88, 0x98, 0xab, 0xb9, 0x7b, 0x5f, 0x68,
  0x79, 0x97, 0x9e, 0x94, 0x7f, 0x74, 0x8a, 0x96, 0x8e, 0x8b, 0x71, 0x68,
  0x78, 0x8a, 0x94, 0x8f, 0x80, 0x6e, 0x6a, 0x7f, 0x8a, 0x88, 0x8a, 0x79,
  0x6d, 0x76, 0x83, 0x87, 0x82, 0x7c, 0x75, 0x7c, 0x84, 0x81, 0x78, 0x73,
  0x78, 0x7e, 0x87, 0x87, 0x7d, 0x75, 0x74, 0x7c, 0x81, 0x86, 0x84, 0x7d,
  0x82, 0x88, 0x84, 0x77, 0x50, 0x4d, 0x8a, 0x9c, 0xac, 0xb6, 0x7b, 0x59,
  0x67, 0x75, 0x8f, 0x9b, 0x90, 0x81, 0x73, 0x83, 0x92, 0x8d, 0x8b, 0x74,
  0x66, 0x7a, 0x8d, 0x98, 0x96, 0x83, 0x6f, 0x69, 0x79, 0x88, 0x88, 0x87,
  0x7b, 0x6b, 0x72, 0x85, 0x8e, 0x86, 0x7d, 0x76, 0x72, 0x7e, 0x83, 0x78,
  0x75, 0x79, 0x81, 0x87, 0x8b, 0x83, 0x75, 0x78, 0x80, 0x82, 0x83, 0x85,
  0x80, 0x85, 0x88, 0x85, 0x72, 0x48, 0x52, 0x8d, 0x98, 0xaa, 0xb1, 0x6f,
  0x59, 0x65, 0x75, 0x92, 0x9e, 0x92, 0x80, 0x76, 0x84, 0x92, 0x8c, 0x8b,
  0x74, 0x66, 0x7e, 0x8b, 0x95, 0x95, 0x81, 0x6d, 0x6c, 0x7f, 0x8e, 0x88,
  0x85, 0x7a, 0x6c, 0x76, 0x81, 0x86, 0x84, 0x7f, 0x74, 0x77, 0x82, 0x81,
  0x7f, 0x7b, 0x7b, 0x7d, 0x87, 0x8a, 0x81, 0x78, 0x78, 0x7d, 0x80, 0x87,
  0x87, 0x83, 0x82, 0x85, 0x83, 0x6e, 0x45, 0x4c, 0x87, 0x95, 0xa7, 0xb3,
  0x77, 0x59, 0x65, 0x74, 0x91, 0x9e, 0x94, 0x82, 0x75, 0x7f, 0x8e, 0x8c,
  0x8c, 0x7d, 0x6d, 0x7b, 0x86, 0x8e, 0x94, 0x86, 0x74, 0x6c, 0x76, 0x87,
  0x89, 0x8b, 0x85, 0x72, 0x75, 0x7f, 0x82, 0x85, 0x7e, 0x7d, 0x7a, 0x7e,
  0x7e, 0x7a, 0x7a, 0x7d, 0x82, 0x81, 0x85, 0x7d, 0x79, 0x7a, 0x7c, 0x7e,
  0x82, 0x89, 0x87, 0x84, 0x83, 0x7f, 0x6f, 0x4e, 0x51, 0x85, 0x95, 0xa2,
  0xb0, 0x7d, 0x59, 0x65, 0x72, 0x89, 0x9c, 0x95, 0x86, 0x75, 0x7b, 0x8b,
  0x89, 0x8e, 0x7f, 0x6c, 0x7c, 0x8a, 0x93, 0x9a, 0x8d, 0x76, 0x69, 0x71,
  0x85, 0x8b, 0x8e, 0x88, 0x70, 0x6f, 0x7a, 0x84, 0x86, 0x80, 0x75, 0x74,
  0x7f, 0x83, 0x7e, 0x79, 0x76, 0x7b, 0x89, 0x8f, 0x82, 0x79, 0x7a, 0x77,
  0x81, 0x86, 0x88, 0x82, 0x83, 0x84, 0x7e, 0x66, 0x3c, 0x5b, 0x8d, 0x92,
  0xab, 0xac, 0x6a, 0x58, 0x6a, 0x78, 0x98, 0x9f, 0x95, 0x81, 0x72, 0x86,
  0x93, 0x8c, 0x8f, 0x76, 0x66, 0x7f, 0x8c, 0x98, 0x99, 0x80, 0x6e, 0x6c,
  0x7d, 0x8b, 0x8a, 0x83, 0x79, 0x6f, 0x74, 0x83, 0x85, 0x7e, 0x7d, 0x7e,
  0x7a, 0x80, 0x7d, 0x76, 0x7a, 0x80, 0x87, 0x8c, 0x87, 0x7e, 0x78, 0x77,
  0x7d, 0x80, 0x86, 0x85, 0x81, 0x83, 0x7e, 0x69, 0x44, 0x53, 0x88, 0x92,
  0xa6, 0xb4, 0x76, 0x59, 0x69, 0x73, 0x8f, 0xa2, 0x99, 0x83, 0x77, 0x83,
  0x93, 0x8f, 0x8e, 0x7b, 0x68, 0x78, 0x8a, 0x94, 0x93, 0x87, 0x73, 0x6b,
  0x79, 0x8a, 0x85, 0x84, 0x7d, 0x6a, 0x6f, 0x81, 0x8d, 0x86, 0x81, 0x82,
  0x7a, 0x7b, 0x82, 0x79, 0x74, 0x80, 0x87, 0x89, 0x8b, 0x80, 0x71, 0x74,
  0x7e, 0x7c, 0x85, 0x8a, 0x7f, 0x7e, 0x7d, 0x6b, 0x41, 0x52, 0x8e, 0x92,
  0xa8, 0xb9, 0x78, 0x56, 0x67, 0x76, 0x94, 0xa2, 0x99, 0x82, 0x71, 0x82,
  0x94, 0x8d, 0x8e, 0x7c, 0x67, 0x77, 0x8a, 0x91, 0x91, 0x85, 0x6d, 0x67,
  0x7b, 0x8b, 0x8a, 0x88, 0x7c, 0x6c, 0x75, 0x84, 0x8a, 0x7f, 0x79, 0x7c,
  0x7e, 0x84, 0x85, 0x7a, 0x73, 0x7b, 0x86, 0x8e, 0x8e, 0x7f, 0x6f, 0x73,
  0x7c, 0x84, 0x89, 0x88, 0x85, 0x7f, 0x7a, 0x5b, 0x3a, 0x6a, 0x98, 0x96,
  0xb9, 0xa0, 0x5d, 0x5b, 0x6c, 0x84, 0x9d, 0x9e, 0x90, 0x74, 0x70, 0x8f,
  0x94, 0x8f, 0x8d, 0x6e, 0x69, 0x84, 0x92, 0x9a, 0x8b, 0x76, 0x66, 0x68,
  0x88, 0x92, 0x87, 0x83, 0x74, 0x6b, 0x7a, 0x8a, 0x83, 0x7b, 0x7f, 0x7c,
  0x7c, 0x85, 0x85, 0x78, 0x79, 0x83, 0x87, 0x87, 0x84, 0x79, 0x70, 0x78,
  0x7e, 0x84, 0x8d, 0x8a, 0x82, 0x7b, 0x5f, 0x3b, 0x5a, 0x92, 0x99, 0xaf,
  0xa4, 0x67, 0x5b, 0x68, 0x80, 0x9c, 0x9a, 0x90, 0x7c, 0x6f, 0x8c, 0x96,
  0x8e, 0x8b, 0x73, 0x6d, 0x7f, 0x91, 0x99, 0x8e, 0x7a, 0x68, 0x68, 0x84,
  0x8e, 0x8a, 0x84, 0x73, 0x6d, 0x74, 0x83, 0x87, 0x84, 0x85, 0x7c, 0x7a,
  0x81, 0x80, 0x7b, 0x7a, 0x83, 0x84, 0x86, 0x83, 0x78, 0x73, 0x78, 0x7d,
  0x85, 0x90, 0x8c, 0x82, 0x70, 0x45, 0x35, 0x75, 0x9d, 0xa4, 0xbb, 0x8a,
  0x53, 0x5c, 0x6f, 0x92, 0xa1, 0x96, 0x8b, 0x6f, 0x7e, 0x9a, 0x92, 0x91,
  0x7b, 0x64, 0x75, 0x8d, 0xa1, 0x9a, 0x80, 0x70, 0x5d, 0x71, 0x93, 0x90,
  0x89, 0x7f, 0x6e, 0x6b, 0x7b, 0x88, 0x87, 0x85, 0x85, 0x7f, 0x7d, 0x7e,
  0x7a, 0x78, 0x7f, 0x86, 0x89, 0x86, 0x7a, 0x72, 0x6d, 0x7a, 0x87, 0x8a,
  0x8d, 0x89, 0x75, 0x4e, 0x35, 0x61, 0x9b, 0xa2, 0xba, 0x98, 0x57, 0x5a,
  0x6e, 0x91, 0x9f, 0x93, 0x89, 0x71, 0x80, 0xa1, 0x93, 0x8d, 0x7b, 0x5f,
  0x72, 0x8d, 0xa4, 0x9e, 0x82, 0x6f, 0x5d, 0x71, 0x8e, 0x90, 0x8c, 0x7d,
  0x73, 0x71, 0x7f, 0x89, 0x7f, 0x7f, 0x82, 0x80, 0x82, 0x85, 0x7c, 0x73,
  0x78, 0x85, 0x88, 0x87, 0x83, 0x72, 0x6d, 0x79, 0x83, 0x8d, 0x90, 0x7f,
  0x5d, 0x30, 0x4a, 0x91, 0x9d, 0xb3, 0xac, 0x64, 0x58, 0x69, 0x84, 0x9f,
  0x93, 0x8b, 0x73, 0x74, 0x9d, 0x9d, 0x95, 0x83, 0x5e, 0x66, 0x7f, 0x9e,
  0xa6, 0x8c, 0x81, 0x62, 0x69, 0x8b, 0x8b, 0x87, 0x80, 0x78, 0x76, 0x83,
  0x8e, 0x82, 0x7a, 0x7b, 0x7e, 0x82, 0x85, 0x7d, 0x74, 0x7c, 0x84, 0x89,
  0x8b, 0x84, 0x71, 0x6d, 0x7a, 0x84, 0x8f, 0x90, 0x7d, 0x50, 0x22, 0x4f,
  0x97, 0x9e, 0xc0, 0xa0, 0x51, 0x57, 0x6e, 0x96, 0xa4, 0x93, 0x84, 0x5f,
  0x7e, 0xa9, 0xa0, 0xa2, 0x78, 0x55, 0x6a, 0x8b, 0xac, 0x9c, 0x89, 0x74,
  0x57, 0x7d, 0x95, 0x8e, 0x84, 0x70, 0x6c, 0x77, 0x90, 0x90, 0x7d, 0x77,
  0x75, 0x7d, 0x8b, 0x87, 0x77, 0x72, 0x79, 0x87, 0x94, 0x92, 0x83, 0x70,
  0x6e, 0x79, 0x83, 0x8b, 0x88, 0x71, 0x39, 0x28, 0x7a, 0x99, 0xa4, 0xc1,
  0x6c, 0x4e, 0x68, 0x7d, 0xa2, 0x93, 0x8a, 0x6b, 0x78, 0xae, 0x9e, 0x9d,
  0x84, 0x53, 0x67, 0x89, 0xa5, 0x9f, 0x8b, 0x7a, 0x60, 0x81, 0x93, 0x81,
  0x81, 0x6e, 0x6c, 0x84, 0x96, 0x8a, 0x7c, 0x75, 0x6e, 0x86, 0x92, 0x84,
  0x74, 0x70, 0x75, 0x87, 0x9a, 0x8b, 0x7f, 0x70, 0x6c, 0x80, 0x8f, 0x94,
  0x83, 0x67, 0x28, 0x24, 0x86, 0x97, 0xb3, 0xc4, 0x5d, 0x53, 0x6b, 0x80,
  0x9c, 0x91, 0x83, 0x5d, 0x89, 0xb1, 0x9f, 0xaa, 0x79, 0x52, 0x71, 0x88,
  0x99, 0x95, 0x86, 0x6d, 0x6c, 0x97, 0x8f, 0x85, 0x79, 0x5f, 0x68, 0x84,
  0x93, 0x85, 0x87, 0x79, 0x80, 0x96, 0x8d, 0x7a, 0x6f, 0x6c, 0x71, 0x91,
  0x94, 0x86, 0x82, 0x76, 0x79, 0x81, 0x86, 0x83, 0x6e, 0x3f, 0x20, 0x6f,
  0x94, 0x9d, 0xc8, 0x71, 0x53, 0x70, 0x81, 0x9f, 0x90, 0x85, 0x5d, 0x7e,
  0xb3, 0x9e, 0xb0, 0x88, 0x54, 0x6e, 0x84, 0x94, 0x91, 0x84, 0x6c, 0x68,
  0x93, 0x91, 0x89, 0x81, 0x63, 0x6b, 0x85, 0x87, 0x82, 0x8a, 0x77, 0x81,
  0x99, 0x8c, 0x7d, 0x74, 0x6b, 0x70, 0x8f, 0x91, 0x8a, 0x84, 0x72, 0x76,
  0x83, 0x8a, 0x89, 0x70, 0x30, 0x1c, 0x71, 0x85, 0xae, 0xc7, 0x64, 0x68,
  0x74, 0x84, 0x9b, 0x8e, 0x77, 0x54, 0x96, 0xac, 0xa3, 0xb8, 0x76, 0x58,
  0x78, 0x88, 0x90, 0x91, 0x7a, 0x5b, 0x77, 0x94, 0x91, 0x97, 0x7e, 0x62,
  0x71, 0x85, 0x82, 0x8b, 0x84, 0x6f, 0x89, 0x96, 0x8d, 0x87, 0x72, 0x60,
  0x71, 0x86, 0x89, 0x90, 0x85, 0x77, 0x83, 0x86, 0x83, 0x79, 0x4e, 0x1e,
  0x54, 0x87, 0x8f, 0xc7, 0x8a, 0x62, 0x78, 0x79, 0x9a, 0x95, 0x84, 0x59,
  0x77, 0xa4, 0x9e, 0xba, 0x94, 0x60, 0x71, 0x84, 0x8c, 0x8e, 0x7f, 0x5b,
  0x68, 0x8f, 0x8f, 0x99, 0x88, 0x65, 0x70, 0x82, 0x83, 0x88, 0x81, 0x6f,
  0x85, 0x99, 0x95, 0x8c, 0x78, 0x64, 0x6d, 0x85, 0x85, 0x89, 0x83, 0x74,
  0x80, 0x8a, 0x89, 0x7e, 0x4b, 0x21, 0x66, 0x7d, 0x95, 0xc1, 0x6d, 0x6c,
  0x75, 0x87, 0xa5, 0x98, 0x84, 0x54, 0x81, 0x92, 0x9d, 0xba, 0x87, 0x72,
  0x79, 0x84, 0x8d, 0x8c, 0x76, 0x57, 0x6f, 0x80, 0x8e, 0x9a, 0x81, 0x72,
  0x79, 0x81, 0x7c, 0x85, 0x7a, 0x73, 0x8b, 0x90, 0x92, 0x8d, 0x77, 0x70,
  0x7b, 0x7c, 0x84, 0x8c, 0x7a, 0x7a, 0x83, 0x86, 0x80, 0x58, 0x34, 0x5f,
  0x71, 0x8c, 0xb4, 0x79, 0x78, 0x79, 0x85, 0xa0, 0x95, 0x85, 0x56, 0x7b,
  0x88, 0x9c, 0xb6, 0x88, 0x7c, 0x78, 0x87, 0x90, 0x8f, 0x7a, 0x5e, 0x6f,
  0x76, 0x8c, 0x9a, 0x7f, 0x73, 0x77, 0x7b, 0x82, 0x8f, 0x7a, 0x71, 0x7c,
  0x7e, 0x8d, 0x8d, 0x7f, 0x74, 0x7b, 0x80, 0x88, 0x8c, 0x7b, 0x7c, 0x7d,
  0x7b, 0x68, 0x41, 0x64, 0x6c, 0x77, 0xaa, 0x7b, 0x80, 0x7e, 0x7c, 0x9b,
  0x94, 0x92, 0x69, 0x7d, 0x81, 0x87, 0xaf, 0x8e, 0x88, 0x84, 0x7e, 0x87,
  0x8f, 0x86, 0x6e, 0x75, 0x70, 0x7b, 0x8f, 0x86, 0x7f, 0x7f, 0x7b, 0x78,
  0x8c, 0x82, 0x79, 0x7e, 0x73, 0x7e, 0x86, 0x81, 0x84, 0x81, 0x7a, 0x7c,
  0x82, 0x7c, 0x80, 0x81, 0x6d, 0x51, 0x4d, 0x71, 0x71, 0x91, 0x93, 0x70,
  0x85, 0x78, 0x90, 0x9a, 0x95, 0x86, 0x78, 0x8c, 0x7b, 0x9a, 0x98, 0x7f,
  0x87, 0x80, 0x87, 0x91, 0x96, 0x83, 0x78, 0x72, 0x69, 0x7b, 0x82, 0x7b,
  0x7e, 0x7e, 0x78, 0x88, 0x91, 0x86, 0x82, 0x7a, 0x77, 0x7f, 0x80, 0x7d,
  0x7a, 0x7b, 0x7c, 0x84, 0x86, 0x7b, 0x7b, 0x71, 0x57, 0x58, 0x6f, 0x69,
  0x7e, 0x85, 0x75, 0x84, 0x7e, 0x88, 0x90, 0x94, 0x93, 0x89, 0x8e, 0x84,
  0x8e, 0x95, 0x8c, 0x8a, 0x82, 0x7c, 0x81, 0x89, 0x8e, 0x8d, 0x85, 0x7c,
  0x78, 0x79, 0x7a, 0x7a, 0x7b, 0x77, 0x78, 0x7e, 0x82, 0x87, 0x86, 0x7f,
  0x79, 0x76, 0x79, 0x81, 0x84, 0x81, 0x7c, 0x79, 0x78, 0x7c, 0x7a, 0x70,
  0x6a, 0x72, 0x74, 0x75, 0x79, 0x78, 0x75, 0x77, 0x81, 0x81, 0x82, 0x87,
  0x86, 0x88, 0x8b, 0x8e, 0x8f, 0x90, 0x8f, 0x91, 0x8f, 0x8b, 0x87, 0x82,
  0x82, 0x81, 0x86, 0x85, 0x83, 0x7f, 0x7c, 0x7b, 0x7d, 0x84, 0x80, 0x7c,
  0x74, 0x71, 0x79, 0x7d, 0x7f, 0x7c, 0x78, 0x77, 0x7f, 0x87, 0x82, 0x7d,
  0x77, 0x73, 0x72, 0x79, 0x82, 0x75, 0x72, 0x6e, 0x6b, 0x6f, 0x74, 0x7d,
  0x7c, 0x80, 0x81, 0x85, 0x88, 0x89, 0x8e, 0x8e, 0x93, 0x94, 0x97, 0x92,
  0x8b, 0x87, 0x8b, 0x8d, 0x8d, 0x8e, 0x84, 0x7f, 0x7d, 0x7c, 0x7c, 0x7b,
  0x77, 0x77, 0x7a, 0x7a, 0x81, 0x7b, 0x76, 0x77, 0x76, 0x7c, 0x7f, 0x80,
  0x81, 0x7d, 0x7b, 0x78, 0x73, 0x79, 0x7a, 0x74, 0x71, 0x6d, 0x6d, 0x69,
  0x76, 0x7d, 0x80, 0x8c, 0x86, 0x85, 0x82, 0x83, 0x89, 0x91, 0x95, 0x92,
  0x94, 0x90, 0x8c, 0x8d, 0x8e, 0x89, 0x88, 0x86, 0x84, 0x82, 0x83, 0x84,
  0x7e, 0x7b, 0x79, 0x78, 0x78, 0x7a, 0x7c, 0x7a, 0x7b, 0x79, 0x78, 0x7c,
  0x81, 0x81, 0x7e, 0x7f, 0x77, 0x74, 0x70, 0x75, 0x7b, 0x72, 0x76, 0x6f,
  0x6e, 0x6d, 0x6e, 0x7a, 0x79, 0x85, 0x85, 0x86, 0x8b, 0x8e, 0x90, 0x8e,
  0x92, 0x8f, 0x93, 0x93, 0x8b, 0x8c, 0x8d, 0x8a, 0x8a, 0x8b, 0x87, 0x85,
  0x80, 0x7a, 0x77, 0x78, 0x7a, 0x7e, 0x7d, 0x7a, 0x7d, 0x7b, 0x80, 0x82,
  0x77, 0x74, 0x76, 0x7b, 0x7e, 0x82, 0x84, 0x7b, 0x71, 0x6e, 0x70, 0x72,
  0x74, 0x71, 0x6d, 0x6e, 0x6c, 0x77, 0x7e, 0x7f, 0x82, 0x80, 0x87, 0x8b,
  0x93, 0x98, 0x96, 0x93, 0x90, 0x95, 0x90, 0x8f, 0x8f, 0x8a, 0x89, 0x87,
  0x86, 0x84, 0x7e, 0x7c, 0x7e, 0x79, 0x79, 0x78, 0x73, 0x75, 0x79, 0x7a,
  0x7d, 0x7d, 0x7a, 0x7c, 0x81, 0x85, 0x81, 0x81, 0x7e, 0x79, 0x78, 0x73,
  0x74, 0x79, 0x70, 0x6c, 0x6d, 0x70, 0x73, 0x74, 0x78, 0x72, 0x7a, 0x80,
  0x87, 0x8e, 0x88, 0x8c, 0x8d, 0x94, 0x97, 0x95, 0x96, 0x93, 0x93, 0x97,
  0x96, 0x8b, 0x86, 0x82, 0x7f, 0x81, 0x7f, 0x7d, 0x78, 0x76, 0x74, 0x71,
  0x73, 0x79, 0x78, 0x77, 0x76, 0x75, 0x79, 0x7e, 0x86, 0x85, 0x80, 0x80,
  0x79, 0x7b, 0x77, 0x77, 0x7b, 0x73, 0x6f, 0x71, 0x78, 0x75, 0x71, 0x72,
  0x71, 0x79, 0x81, 0x89, 0x8b, 0x88, 0x8b, 0x8f, 0x94, 0x95, 0x93, 0x91,
  0x8d, 0x92, 0x95, 0x92, 0x91, 0x85, 0x80, 0x84, 0x84, 0x8a, 0x85, 0x7b,
  0x71, 0x6e, 0x77, 0x78, 0x7e, 0x7a, 0x6f, 0x73, 0x79, 0x81, 0x81, 0x7e,
  0x7a, 0x72, 0x79, 0x80, 0x7d, 0x7d, 0x72, 0x71, 0x7a, 0x71, 0x74, 0x71,
  0x70, 0x72, 0x79, 0x80, 0x80, 0x82, 0x7f, 0x89, 0x86, 0x8d, 0x94, 0x8c,
  0x90, 0x92, 0x98, 0x97, 0x97, 0x8d, 0x84, 0x86, 0x87, 0x8f, 0x8e, 0x82,
  0x77, 0x75, 0x7b, 0x81, 0x80, 0x75, 0x6d, 0x70, 0x78, 0x82, 0x84, 0x79,
  0x75, 0x74, 0x7c, 0x84, 0x82, 0x7e, 0x77, 0x76, 0x77, 0x7b, 0x74, 0x72,
  0x71, 0x68, 0x6e, 0x75, 0x79, 0x72, 0x76, 0x76, 0x7d, 0x8c, 0x8b, 0x8d,
  0x87, 0x88, 0x8f, 0x98, 0x9d, 0x96, 0x92, 0x8d, 0x8f, 0x92, 0x93, 0x8a,
  0x80, 0x80, 0x81, 0x84, 0x87, 0x7f, 0x78, 0x73, 0x76, 0x78, 0x79, 0x79,
  0x76, 0x73, 0x72, 0x79, 0x7d, 0x81, 0x81, 0x83, 0x83, 0x7d, 0x7e, 0x7b,
  0x76, 0x75, 0x73, 0x73, 0x7b, 0x74, 0x6e, 0x70, 0x71, 0x70, 0x74, 0x79,
  0x77, 0x81, 0x84, 0x87, 0x8c, 0x88, 0x8f, 0x96, 0x98, 0x95, 0x96, 0x8f,
  0x8e, 0x92, 0x92, 0x94, 0x88, 0x85, 0x82, 0x7c, 0x81, 0x81, 0x7f, 0x7b,
  0x74, 0x74, 0x78, 0x77, 0x76, 0x77, 0x71, 0x6f, 0x79, 0x7f, 0x86, 0x83,
  0x7d, 0x79, 0x78, 0x7f, 0x85, 0x87, 0x7c, 0x78, 0x71, 0x70, 0x79, 0x74,
  0x72, 0x6f, 0x73, 0x76, 0x7a, 0x7e, 0x7c, 0x81, 0x7e, 0x84, 0x89, 0x8a,
  0x92, 0x93, 0x93, 0x92, 0x8f, 0x8f, 0x90, 0x8d, 0x8e, 0x90, 0x8b, 0x85,
  0x85, 0x82, 0x81, 0x85, 0x7c, 0x77, 0x75, 0x74, 0x75, 0x78, 0x77, 0x71,
  0x73, 0x76, 0x7c, 0x80, 0x7f, 0x7f, 0x79, 0x7a, 0x80, 0x82, 0x83, 0x80,
  0x7b, 0x7c, 0x79, 0x74, 0x7c, 0x7c, 0x72, 0x74, 0x73, 0x70, 0x72, 0x7c,
  0x7d, 0x7f, 0x85, 0x82, 0x88, 0x87, 0x88, 0x92, 0x95, 0x8f, 0x90, 0x8e,
  0x89, 0x91, 0x8f, 0x8f, 0x8d, 0x85, 0x82, 0x82, 0x85, 0x83, 0x80, 0x7b,
  0x73, 0x74, 0x7b, 0x77, 0x77, 0x73, 0x6f, 0x71, 0x77, 0x80, 0x81, 0x7e,
  0x7d, 0x7e, 0x7e, 0x80, 0x80, 0x7d, 0x7a, 0x7c, 0x81, 0x85, 0x83, 0x78,
  0x7a, 0x75, 0x6b, 0x75, 0x72, 0x74, 0x79, 0x7c, 0x7d, 0x7f, 0x7d, 0x7d,
  0x89, 0x8a, 0x90, 0x96, 0x94, 0x8c, 0x8b, 0x8d, 0x89, 0x8f, 0x8b, 0x88,
  0x88, 0x85, 0x86, 0x86, 0x81, 0x7c, 0x7c, 0x78, 0x79, 0x7b, 0x77, 0x78,
  0x75, 0x71, 0x74, 0x78, 0x7b, 0x7b, 0x7d, 0x7b, 0x7d, 0x80, 0x7e, 0x81,
  0x80, 0x84, 0x83, 0x80, 0x7f, 0x7d, 0x7e, 0x80, 0x7b, 0x78, 0x7a, 0x6f,
  0x6c, 0x71, 0x75, 0x77, 0x7a, 0x7c, 0x7c, 0x84, 0x83, 0x8c, 0x8b, 0x8a,
  0x92, 0x8e, 0x95, 0x92, 0x8f, 0x8c, 0x88, 0x86, 0x84, 0x8b, 0x87, 0x85,
  0x85, 0x80, 0x81, 0x7c, 0x7a, 0x77, 0x74, 0x76, 0x78, 0x7a, 0x7a, 0x7b,
  0x7a, 0x77, 0x7a, 0x7a, 0x7a, 0x81, 0x81, 0x7f, 0x83, 0x82, 0x80, 0x85,
  0x84, 0x7f, 0x7f, 0x7a, 0x7a, 0x80, 0x7b, 0x75, 0x77, 0x74, 0x73, 0x7a,
  0x7a, 0x76, 0x74, 0x73, 0x78, 0x82, 0x85, 0x8b, 0x91, 0x8b, 0x8c, 0x8d,
  0x8d, 0x8f, 0x93, 0x8f, 0x88, 0x89, 0x83, 0x87, 0x8b, 0x89, 0x88, 0x83,
  0x7f, 0x7b, 0x7f, 0x79, 0x79, 0x78, 0x73, 0x73, 0x75, 0x78, 0x7b, 0x7e,
  0x7c, 0x7c, 0x7a, 0x79, 0x7e, 0x82, 0x83, 0x81, 0x81, 0x7f, 0x80, 0x83,
  0x84, 0x7e, 0x7c, 0x7c, 0x79, 0x7c, 0x7a, 0x76, 0x78, 0x73, 0x6e, 0x71,
  0x78, 0x77, 0x7b, 0x7e, 0x7d, 0x82, 0x89, 0x8f, 0x91, 0x90, 0x8e, 0x8f,
  0x8e, 0x8e, 0x91, 0x8e, 0x8a, 0x8a, 0x88, 0x87, 0x87, 0x85, 0x80, 0x7c,
  0x7a, 0x76, 0x77, 0x7a, 0x7a, 0x77, 0x76, 0x74, 0x74, 0x78, 0x7c, 0x7d,
  0x7e, 0x7f, 0x80, 0x81, 0x7f, 0x80, 0x82, 0x82, 0x80, 0x7f, 0x7e, 0x7b,
  0x81, 0x7f, 0x7e, 0x7f, 0x78, 0x74, 0x73, 0x73, 0x75, 0x76, 0x76, 0x77,
  0x78, 0x7b, 0x7d, 0x80, 0x86, 0x88, 0x8b, 0x8c, 0x8c, 0x8d, 0x91, 0x96,
  0x92, 0x8b, 0x89, 0x88, 0x88, 0x8d, 0x8c, 0x86, 0x7d, 0x7a, 0x7d, 0x7c,
  0x83, 0x7f, 0x76, 0x74, 0x76, 0x77, 0x7a, 0x7c, 0x78, 0x74, 0x7b, 0x82,
  0x82, 0x86, 0x7f, 0x7e, 0x7c, 0x7c, 0x82, 0x7d, 0x7c, 0x7a, 0x7d, 0x80,
  0x80, 0x80, 0x7b, 0x79, 0x79, 0x7b, 0x7a, 0x77, 0x7b, 0x77, 0x72, 0x7b,
  0x7e, 0x7f, 0x81, 0x7d, 0x7d, 0x85, 0x8a, 0x8c, 0x8e, 0x89, 0x86, 0x8f,
  0x90, 0x89, 0x8a, 0x85, 0x85, 0x8e, 0x8d, 0x8b, 0x85, 0x7e, 0x80, 0x7e,
  0x82, 0x82, 0x7d, 0x79, 0x79, 0x7c, 0x79, 0x7c, 0x7c, 0x78, 0x77, 0x79,
  0x7a, 0x7c, 0x7c, 0x7d, 0x7c, 0x7a, 0x7f, 0x7c, 0x7f, 0x7f, 0x7d, 0x7a,
  0x7d, 0x7f, 0x80, 0x88, 0x81, 0x7c, 0x77, 0x70, 0x75, 0x78, 0x79, 0x7a,
  0x78, 0x74, 0x77, 0x7a, 0x81, 0x87, 0x84, 0x82, 0x84, 0x8a, 0x91, 0x97,
  0x91, 0x8a, 0x88, 0x87, 0x8f, 0x93, 0x91, 0x8a, 0x83, 0x83, 0x82, 0x82,
  0x84, 0x82, 0x7e, 0x79, 0x77, 0x77, 0x77, 0x77, 0x73, 0x71, 0x77, 0x7c,
  0x7d, 0x81, 0x7f, 0x7c, 0x7f, 0x7e, 0x7e, 0x7e, 0x7b, 0x7d, 0x7e, 0x81,
  0x85, 0x84, 0x7d, 0x7c, 0x7b, 0x74, 0x74, 0x76, 0x73, 0x73, 0x74, 0x77,
  0x79, 0x77, 0x78, 0x7b, 0x7e, 0x85, 0x8b, 0x8c, 0x90, 0x92, 0x91, 0x92,
  0x8c, 0x8a, 0x90, 0x8f, 0x8e, 0x8d, 0x8b, 0x89, 0x85, 0x86, 0x83, 0x7f,
  0x7f, 0x7b, 0x79, 0x78, 0x78, 0x77, 0x76, 0x77, 0x72, 0x74, 0x7a, 0x7c,
  0x7d, 0x7e, 0x7b, 0x7a, 0x7d, 0x7e, 0x7f, 0x7e, 0x7b, 0x7c, 0x7f, 0x7d,
  0x7b, 0x7a, 0x78, 0x79, 0x7d, 0x7b, 0x7a, 0x79, 0x75, 0x72, 0x76, 0x7b,
  0x79, 0x7d, 0x7b, 0x7c, 0x87, 0x8b, 0x8e, 0x8f, 0x8b, 0x8a, 0x92, 0x97,
  0x95, 0x93, 0x8a, 0x82, 0x86, 0x8d, 0x8b, 0x8b, 0x86, 0x80, 0x81, 0x7f,
  0x80, 0x7a, 0x78, 0x77, 0x74, 0x77, 0x76, 0x75, 0x72, 0x75, 0x79, 0x7a,
  0x7c, 0x7d, 0x78, 0x79, 0x7d, 0x7e, 0x80, 0x7e, 0x7a, 0x7b, 0x7f, 0x81,
  0x82, 0x7d, 0x7a, 0x7b, 0x7f, 0x80, 0x7e, 0x7c, 0x72, 0x70, 0x76, 0x7e,
  0x7f, 0x7f, 0x7b, 0x74, 0x80, 0x8a, 0x90, 0x94, 0x8c, 0x89, 0x8f, 0x94,
  0x98, 0x96, 0x8c, 0x82, 0x82, 0x87, 0x89, 0x8e, 0x86, 0x7d, 0x7f, 0x7a,
  0x7a, 0x7c, 0x75, 0x70, 0x73, 0x72, 0x74, 0x76, 0x76, 0x72, 0x76, 0x7b,
  0x7b, 0x81, 0x7e, 0x7c, 0x80, 0x82, 0x83, 0x81, 0x81, 0x7e, 0x7d, 0x80,
  0x81, 0x82, 0x7f, 0x7d, 0x7c, 0x78, 0x7d, 0x7e, 0x77, 0x71, 0x73, 0x74,
  0x76, 0x81, 0x80, 0x80, 0x85, 0x88, 0x8b, 0x8f, 0x92, 0x8d, 0x91, 0x90,
  0x8f, 0x92, 0x8a, 0x86, 0x87, 0x87, 0x83, 0x86, 0x82, 0x7c, 0x7f, 0x7a,
  0x77, 0x7a, 0x78, 0x75, 0x78, 0x78, 0x76, 0x77, 0x79, 0x72, 0x76, 0x7c,
  0x7b, 0x83, 0x82, 0x80, 0x81, 0x80, 0x80, 0x84, 0x82, 0x81, 0x7f, 0x80,
  0x80, 0x80, 0x7f, 0x79, 0x7b, 0x78, 0x7c, 0x7e, 0x76, 0x75, 0x75, 0x76,
  0x79, 0x7c, 0x7d, 0x7c, 0x82, 0x87, 0x8c, 0x91, 0x90, 0x90, 0x8d, 0x8f,
  0x91, 0x90, 0x8f, 0x89, 0x84, 0x84, 0x81, 0x84, 0x83, 0x7f, 0x80, 0x7b,
  0x78, 0x78, 0x7a, 0x78, 0x75, 0x76, 0x74, 0x76, 0x7a, 0x75, 0x7b, 0x7c,
  0x7e, 0x83, 0x7f, 0x80, 0x7c, 0x7f, 0x83, 0x87, 0x8a, 0x83, 0x7f, 0x7c,
  0x7d, 0x7f, 0x7c, 0x7a, 0x78, 0x76, 0x79, 0x7d, 0x7d, 0x7a, 0x77, 0x76,
  0x76, 0x7b, 0x81, 0x80, 0x80, 0x82, 0x83, 0x89, 0x8f, 0x8d, 0x8e, 0x8f,
  0x8f, 0x8f, 0x92, 0x8d, 0x88, 0x8a, 0x85, 0x85, 0x86, 0x82, 0x7f, 0x7a,
  0x77, 0x78, 0x79, 0x78, 0x79, 0x78, 0x74, 0x73, 0x76, 0x77, 0x7b, 0x7c,
  0x7a, 0x7f, 0x81, 0x82, 0x84, 0x84, 0x80, 0x80, 0x81, 0x7f, 0x7f, 0x7d,
  0x79, 0x79, 0x7a, 0x7c, 0x7f, 0x7d, 0x7b, 0x7d, 0x7c, 0x7d, 0x80, 0x7e,
  0x81, 0x83, 0x82, 0x83, 0x83, 0x82, 0x7f, 0x83, 0x84, 0x84, 0x88, 0x83,
  0x82, 0x85, 0x85, 0x89, 0x87, 0x82, 0x7f, 0x80, 0x80, 0x87, 0x88, 0x85,
  0x83, 0x7f, 0x82, 0x84, 0x84, 0x85, 0x7f, 0x7d, 0x7d, 0x80, 0x85, 0x81,
  0x7d, 0x78, 0x78, 0x78, 0x7b, 0x7c, 0x75, 0x76, 0x74, 0x77, 0x7b, 0x78,
  0x79, 0x79, 0x7c, 0x7e, 0x81, 0x81, 0x7c, 0x80, 0x82, 0x83, 0x86, 0x84,
  0x81, 0x80, 0x83, 0x83, 0x83, 0x84, 0x80, 0x7d, 0x7f, 0x81, 0x7f, 0x82,
  0x7f, 0x7e, 0x7c, 0x7d, 0x7f, 0x7f, 0x7f, 0x7e, 0x81, 0x81, 0x85, 0x88,
  0x87, 0x89, 0x88, 0x86, 0x85, 0x83, 0x82, 0x85, 0x8a, 0x89, 0x87, 0x83,
  0x7c, 0x7e, 0x81, 0x83, 0x82, 0x7c, 0x7a, 0x76, 0x78, 0x7b, 0x7a, 0x79,
  0x74, 0x77, 0x78, 0x7a, 0x7c, 0x77, 0x75, 0x76, 0x7b, 0x80, 0x84, 0x82,
  0x7c, 0x7d, 0x7e, 0x80, 0x83, 0x83, 0x83, 0x81, 0x81, 0x83, 0x82, 0x85,
  0x86, 0x81, 0x81, 0x80, 0x81, 0x83, 0x7f, 0x81, 0x81, 0x81, 0x84, 0x84,
  0x81, 0x7e, 0x7d, 0x7c, 0x7f, 0x85, 0x82, 0x84, 0x85, 0x7f, 0x81, 0x83,
  0x80, 0x7f, 0x80, 0x7f, 0x82, 0x85, 0x83, 0x82, 0x7f, 0x7f, 0x7e, 0x7f,
  0x7f, 0x7e, 0x80, 0x80, 0x80, 0x80, 0x7f, 0x80, 0x80, 0x80, 0x7f, 0x7f,
  0x7e, 0x7b, 0x7d, 0x7f, 0x7f, 0x80, 0x7c, 0x7a, 0x7a, 0x7b, 0x80, 0x81,
  0x7e, 0x7a, 0x79, 0x7a, 0x80, 0x83, 0x82, 0x81, 0x7e, 0x7e, 0x7f, 0x81,
  0x82, 0x83, 0x82, 0x82, 0x84, 0x83, 0x84, 0x86, 0x84, 0x7f, 0x80, 0x7e,
  0x7e, 0x80, 0x7f, 0x7f, 0x7e, 0x80, 0x7d, 0x7c, 0x7e, 0x7c, 0x80, 0x7f,
  0x7e, 0x80, 0x7f, 0x81, 0x83, 0x81, 0x7d, 0x7f, 0x7f, 0x81, 0x86, 0x87,
  0x81, 0x7e, 0x7d, 0x7b, 0x80, 0x83, 0x7f, 0x7e, 0x7f, 0x7e, 0x81, 0x83,
  0x82, 0x7d, 0x7c, 0x7d, 0x7f, 0x83, 0x84, 0x82, 0x7f, 0x7f, 0x7f, 0x83,
  0x84, 0x83, 0x80, 0x7d, 0x7d, 0x80, 0x82, 0x82, 0x7f, 0x79, 0x7a, 0x7d,
  0x7d, 0x80, 0x7f, 0x7a, 0x7b, 0x7f, 0x80, 0x7f, 0x80, 0x7a, 0x78, 0x7b,
  0x7d, 0x82, 0x85, 0x80, 0x7d, 0x7f, 0x7f, 0x81, 0x84, 0x7e, 0x7d, 0x80,
  0x81, 0x83, 0x83, 0x80, 0x80, 0x81, 0x80, 0x7e, 0x80, 0x7f, 0x7e, 0x81,
  0x82, 0x82, 0x85, 0x84, 0x7f, 0x7f, 0x81, 0x82, 0x84, 0x81, 0x7f, 0x80,
  0x83, 0x82, 0x83, 0x80, 0x7a, 0x7c, 0x80, 0x83, 0x82, 0x7f, 0x7b, 0x7a,
  0x7e, 0x81, 0x81, 0x7e, 0x7c, 0x7b, 0x7e, 0x82, 0x7f, 0x7c, 0x7a, 0x7a,
  0x7e, 0x85, 0x86, 0x82, 0x7d, 0x7d, 0x80, 0x82, 0x80, 0x7e, 0x7b, 0x7d,
  0x83, 0x83, 0x82, 0x7e, 0x7a, 0x7d, 0x80, 0x82, 0x83, 0x7f, 0x7d, 0x7d,
  0x81, 0x86, 0x82, 0x7e, 0x7e, 0x7e, 0x81, 0x85, 0x85, 0x81, 0x7f, 0x81,
  0x81, 0x81, 0x82, 0x80, 0x80, 0x7f, 0x7e, 0x82, 0x80, 0x7e, 0x7d, 0x7c,
  0x7b, 0x7c, 0x80, 0x7d, 0x7e, 0x7f, 0x7c, 0x7e, 0x7e, 0x7d, 0x7d, 0x7e,
  0x7e, 0x7f, 0x83, 0x81, 0x80, 0x81, 0x80, 0x80, 0x7e, 0x7c, 0x80, 0x82,
  0x83, 0x85, 0x81, 0x7e, 0x80, 0x83, 0x83, 0x81, 0x7f, 0x7b, 0x7d, 0x83,
  0x83, 0x85, 0x83, 0x7e, 0x80, 0x82, 0x81, 0x81, 0x81, 0x7f, 0x7e, 0x7f,
  0x81, 0x82, 0x7f, 0x7c, 0x7a, 0x7c, 0x7d, 0x81, 0x81, 0x7f, 0x7f, 0x7d,
  0x7d, 0x7d, 0x7d, 0x7f, 0x81, 0x81, 0x81, 0x7f, 0x7d, 0x7f, 0x7f, 0x82,
  0x84, 0x82, 0x80, 0x7d, 0x7e, 0x80, 0x80, 0x85, 0x80, 0x7c, 0x80, 0x7e,
  0x80, 0x81, 0x7f, 0x7e, 0x7e, 0x80, 0x7f, 0x81, 0x80, 0x7e, 0x81, 0x83,
  0x84, 0x83, 0x83, 0x83, 0x80, 0x7e, 0x7f, 0x7e, 0x80, 0x83, 0x83, 0x7f,
  0x7b, 0x7a, 0x7a, 0x7b, 0x7c, 0x7e, 0x7c, 0x7c, 0x7e, 0x7c, 0x7c, 0x7e,
  0x7f, 0x80, 0x83, 0x81, 0x80, 0x81, 0x81, 0x81, 0x81, 0x7e, 0x7f, 0x83,
  0x83, 0x85, 0x85, 0x81, 0x7d, 0x7e, 0x81, 0x80, 0x81, 0x7e, 0x7e, 0x7e,
  0x7f, 0x85, 0x85, 0x83, 0x81, 0x7d, 0x7d, 0x7e, 0x7f, 0x82, 0x83, 0x81,
  0x80, 0x7e, 0x7f, 0x7d, 0x7d, 0x7c, 0x7b, 0x7d, 0x7f, 0x81, 0x81, 0x7c,
  0x79, 0x7a, 0x7b, 0x81, 0x80, 0x7e, 0x80, 0x80, 0x81, 0x84, 0x82, 0x7e,
  0x80, 0x7f, 0x80, 0x85, 0x83, 0x7f, 0x7f, 0x7c, 0x7e, 0x82, 0x84, 0x82,
  0x81, 0x80, 0x7f, 0x82, 0x80, 0x81, 0x83, 0x7f, 0x80, 0x82, 0x84, 0x83,
  0x7f, 0x7f, 0x7f, 0x81, 0x82, 0x80, 0x7c, 0x7a, 0x7c, 0x80, 0x80, 0x7e,
  0x7b, 0x79, 0x7d, 0x7e, 0x80, 0x80, 0x7b, 0x7c, 0x7c, 0x7e, 0x81, 0x80,
  0x7f, 0x7c, 0x7d, 0x7d, 0x82, 0x86, 0x80, 0x81, 0x7f, 0x7c, 0x82, 0x83,
  0x84, 0x83, 0x80, 0x80, 0x7f, 0x82, 0x80, 0x7f, 0x81, 0x7f, 0x83, 0x82,
  0x80, 0x82, 0x80, 0x81, 0x80, 0x80, 0x7f, 0x7d, 0x80, 0x80, 0x80, 0x7f,
  0x7a, 0x7e, 0x7e, 0x7b, 0x7f, 0x7c, 0x7c, 0x7f, 0x7f, 0x80, 0x80, 0x7e,
  0x7c, 0x7f, 0x7f, 0x80, 0x83, 0x7f, 0x7f, 0x7e, 0x7e, 0x80, 0x80, 0x7f,
  0x7e, 0x7e, 0x7d, 0x80, 0x82, 0x82, 0x81, 0x7f, 0x81, 0x82, 0x82, 0x84,
  0x7f, 0x7b, 0x7f, 0x7e, 0x82, 0x84, 0x81, 0x82, 0x80, 0x7f, 0x82, 0x7f,
  0x7e, 0x7d, 0x7c, 0x80, 0x7e, 0x80, 0x7e, 0x7b, 0x7c, 0x7b, 0x7c, 0x7e,
  0x7c, 0x7e, 0x81, 0x81, 0x81, 0x81, 0x84, 0x81, 0x80, 0x81, 0x80, 0x81,
  0x81, 0x80, 0x7f, 0x7e, 0x80, 0x82, 0x83, 0x80, 0x7c, 0x7e, 0x7e, 0x7e,
  0x81, 0x80, 0x7d, 0x7d, 0x81, 0x81, 0x80, 0x80, 0x7f, 0x7f, 0x7f, 0x80,
  0x82, 0x83, 0x81, 0x81, 0x81, 0x7b, 0x7c, 0x7f, 0x7f, 0x7f, 0x7e, 0x7c,
  0x7b, 0x7d, 0x7e, 0x7f, 0x7e, 0x7e, 0x7e, 0x80, 0x81, 0x7f, 0x80, 0x80,
  0x82, 0x82, 0x82, 0x82, 0x81, 0x80, 0x81, 0x82, 0x80, 0x81, 0x82, 0x80,
  0x81, 0x80, 0x7e, 0x80, 0x81, 0x7f, 0x82, 0x82, 0x7d, 0x81, 0x80, 0x7c,
  0x7f, 0x7f, 0x80, 0x81, 0x80, 0x7e, 0x7d, 0x7d, 0x7f, 0x80, 0x7f, 0x7f,
  0x80, 0x7e, 0x7c, 0x7a, 0x7a, 0x7e, 0x81, 0x81, 0x80, 0x7d, 0x7c, 0x80,
  0x87, 0x83, 0x83, 0x81, 0x7e, 0x84, 0x82, 0x81, 0x81, 0x7f, 0x7d, 0x7f,
  0x7f, 0x7f, 0x7f, 0x7e, 0x7e, 0x81, 0x83, 0x82, 0x80, 0x7d, 0x7d, 0x7f,
  0x82, 0x82, 0x82, 0x80, 0x7f, 0x80, 0x82, 0x82, 0x7f, 0x80, 0x7a, 0x7c,
  0x81, 0x81, 0x80, 0x7d, 0x79, 0x78, 0x7c, 0x7d, 0x7e, 0x7e, 0x7c, 0x7b,
  0x7c, 0x81, 0x80, 0x83, 0x83, 0x82, 0x81, 0x81, 0x82, 0x84, 0x84, 0x82,
  0x82, 0x7e, 0x80, 0x81, 0x7f, 0x7f, 0x80, 0x7e, 0x81, 0x82, 0x7f, 0x7d,
  0x7c, 0x7d, 0x7c, 0x7f, 0x7f, 0x81, 0x83, 0x82, 0x80, 0x81, 0x82, 0x82,
  0x82, 0x80, 0x7e, 0x7e, 0x7c, 0x7d, 0x7b, 0x79, 0x7a, 0x7b, 0x7c, 0x7b,
  0x7d, 0x7c, 0x80, 0x80, 0x7d, 0x7c, 0x7b, 0x7e, 0x83, 0x86, 0x86, 0x83,
  0x82, 0x83, 0x85, 0x87, 0x85, 0x83, 0x81, 0x83, 0x84, 0x85, 0x85, 0x81,
  0x80, 0x80, 0x7c, 0x7e, 0x80, 0x7d, 0x7f, 0x7f, 0x7f, 0x80, 0x7f, 0x7c,
  0x7b, 0x7f, 0x7f, 0x7e, 0x7f, 0x7a, 0x78, 0x7b, 0x79, 0x7c, 0x7c, 0x77,
  0x76, 0x78, 0x80, 0x83, 0x86, 0x82, 0x7f, 0x85, 0x89, 0x8c, 0x8a, 0x84,
  0x80, 0x82, 0x80, 0x80, 0x7f, 0x7c, 0x7c, 0x7e, 0x7d, 0x80, 0x85, 0x83,
  0x82, 0x88, 0x87, 0x88, 0x8a, 0x83, 0x80, 0x85, 0x84, 0x81, 0x7f, 0x75,
  0x78, 0x7a, 0x78, 0x77, 0x77, 0x74, 0x74, 0x69, 0x6e, 0x79, 0x6d, 0x74,
  0x71, 0x79, 0x81, 0x8e, 0x89, 0x89, 0x97, 0x90, 0x97, 0x8f, 0x85, 0x7d,
  0x85, 0x82, 0x79, 0x7c, 0x75, 0x78, 0x7e, 0x82, 0x80, 0x88, 0x8d, 0x88,
  0x8f, 0x87, 0x84, 0x88, 0x82, 0x79, 0x77, 0x74, 0x78, 0x80, 0x7c, 0x7e,
  0x82, 0x84, 0x83, 0x87, 0x86, 0x84, 0x86, 0x7f, 0x7c, 0x79, 0x6f, 0x5f,
  0x5a, 0x6e, 0x68, 0x6a, 0x75, 0x72, 0x84, 0x94, 0x96, 0x90, 0x9e, 0x97,
  0x92, 0x92, 0x80, 0x78, 0x7a, 0x77, 0x6d, 0x74, 0x74, 0x7c, 0x90, 0x91,
  0x90, 0x97, 0x98, 0x93, 0x93, 0x86, 0x77, 0x77, 0x6e, 0x6a, 0x6b, 0x6d,
  0x70, 0x7d, 0x82, 0x84, 0x8f, 0x8f, 0x8c, 0x8a, 0x87, 0x83, 0x82, 0x7d,
  0x76, 0x75, 0x76, 0x75, 0x75, 0x6e, 0x57, 0x66, 0x81, 0x74, 0x7c, 0x78,
  0x77, 0x8d, 0x9b, 0x90, 0x86, 0x92, 0x89, 0x94, 0x8e, 0x75, 0x73, 0x7c,
  0x7c, 0x78, 0x7f, 0x7e, 0x8f, 0x9b, 0x92, 0x8c, 0x8b, 0x8d, 0x8c, 0x86,
  0x72, 0x6a, 0x74, 0x73, 0x74, 0x73, 0x76, 0x83, 0x8c, 0x8c, 0x89, 0x86,
  0x84, 0x84, 0x7e, 0x7a, 0x7a, 0x7d, 0x7b, 0x78, 0x77, 0x7d, 0x86, 0x82,
  0x7d, 0x70, 0x53, 0x70, 0x79, 0x64, 0x75, 0x6f, 0x7e, 0x99, 0xa2, 0x90,
  0x94, 0x9b, 0x8f, 0x96, 0x7e, 0x6c, 0x71, 0x7a, 0x77, 0x7a, 0x81, 0x7f,
  0x99, 0x9c, 0x91, 0x93, 0x8e, 0x8d, 0x85, 0x79, 0x69, 0x6c, 0x70, 0x6f,
  0x70, 0x73, 0x81, 0x91, 0x96, 0x8d, 0x8b, 0x86, 0x84, 0x81, 0x73, 0x6f,
  0x71, 0x74, 0x7c, 0x81, 0x81, 0x85, 0x88, 0x88, 0x83, 0x7c, 0x62, 0x4e,
  0x70, 0x6e, 0x66, 0x7a, 0x71, 0x8a, 0xaa, 0xa8, 0x94, 0x99, 0x97, 0x8b,
  0x91, 0x72, 0x61, 0x6e, 0x76, 0x76, 0x81, 0x83, 0x85, 0xa3, 0xa3, 0x94,
  0x8c, 0x82, 0x78, 0x76, 0x6e, 0x5f, 0x67, 0x71, 0x79, 0x83, 0x87, 0x91,
  0x99, 0x94, 0x8a, 0x84, 0x7a, 0x76, 0x76, 0x6e, 0x6c, 0x74, 0x7b, 0x84,
  0x89, 0x8b, 0x8a, 0x8d, 0x8b, 0x80, 0x78, 0x5b, 0x37, 0x62, 0x74, 0x69,
  0x91, 0x7c, 0x8a, 0xb6, 0xb3, 0x9d, 0x90, 0x8d, 0x75, 0x8b, 0x75, 0x58,
  0x6c, 0x72, 0x7f, 0x8b, 0x93, 0x8b, 0x9e, 0xa3, 0x8f, 0x8b, 0x77, 0x6d,
  0x6a, 0x6a, 0x61, 0x6b, 0x7e, 0x85, 0x96, 0x8e, 0x89, 0x8c, 0x8c, 0x82,
  0x7a, 0x72, 0x69, 0x76, 0x78, 0x77, 0x7e, 0x80, 0x84, 0x8e, 0x8d, 0x87,
  0x8a, 0x81, 0x7c, 0x76, 0x6a, 0x49, 0x4b, 0x7f, 0x71, 0x88, 0x95, 0x7c,
  0xa5, 0xb0, 0xa1, 0x87, 0x83, 0x77, 0x76, 0x85, 0x63, 0x66, 0x7c, 0x87,
  0x94, 0x9c, 0x91, 0x89, 0x9a, 0x90, 0x82, 0x78, 0x66, 0x67, 0x73, 0x79,
  0x75, 0x7f, 0x86, 0x8c, 0x95, 0x86, 0x79, 0x78, 0x79, 0x75, 0x73, 0x72,
  0x74, 0x82, 0x85, 0x81, 0x84, 0x86, 0x88, 0x8c, 0x88, 0x82, 0x82, 0x7c,
  0x7c, 0x79, 0x6e, 0x55, 0x41, 0x7c, 0x82, 0x80, 0x9d, 0x74, 0x92, 0xac,
  0xa1, 0x8d, 0x7b, 0x78, 0x6c, 0x8b, 0x78, 0x66, 0x7b, 0x81, 0x94, 0x9f,
  0x99, 0x86, 0x8d, 0x93, 0x83, 0x7e, 0x6b, 0x63, 0x70, 0x7a, 0x7d, 0x7e,
  0x83, 0x87, 0x90, 0x88, 0x79, 0x71, 0x75, 0x7d, 0x7e, 0x7d, 0x78, 0x7f,
  0x88, 0x87, 0x83, 0x7f, 0x80, 0x84, 0x88, 0x82, 0x7a, 0x7b, 0x79, 0x7f,
  0x7d, 0x74, 0x4c, 0x4d, 0x8f, 0x7d, 0x92, 0x92, 0x69, 0x99, 0xa8, 0xa1,
  0x84, 0x79, 0x6f, 0x6f, 0x94, 0x73, 0x70, 0x7d, 0x81, 0x9e, 0x9f, 0x8e,
  0x80, 0x89, 0x86, 0x7f, 0x77, 0x5f, 0x66, 0x7a, 0x81, 0x87, 0x89, 0x85,
  0x8c, 0x93, 0x83, 0x77, 0x6f, 0x73, 0x7e, 0x81, 0x7a, 0x7a, 0x84, 0x89,
  0x8b, 0x81, 0x78, 0x7d, 0x84, 0x86, 0x81, 0x79, 0x73, 0x77, 0x7f, 0x80,
  0x77, 0x46, 0x56, 0x92, 0x7d, 0x9b, 0x8c, 0x6e, 0x9f, 0xa2, 0x9e, 0x81,
  0x72, 0x68, 0x75, 0x92, 0x6f, 0x6f, 0x79, 0x83, 0xa3, 0xa0, 0x8b, 0x7e,
  0x85, 0x83, 0x7e, 0x78, 0x62, 0x6d, 0x81, 0x8d, 0x93, 0x89, 0x86, 0x8a,
  0x8d, 0x81, 0x6f, 0x69, 0x72, 0x7e, 0x84, 0x82, 0x7c, 0x84, 0x88, 0x87,
  0x81, 0x79, 0x7e, 0x81, 0x82, 0x78, 0x72, 0x77, 0x80, 0x89, 0x83, 0x60,
  0x3a, 0x78, 0x8d, 0x84, 0xa2, 0x6a, 0x7d, 0xa0, 0x9e, 0x99, 0x71, 0x6b,
  0x64, 0x87, 0x8c, 0x6f, 0x7b, 0x78, 0x97, 0xab, 0x99, 0x87, 0x79, 0x80,
  0x83, 0x82, 0x71, 0x67, 0x78, 0x85, 0x98, 0x92, 0x82, 0x80, 0x82, 0x83,
  0x79, 0x6d, 0x6b, 0x77, 0x83, 0x88, 0x83, 0x7d, 0x82, 0x85, 0x84, 0x79,
  0x79, 0x7c, 0x82, 0x86, 0x7a, 0x79, 0x7c, 0x88, 0x8b, 0x7a, 0x40, 0x4a,
  0x8a, 0x79, 0x9c, 0x8c, 0x65, 0x95, 0xa0, 0xa8, 0x89, 0x70, 0x68, 0x6c,
  0x90, 0x80, 0x7a, 0x7a, 0x7f, 0xa6, 0xa3, 0x94, 0x7f, 0x72, 0x7f, 0x81,
  0x80, 0x70, 0x6d, 0x7c, 0x8d, 0x9a, 0x8e, 0x7f, 0x7c, 0x7d, 0x7c, 0x73,
  0x6d, 0x74, 0x7f, 0x89, 0x89, 0x7d, 0x7d, 0x81, 0x83, 0x82, 0x7b, 0x7b,
  0x7d, 0x84, 0x80, 0x78, 0x74, 0x7b, 0x83, 0x86, 0x56, 0x38, 0x7f, 0x7d,
  0x95, 0xae, 0x6b, 0x86, 0x9a, 0xa7, 0x99, 0x6f, 0x6a, 0x55, 0x85, 0x93,
  0x7b, 0x83, 0x7a, 0x98, 0xa8, 0x9c, 0x86, 0x6c, 0x74, 0x7a, 0x80, 0x80,
  0x73, 0x78, 0x88, 0x97, 0x94, 0x85, 0x7c, 0x76, 0x77, 0x75, 0x71, 0x75,
  0x7e, 0x85, 0x8a, 0x84, 0x7b, 0x7d, 0x7d, 0x7f, 0x7f, 0x7c, 0x7a, 0x81,
  0x7f, 0x78, 0x78, 0x7a, 0x80, 0x86, 0x5b, 0x3d, 0x7f, 0x82, 0x94, 0xb2,
  0x76, 0x82, 0x93, 0xa0, 0x94, 0x70, 0x6e, 0x54, 0x81, 0x96, 0x7f, 0x89,
  0x7c, 0x91, 0xa3, 0x9c, 0x8a, 0x6b, 0x72, 0x77, 0x80, 0x88, 0x75, 0x79,
  0x85, 0x92, 0x97, 0x8a, 0x7b, 0x71, 0x75, 0x77, 0x74, 0x79, 0x7e, 0x7f,
  0x87, 0x84, 0x7c, 0x7c, 0x7c, 0x7d, 0x7f, 0x80, 0x7d, 0x82, 0x7f, 0x78,
  0x7c, 0x7e, 0x80, 0x80, 0x4c, 0x40, 0x88, 0x7f, 0x99, 0xab, 0x71, 0x88,
  0x93, 0xa1, 0x8a, 0x6b, 0x6e, 0x56, 0x8b, 0x9c, 0x85, 0x88, 0x7d, 0x92,
  0x99, 0x9b, 0x85, 0x5f, 0x71, 0x7c, 0x83, 0x8f, 0x81, 0x78, 0x82, 0x93,
  0x94, 0x88, 0x7c, 0x6d, 0x6b, 0x79, 0x7d, 0x7e, 0x85, 0x7e, 0x7c, 0x7f,
  0x7f, 0x7d, 0x81, 0x84, 0x82, 0x85, 0x83, 0x7e, 0x74, 0x71, 0x79, 0x7f,
  0x86, 0x78, 0x3a, 0x4f, 0x91, 0x81, 0xac, 0xa1, 0x6a, 0x85, 0x94, 0xa2,
  0x7d, 0x70, 0x68, 0x56, 0x98, 0x9d, 0x88, 0x88, 0x7a, 0x8b, 0x93, 0x98,
  0x7d, 0x5f, 0x76, 0x7d, 0x8a, 0x98, 0x81, 0x77, 0x82, 0x8f, 0x8c, 0x86,
  0x7c, 0x6b, 0x6f, 0x7e, 0x82, 0x85, 0x82, 0x76, 0x79, 0x7e, 0x82, 0x85,
  0x86, 0x85, 0x81, 0x85, 0x84, 0x76, 0x6b, 0x68, 0x74, 0x84, 0x8a, 0x67,
  0x2f, 0x67, 0x95, 0x91, 0xc1, 0x8e, 0x61, 0x7e, 0x93, 0x9e, 0x7c, 0x77,
  0x5f, 0x61, 0xa6, 0xa1, 0x8e, 0x84, 0x71, 0x7f, 0x90, 0x99, 0x7c, 0x63,
  0x79, 0x7b, 0x8d, 0x9d, 0x81, 0x77, 0x7d, 0x89, 0x89, 0x86, 0x7e, 0x69,
  0x70, 0x85, 0x8a, 0x8c, 0x83, 0x70, 0x71, 0x7e, 0x88, 0x8a, 0x85, 0x7c,
  0x75, 0x7e, 0x7e, 0x70, 0x6b, 0x6e, 0x7c, 0x8a, 0x8a, 0x56, 0x3d, 0x82,
  0x8f, 0xa3, 0xbc, 0x75, 0x67, 0x7a, 0x94, 0x9c, 0x7d, 0x7c, 0x59, 0x6f,
  0xa8, 0x99, 0x8e, 0x76, 0x65, 0x75, 0x8b, 0x9d, 0x83, 0x70, 0x7e, 0x7b,
  0x93, 0x9d, 0x81, 0x73, 0x73, 0x81, 0x8b, 0x92, 0x89, 0x70, 0x71, 0x82,
  0x89, 0x8a, 0x80, 0x6c, 0x6f, 0x7f, 0x90, 0x91, 0x84, 0x7b, 0x72, 0x7e,
  0x7f, 0x76, 0x72, 0x73, 0x7e, 0x86, 0x70, 0x3e, 0x67, 0x8f, 0x8b, 0xbd,
  0x96, 0x61, 0x6b, 0x75, 0x93, 0x87, 0x87, 0x79, 0x65, 0x9b, 0xa1, 0x92,
  0x8a, 0x65, 0x61, 0x70, 0x8b, 0x94, 0x81, 0x87, 0x80, 0x83, 0x99, 0x8b,
  0x79, 0x6d, 0x70, 0x7b, 0x89, 0x9b, 0x88, 0x79, 0x79, 0x7a, 0x84, 0x86,
  0x7d, 0x71, 0x7b, 0x89, 0x93, 0x92, 0x7e, 0x74, 0x72, 0x7d, 0x81, 0x7d,
  0x79, 0x76, 0x7f, 0x81, 0x54, 0x48, 0x86, 0x88, 0x9e, 0xb7, 0x71, 0x5f,
  0x6a, 0x78, 0x8f, 0x89, 0x8d, 0x71, 0x7b, 0xa5, 0x8e, 0x8b, 0x7e, 0x5d,
  0x6b, 0x80, 0x96, 0x95, 0x8d, 0x8d, 0x76, 0x83, 0x8e, 0x7b, 0x79, 0x6f,
  0x6e, 0x7d, 0x91, 0x98, 0x86, 0x7c, 0x76, 0x78, 0x86, 0x8c, 0x80, 0x78,
  0x7c, 0x81, 0x8d, 0x8c, 0x7d, 0x76, 0x7b, 0x7d, 0x7f, 0x7e, 0x76, 0x77,
  0x81, 0x7b, 0x4b, 0x54, 0x86, 0x81, 0xa9, 0xaf, 0x69, 0x60, 0x65, 0x7a,
  0x92, 0x95, 0x90, 0x71, 0x81, 0x98, 0x8b, 0x90, 0x7b, 0x60, 0x6f, 0x82,
  0x94, 0x98, 0x92, 0x85, 0x6d, 0x7a, 0x87, 0x7c, 0x82, 0x7b, 0x71, 0x7e,
  0x8c, 0x91, 0x89, 0x80, 0x76, 0x74, 0x85, 0x8b, 0x86, 0x81, 0x7c, 0x7e,
  0x88, 0x88, 0x81, 0x79, 0x76, 0x78, 0x7a, 0x7f, 0x7b, 0x7f, 0x83, 0x7a,
  0x58, 0x4d, 0x7c, 0x85, 0x9b, 0xb1, 0x78, 0x64, 0x68, 0x6f, 0x8e, 0x95,
  0x95, 0x7c, 0x75, 0x8d, 0x88, 0x90, 0x8c, 0x6c, 0x6e, 0x79, 0x88, 0x96,
  0x94, 0x8c, 0x71, 0x6d, 0x80, 0x80, 0x8c, 0x8d, 0x7c, 0x7a, 0x7e, 0x8a,
  0x8a, 0x83, 0x7e, 0x6e, 0x75, 0x83, 0x86, 0x8b, 0x83, 0x7e, 0x80, 0x82,
  0x83, 0x80, 0x7a, 0x78, 0x78, 0x7c, 0x7f, 0x80, 0x85, 0x81, 0x77, 0x4f,
  0x4b, 0x79, 0x83, 0x9f, 0xb0, 0x7c, 0x69, 0x66, 0x6e, 0x8f, 0x96, 0x94,
  0x7e, 0x74, 0x85, 0x85, 0x91, 0x8f, 0x75, 0x70, 0x78, 0x86, 0x97, 0x98,
  0x8d, 0x75, 0x6e, 0x80, 0x81, 0x8d, 0x91, 0x7c, 0x73, 0x76, 0x7e, 0x82,
  0x89, 0x82, 0x74, 0x79, 0x7d, 0x85, 0x8b, 0x85, 0x7d, 0x77, 0x7c, 0x80,
  0x81, 0x81, 0x7c, 0x7a, 0x80, 0x82, 0x7e, 0x84, 0x86, 0x80, 0x6c, 0x44,
  0x51, 0x7a, 0x88, 0xae, 0xa7, 0x74, 0x68, 0x61, 0x77, 0x95, 0x98, 0x94,
  0x78, 0x71, 0x81, 0x83, 0x97, 0x90, 0x77, 0x78, 0x75, 0x83, 0x95, 0x95,
  0x8e, 0x74, 0x6f, 0x79, 0x80, 0x91, 0x8d, 0x7c, 0x70, 0x6f, 0x7d, 0x86,
  0x8c, 0x87, 0x77, 0x7a, 0x7e, 0x82, 0x88, 0x81, 0x7a, 0x79, 0x7f, 0x83,
  0x83, 0x82, 0x7f, 0x7c, 0x7f, 0x7e, 0x81, 0x83, 0x84, 0x7f, 0x7b, 0x5f,
  0x45, 0x69, 0x82, 0x91, 0xb2, 0x93, 0x6f, 0x69, 0x62, 0x7e, 0x92, 0x96,
  0x8e, 0x76, 0x79, 0x7f, 0x87, 0x9a, 0x8c, 0x79, 0x76, 0x75, 0x87, 0x94,
  0x97, 0x87, 0x70, 0x76, 0x7a, 0x82, 0x92, 0x86, 0x79, 0x72, 0x74, 0x7d,
  0x85, 0x8c, 0x85, 0x7a, 0x75, 0x76, 0x7d, 0x85, 0x85, 0x85, 0x7e, 0x7f,
  0x82, 0x81, 0x83, 0x7c, 0x79, 0x7c, 0x7c, 0x7e, 0x81, 0x80, 0x80, 0x80,
  0x7d, 0x61, 0x49, 0x68, 0x7f, 0x8e, 0xb3, 0x9a, 0x70, 0x6e, 0x62, 0x78,
  0x92, 0x94, 0x92, 0x80, 0x80, 0x82, 0x88, 0x99, 0x8b, 0x7e, 0x7d, 0x74,
  0x7c, 0x8c, 0x90, 0x87, 0x78, 0x73, 0x71, 0x78, 0x8b, 0x89, 0x7f, 0x79,
  0x75, 0x7a, 0x84, 0x8a, 0x82, 0x7a, 0x78, 0x78, 0x7f, 0x88, 0x86, 0x83,
  0x81, 0x7e, 0x7d, 0x7e, 0x7e, 0x7b, 0x79, 0x7e, 0x7d, 0x7f, 0x82, 0x7f,
  0x7d, 0x7b, 0x80, 0x7e, 0x7b, 0x61, 0x49, 0x6f, 0x84, 0x95, 0xb5, 0x97,
  0x74, 0x6b, 0x66, 0x7c, 0x92, 0xa2, 0x97, 0x82, 0x84, 0x78, 0x7e, 0x93,
  0x87, 0x7f, 0x7b, 0x73, 0x7d, 0x8c, 0x94, 0x8b, 0x7d, 0x78, 0x6f, 0x79,
  0x89, 0x86, 0x84, 0x7c, 0x73, 0x77, 0x7e, 0x87, 0x83, 0x7e, 0x7a, 0x72,
  0x7c, 0x85, 0x84, 0x84, 0x7c, 0x78, 0x77, 0x7c, 0x7f, 0x7b, 0x7c, 0x7d,
  0x80, 0x81, 0x81, 0x7e, 0x7b, 0x7c, 0x7f, 0x80, 0x83, 0x84, 0x7b, 0x59,
  0x53, 0x76, 0x85, 0xa1, 0xb6, 0x8f, 0x74, 0x6a, 0x66, 0x84, 0x96, 0x9d,
  0x8d, 0x7a, 0x7a, 0x78, 0x8d, 0x9b, 0x8e, 0x85, 0x79, 0x73, 0x7b, 0x86,
  0x8e, 0x84, 0x79, 0x73, 0x70, 0x7f, 0x8c, 0x8d, 0x84, 0x73, 0x69, 0x6f,
  0x81, 0x8a, 0x88, 0x7e, 0x71, 0x70, 0x78, 0x82, 0x89, 0x86, 0x81, 0x7a,
  0x78, 0x7c, 0x80, 0x7f, 0x7f, 0x7d, 0x78, 0x7f, 0x82, 0x80, 0x7f, 0x7d,
  0x7d, 0x82, 0x8c, 0x8c, 0x82, 0x7c, 0x6d, 0x4f, 0x5b, 0x84, 0x8c, 0xa2,
  0xad, 0x84, 0x72, 0x6d, 0x6f, 0x89, 0x98, 0x9e, 0x8b, 0x7e, 0x7f, 0x7b,
  0x8d, 0x90, 0x82, 0x7c, 0x77, 0x7d, 0x86, 0x8d, 0x8d, 0x7b, 0x72, 0x70,
  0x6f, 0x7c, 0x85, 0x87, 0x79, 0x72, 0x76, 0x78, 0x83, 0x89, 0x7d, 0x73,
  0x72, 0x73, 0x7d, 0x85, 0x85, 0x7e, 0x7a, 0x79, 0x7a, 0x7e, 0x84, 0x82,
  0x83, 0x86, 0x81, 0x81, 0x81, 0x7c, 0x7a, 0x7c, 0x7c, 0x7f, 0x89, 0x8f,
  0x8d, 0x85, 0x7c, 0x6b, 0x51, 0x67, 0x88, 0x8d, 0xa7, 0x9f, 0x74, 0x6c,
  0x68, 0x7a, 0x92, 0x9d, 0x9e, 0x81, 0x7d, 0x7d, 0x7b, 0x8f, 0x8a, 0x7d,
  0x79, 0x74, 0x7d, 0x81, 0x8c, 0x8b, 0x79, 0x76, 0x72, 0x73, 0x7f, 0x85,
  0x81, 0x73, 0x70, 0x71, 0x78, 0x86, 0x89, 0x81, 0x7a, 0x79, 0x7a, 0x80,
  0x85, 0x85, 0x81, 0x7b, 0x7a, 0x7b, 0x7e, 0x83, 0x84, 0x86, 0x85, 0x84,
  0x85, 0x82, 0x80, 0x7c, 0x78, 0x7c, 0x80, 0x86, 0x89, 0x86, 0x7f, 0x76,
  0x6f, 0x56, 0x61, 0x8c, 0x95, 0xa3, 0xa2, 0x7c, 0x6a, 0x68, 0x7a, 0x8b,
  0x8e, 0x94, 0x83, 0x7c, 0x83, 0x84, 0x8c, 0x8b, 0x7e, 0x77, 0x75, 0x7c,
  0x82, 0x88, 0x8d, 0x7c, 0x77, 0x76, 0x7a, 0x85, 0x85, 0x83, 0x74, 0x6d,
  0x77, 0x7a, 0x83, 0x85, 0x7e, 0x79, 0x77, 0x7d, 0x82, 0x88, 0x8c, 0x84,
  0x7c, 0x79, 0x75, 0x79, 0x7e, 0x80, 0x7e, 0x7e, 0x84, 0x85, 0x85, 0x84,
  0x7c, 0x7b, 0x81, 0x83, 0x85, 0x84, 0x80, 0x79, 0x74, 0x65, 0x51, 0x6d,
  0x90, 0x96, 0xa8, 0x9b, 0x76, 0x6d, 0x6b, 0x86, 0x91, 0x92, 0x94, 0x77,
  0x7d, 0x85, 0x8c, 0x98, 0x8c, 0x84, 0x73, 0x75, 0x83, 0x82, 0x8f, 0x85,
  0x76, 0x74, 0x76, 0x82, 0x85, 0x87, 0x7e, 0x71, 0x72, 0x79, 0x7d, 0x81,
  0x81, 0x76, 0x72, 0x78, 0x7c, 0x83, 0x88, 0x8a, 0x82, 0x7d, 0x7c, 0x78,
  0x7d, 0x7e, 0x7d, 0x7b, 0x7b, 0x7f, 0x80, 0x82, 0x83, 0x7f, 0x7f, 0x80,
  0x83, 0x89, 0x88, 0x80, 0x71, 0x58, 0x4b, 0x72, 0x92, 0x9c, 0xae, 0x92,
  0x73, 0x6e, 0x77, 0x92, 0x90, 0x97, 0x8b, 0x72, 0x84, 0x89, 0x92, 0x92,
  0x82, 0x78, 0x6b, 0x7b, 0x86, 0x89, 0x90, 0x7c, 0x71, 0x6e, 0x79, 0x84,
  0x82, 0x85, 0x75, 0x6f, 0x7a, 0x86, 0x8e, 0x89, 0x7e, 0x6e, 0x6b, 0x77,
  0x7f, 0x84, 0x83, 0x81, 0x7a, 0x7e, 0x85, 0x80, 0x7f, 0x79, 0x76, 0x7c,
  0x82, 0x85, 0x82, 0x7e, 0x7b, 0x7c, 0x82, 0x82, 0x83, 0x85, 0x83, 0x7e,
  0x6e, 0x53, 0x62, 0x8a, 0x95, 0xa8, 0x9d, 0x7a, 0x69, 0x69, 0x88, 0x8c,
  0x90, 0x90, 0x77, 0x81, 0x8d, 0x98, 0x93, 0x7f, 0x7a, 0x65, 0x77, 0x8d,
  0x8b, 0x91, 0x80, 0x75, 0x72, 0x7c, 0x87, 0x7e, 0x81, 0x72, 0x6e, 0x79,
  0x80, 0x8a, 0x81, 0x7b, 0x75, 0x73, 0x80, 0x83, 0x83, 0x80, 0x81, 0x82,
  0x83, 0x84, 0x7a, 0x79, 0x79, 0x7a, 0x7d, 0x7f, 0x84, 0x83, 0x84, 0x82,
  0x81, 0x82, 0x7f, 0x80, 0x81, 0x7a, 0x75, 0x67, 0x4e, 0x6b, 0x91, 0x93,
  0xab, 0x9c, 0x7d, 0x72, 0x6e, 0x88, 0x7f, 0x87, 0x89, 0x73, 0x8b, 0x93,
  0x9c, 0x93, 0x80, 0x79, 0x65, 0x7e, 0x8b, 0x86, 0x88, 0x76, 0x78, 0x7c,
  0x89, 0x88, 0x79, 0x79, 0x71, 0x77, 0x84, 0x89, 0x84, 0x7b, 0x79, 0x74,
  0x78, 0x7f, 0x7e, 0x79, 0x7c, 0x82, 0x84, 0x8a, 0x83, 0x7c, 0x76, 0x78,
  0x7f, 0x81, 0x81, 0x79, 0x79, 0x7e, 0x83, 0x8a, 0x87, 0x7e, 0x7d, 0x7c,
  0x79, 0x71, 0x50, 0x58, 0x82, 0x8c, 0xab, 0xa6, 0x80, 0x74, 0x70, 0x8b,
  0x88, 0x89, 0x87, 0x6b, 0x89, 0x9a, 0x9d, 0x98, 0x7e, 0x76, 0x6b, 0x83,
  0x8e, 0x84, 0x85, 0x74, 0x77, 0x85, 0x91, 0x8c, 0x78, 0x71, 0x67, 0x71,
  0x84, 0x85, 0x7e, 0x7c, 0x7b, 0x7b, 0x86, 0x83, 0x75, 0x73, 0x78, 0x82,
  0x87, 0x89, 0x7e, 0x77, 0x7e, 0x84, 0x85, 0x82, 0x7c, 0x76, 0x7b, 0x82,
  0x83, 0x81, 0x7f, 0x80, 0x7f, 0x7f, 0x7a, 0x6c, 0x4b, 0x5b, 0x8e, 0x8e,
  0xac, 0xa2, 0x77, 0x7a, 0x7a, 0x90, 0x83, 0x80, 0x7d, 0x68, 0x97, 0xa1,
  0x9f, 0x96, 0x77, 0x72, 0x70, 0x8f, 0x8b, 0x7a, 0x7b, 0x6b, 0x7c, 0x8e,
  0x95, 0x87, 0x76, 0x75, 0x70, 0x7d, 0x84, 0x7b, 0x71, 0x73, 0x7b, 0x7f,
  0x87, 0x81, 0x76, 0x78, 0x81, 0x89, 0x89, 0x86, 0x7b, 0x7a, 0x80, 0x82,
  0x83, 0x7f, 0x7a, 0x77, 0x80, 0x84, 0x81, 0x83, 0x7e, 0x82, 0x83, 0x83,
  0x81, 0x6c, 0x43, 0x58, 0x86, 0x87, 0xab, 0xa0, 0x79, 0x7d, 0x83, 0x98,
  0x7d, 0x80, 0x72, 0x60, 0x97, 0x9c, 0xa3, 0x94, 0x7d, 0x77, 0x70, 0x92,
  0x81, 0x79, 0x7d, 0x6e, 0x81, 0x8e, 0x92, 0x7b, 0x71, 0x73, 0x6e, 0x85,
  0x89, 0x7c, 0x75, 0x79, 0x80, 0x84, 0x89, 0x7a, 0x72, 0x77, 0x81, 0x87,
  0x87, 0x81, 0x7a, 0x81, 0x85, 0x86, 0x83, 0x7e, 0x79, 0x79, 0x82, 0x82,
  0x82, 0x80, 0x7b, 0x7b, 0x7c, 0x7f, 0x7e, 0x69, 0x4e, 0x70, 0x86, 0x8b,
  0xa8, 0x89, 0x78, 0x7b, 0x88, 0x91, 0x7a, 0x82, 0x67, 0x72, 0x9a, 0x99,
  0xa0, 0x88, 0x7f, 0x7a, 0x83, 0x90, 0x76, 0x77, 0x70, 0x78, 0x8f, 0x96,
  0x91, 0x79, 0x77, 0x72, 0x77, 0x81, 0x7b, 0x72, 0x72, 0x81, 0x82, 0x86,
  0x81, 0x74, 0x75, 0x7a, 0x85, 0x87, 0x86, 0x81, 0x78, 0x7f, 0x81, 0x81,
  0x80, 0x7c, 0x7a, 0x7f, 0x83, 0x82, 0x84, 0x7e, 0x7d, 0x7d, 0x7d, 0x7a,
  0x71, 0x51, 0x55, 0x87, 0x87, 0x9e, 0xa1, 0x7a, 0x82, 0x8a, 0x9a, 0x88,
  0x7e, 0x77, 0x64, 0x8b, 0x94, 0x97, 0x92, 0x86, 0x86, 0x81, 0x92, 0x7e,
  0x72, 0x71, 0x6c, 0x80, 0x8d, 0x91, 0x7f, 0x7e, 0x7d, 0x79, 0x83, 0x7b,
  0x70, 0x6b, 0x7c, 0x84, 0x85, 0x8a, 0x77, 0x74, 0x7d, 0x82, 0x81, 0x7e,
  0x7a, 0x76, 0x83, 0x88, 0x83, 0x80, 0x79, 0x79, 0x7f, 0x85, 0x81, 0x7e,
  0x7c, 0x7e, 0x87, 0x89, 0x84, 0x79, 0x61, 0x49, 0x75, 0x8d, 0x8c, 0xa8,
  0x83, 0x7d, 0x89, 0x94, 0x94, 0x7a, 0x7d, 0x63, 0x79, 0x97, 0x8f, 0x91,
  0x81, 0x84, 0x81, 0x90, 0x8b, 0x72, 0x75, 0x6e, 0x7c, 0x8b, 0x90, 0x84,
  0x79, 0x82, 0x7c, 0x84, 0x7c, 0x6c, 0x69, 0x71, 0x84, 0x82, 0x83, 0x7a,
  0x74, 0x83, 0x87, 0x86, 0x7b, 0x76, 0x76, 0x82, 0x8d, 0x85, 0x7f, 0x7c,
  0x7d, 0x84, 0x8a, 0x83, 0x7b, 0x7e, 0x7f, 0x82, 0x86, 0x83, 0x7c, 0x79,
  0x70, 0x4f, 0x72, 0x8a, 0x7f, 0xa3, 0x89, 0x80, 0x86, 0x8d, 0x8f, 0x72,
  0x84, 0x69, 0x77, 0x97, 0x88, 0x92, 0x88, 0x8d, 0x86, 0x8d, 0x86, 0x6a,
  0x74, 0x71, 0x7e, 0x86, 0x88, 0x7e, 0x78, 0x88, 0x81, 0x86, 0x7c, 0x6e,
  0x6f, 0x77, 0x85, 0x7f, 0x80, 0x78, 0x75, 0x83, 0x85, 0x83, 0x7c, 0x7e,
  0x7b, 0x83, 0x88, 0x7e, 0x81, 0x81, 0x81, 0x84, 0x83, 0x83, 0x83, 0x86,
  0x83, 0x7f, 0x7d, 0x7c, 0x80, 0x7c, 0x75, 0x52, 0x56, 0x84, 0x7e, 0x9c,
  0x99, 0x78, 0x82, 0x8a, 0x96, 0x7c, 0x81, 0x70, 0x67, 0x90, 0x8a, 0x8f,
  0x86, 0x8a, 0x8b, 0x8f, 0x95, 0x73, 0x73, 0x71, 0x7b, 0x87, 0x87, 0x80,
  0x75, 0x85, 0x85, 0x87, 0x7e, 0x6e, 0x6b, 0x70, 0x81, 0x7f, 0x82, 0x7d,
  0x7c, 0x85, 0x83, 0x82, 0x7f, 0x7f, 0x7e, 0x85, 0x88, 0x81, 0x82, 0x7f,
  0x7d, 0x7d, 0x7f, 0x7f, 0x7e, 0x82, 0x7d, 0x7c, 0x82, 0x81, 0x82, 0x7b,
  0x74, 0x68, 0x50, 0x73, 0x8a, 0x81, 0x9a, 0x81, 0x7d, 0x92, 0x98, 0x94,
  0x7a, 0x7d, 0x67, 0x80, 0x9a, 0x86, 0x8d, 0x84, 0x87, 0x8c, 0x97, 0x83,
  0x70, 0x79, 0x6f, 0x7d, 0x82, 0x7c, 0x79, 0x84, 0x8b, 0x86, 0x84, 0x72,
  0x6e, 0x7a, 0x7f, 0x7f, 0x7a, 0x72, 0x75, 0x88, 0x8a, 0x80, 0x79, 0x75,
  0x79, 0x86, 0x89, 0x7e, 0x7e, 0x7e, 0x7f, 0x86, 0x84, 0x7a, 0x7a, 0x7e,
  0x7d, 0x84, 0x83, 0x7d, 0x80, 0x7d, 0x7e, 0x7a, 0x72, 0x59, 0x67, 0x8f,
  0x7c, 0x98, 0x8e, 0x7c, 0x97, 0x97, 0x96, 0x79, 0x80, 0x6d, 0x78, 0x94,
  0x7a, 0x86, 0x85, 0x8e, 0x92, 0x95, 0x84, 0x70, 0x80, 0x78, 0x7c, 0x7d,
  0x77, 0x72, 0x82, 0x8e, 0x80, 0x85, 0x7a, 0x77, 0x7f, 0x7e, 0x77, 0x72,
  0x79, 0x76, 0x82, 0x83, 0x79, 0x7f, 0x81, 0x81, 0x7f, 0x7f, 0x7b, 0x82,
  0x87, 0x81, 0x81, 0x7b, 0x7d, 0x83, 0x83, 0x81, 0x7d, 0x80, 0x81, 0x87,
  0x83, 0x79, 0x7b, 0x75, 0x5a, 0x5e, 0x87, 0x7a, 0x8e, 0x95, 0x7a, 0x92,
  0x97, 0x96, 0x7f, 0x80, 0x75, 0x73, 0x91, 0x7c, 0x7f, 0x85, 0x8a, 0x8f,
  0x93, 0x8a, 0x72, 0x84, 0x81, 0x7d, 0x7e, 0x73, 0x72, 0x7e, 0x8e, 0x81,
  0x83, 0x7e, 0x75, 0x81, 0x7d, 0x74, 0x71, 0x76, 0x75, 0x7e, 0x82, 0x79,
  0x82, 0x88, 0x87, 0x86, 0x80, 0x78, 0x7b, 0x82, 0x81, 0x83, 0x81, 0x7b,
  0x7f, 0x85, 0x83, 0x85, 0x81, 0x7d, 0x81, 0x7e, 0x7b, 0x78, 0x72, 0x55,
  0x5b, 0x86, 0x7c, 0x91, 0x94, 0x7c, 0x91, 0x9a, 0x94, 0x80, 0x84, 0x76,
  0x79, 0x90, 0x79, 0x7e, 0x87, 0x8d, 0x92, 0x97, 0x88, 0x7a, 0x88, 0x7c,
  0x76, 0x77, 0x6f, 0x70, 0x80, 0x87, 0x7e, 0x85, 0x83, 0x7d, 0x7f, 0x77,
  0x6c, 0x70, 0x76, 0x75, 0x7c, 0x7c, 0x7f, 0x8d, 0x90, 0x8a, 0x83, 0x7d,
  0x7c, 0x80, 0x80, 0x79, 0x7b, 0x7b, 0x80, 0x88, 0x7d, 0x7d, 0x81, 0x81,
  0x85, 0x85, 0x81, 0x7b, 0x7a, 0x68, 0x4d, 0x75, 0x7f, 0x7c, 0x9c, 0x82,
  0x8b, 0x9e, 0x9e, 0x88, 0x82, 0x82, 0x6f, 0x8d, 0x7d, 0x70, 0x78, 0x85,
  0x8c, 0x94, 0x97, 0x7a, 0x88, 0x89, 0x7f, 0x76, 0x70, 0x6b, 0x72, 0x87,
  0x7d, 0x82, 0x84, 0x83, 0x86, 0x85, 0x7b, 0x71, 0x75, 0x6d, 0x73, 0x78,
  0x79, 0x83, 0x87, 0x88, 0x84, 0x86, 0x87, 0x86, 0x81, 0x77, 0x76, 0x79,
  0x7f, 0x86, 0x83, 0x7f, 0x81, 0x83, 0x82, 0x86, 0x85, 0x7e, 0x79, 0x66,
  0x48, 0x77, 0x80, 0x77, 0x92, 0x76, 0x8a, 0x9e, 0xa7, 0x8e, 0x83, 0x82,
  0x72, 0x8f, 0x7c, 0x72, 0x76, 0x83, 0x88, 0x94, 0x96, 0x82, 0x94, 0x8c,
  0x80, 0x76, 0x6f, 0x6e, 0x77, 0x7c, 0x74, 0x7d, 0x83, 0x89, 0x8b, 0x85,
  0x79, 0x7d, 0x7e, 0x75, 0x74, 0x6d, 0x70, 0x7e, 0x86, 0x85, 0x86, 0x88,
  0x87, 0x88, 0x82, 0x7b, 0x7c, 0x7d, 0x7c, 0x7c, 0x7e, 0x7d, 0x7f, 0x83,
  0x83, 0x81, 0x87, 0x80, 0x77, 0x5c, 0x67, 0x83, 0x6f, 0x84, 0x79, 0x7b,
  0x95, 0xa6, 0x9a, 0x8a, 0x90, 0x7c, 0x8d, 0x7e, 0x73, 0x6d, 0x7a, 0x86,
  0x88, 0x93, 0x88, 0x95, 0x90, 0x8c, 0x7d, 0x79, 0x79, 0x76, 0x74, 0x6c,
  0x73, 0x79, 0x87, 0x86, 0x81, 0x7a, 0x80, 0x84, 0x80, 0x7a, 0x6e, 0x72,
  0x78, 0x7e, 0x7f, 0x7d, 0x7e, 0x85, 0x88, 0x85, 0x86, 0x81, 0x7d, 0x7d,
  0x7a, 0x7b, 0x7c, 0x7e, 0x80, 0x80, 0x80, 0x83, 0x84, 0x73, 0x5f, 0x7b,
  0x7d, 0x74, 0x7c, 0x75, 0x7c, 0x94, 0x9c, 0x86, 0x98, 0x8b, 0x8d, 0x97,
  0x80, 0x76, 0x7b, 0x7b, 0x76, 0x85, 0x79, 0x83, 0x93, 0x92, 0x8c, 0x87,
  0x82, 0x7e, 0x81, 0x78, 0x6f, 0x71, 0x78, 0x76, 0x7b, 0x7a, 0x79, 0x86,
  0x85, 0x82, 0x80, 0x78, 0x7c, 0x7d, 0x7a, 0x7a, 0x7a, 0x7c, 0x7e, 0x81,
  0x81, 0x85, 0x86, 0x85, 0x83, 0x81, 0x82, 0x7f, 0x82, 0x80, 0x7e, 0x7c,
  0x76, 0x73, 0x64, 0x7a, 0x82, 0x71, 0x84, 0x7b, 0x7b, 0x97, 0x93, 0x84,
  0x91, 0x8b, 0x85, 0x95, 0x84, 0x7d, 0x84, 0x81, 0x7f, 0x7f, 0x7d, 0x76,
  0x85, 0x88, 0x81, 0x89, 0x85, 0x81, 0x87, 0x84, 0x7d, 0x80, 0x7a, 0x75,
  0x78, 0x74, 0x74, 0x79, 0x76, 0x77, 0x7c, 0x7f, 0x85, 0x85, 0x7e, 0x7a,
  0x7b, 0x7d, 0x84, 0x86, 0x81, 0x7f, 0x7f, 0x7e, 0x81, 0x85, 0x80, 0x82,
  0x83, 0x81, 0x84, 0x82, 0x7f, 0x7e, 0x7a, 0x78, 0x7e, 0x78, 0x7c, 0x79,
  0x76, 0x7d, 0x7a, 0x82, 0x80, 0x82, 0x80, 0x81, 0x85, 0x81, 0x89, 0x89,
  0x8d, 0x8c, 0x90, 0x8c, 0x8b, 0x8d, 0x88, 0x87, 0x7f, 0x7f, 0x79, 0x7b,
  0x79, 0x78, 0x7a, 0x78, 0x7e, 0x7c, 0x7d, 0x78, 0x76, 0x74, 0x74, 0x76,
  0x78, 0x7e, 0x7f, 0x81, 0x83, 0x80, 0x80, 0x7f, 0x7f, 0x7f, 0x82, 0x85,
  0x85, 0x85, 0x83, 0x82, 0x82, 0x81, 0x82, 0x7d, 0x7e, 0x7e, 0x7f, 0x7c,
  0x7c, 0x7f, 0x75, 0x7d, 0x70, 0x7b, 0x7d, 0x79, 0x83, 0x79, 0x87, 0x7f,
  0x89, 0x81, 0x7c, 0x84, 0x85, 0x93, 0x8b, 0x8e, 0x80, 0x88, 0x8c, 0x89,
  0x8b, 0x7c, 0x7c, 0x7a, 0x7f, 0x7e, 0x7b, 0x78, 0x75, 0x7a, 0x7d, 0x7f,
  0x7c, 0x7b, 0x79, 0x76, 0x77, 0x76, 0x79, 0x7d, 0x7e, 0x81, 0x82, 0x81,
  0x87, 0x85, 0x84, 0x84, 0x81, 0x81, 0x80, 0x83, 0x84, 0x86, 0x86, 0x84,
  0x81, 0x7e, 0x7e, 0x7c, 0x7a, 0x7e, 0x79, 0x79, 0x7c, 0x74, 0x7d, 0x73,
  0x7a, 0x79, 0x77, 0x85, 0x81, 0x89, 0x80, 0x84, 0x82, 0x88, 0x8f, 0x89,
  0x8a, 0x86, 0x89, 0x89, 0x90, 0x84, 0x83, 0x7f, 0x7e, 0x80, 0x7e, 0x7f,
  0x73, 0x77, 0x72, 0x74, 0x7c, 0x7d, 0x80, 0x7f, 0x7b, 0x76, 0x7a, 0x7f,
  0x7e, 0x81, 0x7e, 0x7e, 0x81, 0x82, 0x85, 0x80, 0x83, 0x85, 0x83, 0x82,
  0x7f, 0x80, 0x81, 0x82, 0x85, 0x81, 0x81, 0x7e, 0x7c, 0x75, 0x7a, 0x73,
  0x7a, 0x80, 0x74, 0x82, 0x73, 0x7d, 0x77, 0x7b, 0x81, 0x79, 0x8b, 0x81,
  0x8b, 0x86, 0x8a, 0x89, 0x89, 0x8d, 0x89, 0x8b, 0x83, 0x88, 0x84, 0x86,
  0x81, 0x80, 0x7d, 0x7c, 0x7f, 0x7d, 0x7c, 0x75, 0x75, 0x77, 0x7e, 0x7e,
  0x7e, 0x7a, 0x77, 0x7c, 0x80, 0x7e, 0x7d, 0x7f, 0x7c, 0x82, 0x84, 0x81,
  0x7f, 0x80, 0x84, 0x84, 0x85, 0x80, 0x7a, 0x7c, 0x7f, 0x82, 0x81, 0x7f,
  0x7b, 0x78, 0x7b, 0x7f, 0x78, 0x80, 0x71, 0x76, 0x7e, 0x79, 0x88, 0x7a,
  0x82, 0x7c, 0x82, 0x88, 0x84, 0x8a, 0x85, 0x8b, 0x88, 0x8f, 0x89, 0x89,
  0x88, 0x88, 0x83, 0x85, 0x85, 0x7d, 0x81, 0x7d, 0x7f, 0x7e, 0x82, 0x7b,
  0x77, 0x78, 0x77, 0x7c, 0x7d, 0x7a, 0x74, 0x77, 0x7a, 0x80, 0x82, 0x7f,
  0x7c, 0x7c, 0x81, 0x83, 0x85, 0x86, 0x80, 0x81, 0x80, 0x81, 0x83, 0x7f,
  0x7d, 0x7e, 0x7f, 0x80, 0x7d, 0x7c, 0x7a, 0x81, 0x7e, 0x7e, 0x7a, 0x74,
  0x7e, 0x77, 0x84, 0x7c, 0x7b, 0x7e, 0x7e, 0x8a, 0x87, 0x8b, 0x85, 0x86,
  0x82, 0x89, 0x88, 0x8c, 0x8a, 0x84, 0x86, 0x82, 0x87, 0x82, 0x83, 0x7d,
  0x7b, 0x7c, 0x7e, 0x7d, 0x7a, 0x78, 0x74, 0x78, 0x78, 0x7c, 0x7b, 0x7c,
  0x7e, 0x7c, 0x7d, 0x7e, 0x85, 0x84, 0x85, 0x86, 0x80, 0x81, 0x7f, 0x7e,
  0x81, 0x80, 0x7f, 0x7e, 0x7e, 0x7d, 0x84, 0x80, 0x7d, 0x6f, 0x72, 0x82,
  0x71, 0x7e, 0x72, 0x77, 0x7e, 0x82, 0x87, 0x7a, 0x98, 0x8a, 0x90, 0x8e,
  0x84, 0x89, 0x8b, 0x89, 0x78, 0x83, 0x7b, 0x82, 0x84, 0x7e, 0x7b, 0x83,
  0x87, 0x7e, 0x84, 0x7b, 0x80, 0x8c, 0x82, 0x7d, 0x84, 0x82, 0x82, 0x7d,
  0x6f, 0x6f, 0x7c, 0x79, 0x77, 0x81, 0x7a, 0x7f, 0x81, 0x7c, 0x84, 0x87,
  0x81, 0x7d, 0x80, 0x7d, 0x80, 0x81, 0x77, 0x7d, 0x7e, 0x7d, 0x77, 0x72,
  0x5c, 0x72, 0x89, 0x67, 0x7e, 0x7a, 0x81, 0x94, 0x92, 0x86, 0x93, 0xab,
  0x8a, 0x94, 0x84, 0x7e, 0x88, 0x84, 0x6a, 0x67, 0x7f, 0x70, 0x86, 0x84,
  0x7d, 0x92, 0x9b, 0x8c, 0x8a, 0x91, 0x7d, 0x85, 0x7a, 0x69, 0x72, 0x74,
  0x6c, 0x6c, 0x7b, 0x7f, 0x88, 0x8a, 0x7f, 0x8a, 0x90, 0x88, 0x81, 0x7d,
  0x77, 0x7a, 0x77, 0x71, 0x78, 0x7b, 0x7b, 0x80, 0x81, 0x85, 0x8c, 0x89,
  0x7d, 0x7e, 0x6b, 0x54, 0x86, 0x6a, 0x5d, 0x7e, 0x70, 0x8e, 0xa1, 0x97,
  0x8a, 0xb0, 0xa3, 0x8f, 0x97, 0x73, 0x75, 0x7e, 0x70, 0x62, 0x7b, 0x7a,
  0x7a, 0x8f, 0x87, 0x92, 0x9e, 0x92, 0x85, 0x8c, 0x83, 0x79, 0x74, 0x60,
  0x62, 0x6f, 0x6e, 0x70, 0x7d, 0x86, 0x8e, 0x93, 0x8c, 0x8d, 0x8f, 0x82,
  0x79, 0x71, 0x72, 0x73, 0x78, 0x72, 0x73, 0x80, 0x84, 0x8b, 0x8a, 0x8b,
  0x8b, 0x8c, 0x7e, 0x72, 0x4c, 0x6d, 0x7c, 0x51, 0x79, 0x73, 0x88, 0xa0,
  0x9f, 0x8c, 0xa3, 0xb8, 0x8d, 0x95, 0x78, 0x72, 0x7b, 0x72, 0x5a, 0x63,
  0x80, 0x7c, 0x94, 0x92, 0x98, 0xa5, 0xa4, 0x8b, 0x7e, 0x79, 0x69, 0x6b,
  0x5d, 0x5b, 0x6a, 0x79, 0x7b, 0x82, 0x89, 0x8d, 0x95, 0x8c, 0x89, 0x89,
  0x7e, 0x74, 0x70, 0x6d, 0x6f, 0x7a, 0x75, 0x78, 0x85, 0x8f, 0x8e, 0x8d,
  0x8e, 0x8a, 0x87, 0x76, 0x52, 0x53, 0x84, 0x5f, 0x6b, 0x78, 0x78, 0xa4,
  0xa4, 0x9c, 0x95, 0xb5, 0x97, 0x8b, 0x79, 0x62, 0x73, 0x71, 0x69, 0x65,
  0x85, 0x81, 0x93, 0x9b, 0x92, 0x9e, 0x99, 0x8a, 0x78, 0x7d, 0x75, 0x6d,
  0x66, 0x60, 0x6d, 0x7c, 0x7d, 0x76, 0x87, 0x8e, 0x94, 0x90, 0x81, 0x82,
  0x7d, 0x72, 0x69, 0x6b, 0x73, 0x78, 0x7a, 0x7e, 0x87, 0x93, 0x93, 0x8e,
  0x8a, 0x85, 0x7d, 0x6f, 0x42, 0x68, 0x7c, 0x58, 0x7c, 0x77, 0x8f, 0xac,
  0xab, 0x90, 0xa1, 0xaf, 0x87, 0x8d, 0x69, 0x66, 0x73, 0x72, 0x5e, 0x6d,
  0x89, 0x81, 0x9e, 0x92, 0x94, 0xa4, 0x9c, 0x83, 0x7a, 0x7a, 0x69, 0x6d,
  0x63, 0x5f, 0x72, 0x80, 0x79, 0x89, 0x93, 0x92, 0x98, 0x8b, 0x7e, 0x7c,
  0x75, 0x66, 0x67, 0x6c, 0x73, 0x7b, 0x7c, 0x7f, 0x8a, 0x90, 0x8c, 0x8f,
  0x89, 0x7c, 0x69, 0x45, 0x7d, 0x72, 0x5c, 0x7d, 0x6f, 0x91, 0xa2, 0xa5,
  0x89, 0xae, 0xa7, 0x8a, 0x92, 0x6f, 0x73, 0x70, 0x70, 0x59, 0x78, 0x87,
  0x84, 0x9a, 0x8e, 0x97, 0xa1, 0x97, 0x7e, 0x7c, 0x78, 0x6f, 0x6e, 0x62,
  0x60, 0x73, 0x7a, 0x7b, 0x91, 0x94, 0x95, 0x96, 0x86, 0x85, 0x83, 0x77,
  0x6c, 0x6e, 0x6c, 0x70, 0x77, 0x75, 0x7a, 0x87, 0x8b, 0x88, 0x8e, 0x7d,
  0x6c, 0x53, 0x77, 0x70, 0x58, 0x79, 0x6b, 0x8c, 0x9a, 0x9c, 0x90, 0xab,
  0xaa, 0x8d, 0x9a, 0x79, 0x7e, 0x79, 0x70, 0x60, 0x75, 0x83, 0x7d, 0x97,
  0x8c, 0x96, 0x9d, 0x95, 0x87, 0x84, 0x80, 0x72, 0x6f, 0x65, 0x65, 0x6f,
  0x71, 0x72, 0x86, 0x8e, 0x90, 0x95, 0x8a, 0x87, 0x87, 0x79, 0x72, 0x75,
  0x6f, 0x6e, 0x74, 0x76, 0x7b, 0x88, 0x87, 0x85, 0x90, 0x84, 0x6b, 0x50,
  0x7b, 0x6f, 0x60, 0x78, 0x66, 0x89, 0x92, 0x96, 0x8a, 0xab, 0xa4, 0x8b,
  0x98, 0x7c, 0x84, 0x7a, 0x6e, 0x5f, 0x7f, 0x81, 0x7d, 0x94, 0x8c, 0x9b,
  0x9c, 0x94, 0x83, 0x8e, 0x84, 0x75, 0x75, 0x69, 0x6a, 0x72, 0x6f, 0x6e,
  0x84, 0x87, 0x86, 0x8d, 0x87, 0x89, 0x8b, 0x7c, 0x75, 0x79, 0x73, 0x71,
  0x72, 0x72, 0x79, 0x81, 0x7f, 0x83, 0x8b, 0x7f, 0x6e, 0x58, 0x86, 0x79,
  0x64, 0x7c, 0x72, 0x8e, 0x8e, 0x8e, 0x81, 0xa6, 0x9d, 0x85, 0x91, 0x7b,
  0x85, 0x7d, 0x75, 0x66, 0x83, 0x7d, 0x77, 0x8e, 0x88, 0x95, 0x92, 0x8d,
  0x84, 0x97, 0x8e, 0x7d, 0x7f, 0x76, 0x72, 0x75, 0x6e, 0x6a, 0x80, 0x7c,
  0x78, 0x86, 0x87, 0x88, 0x8b, 0x7e, 0x7e, 0x85, 0x79, 0x72, 0x75, 0x7a,
  0x74, 0x78, 0x7c, 0x77, 0x81, 0x79, 0x6f, 0x59, 0x81, 0x84, 0x60, 0x86,
  0x7b, 0x8a, 0x8f, 0x8c, 0x82, 0x9e, 0xa3, 0x7f, 0x96, 0x84, 0x88, 0x7f,
  0x77, 0x6d, 0x81, 0x81, 0x6c, 0x81, 0x82, 0x8c, 0x8a, 0x8b, 0x85, 0x96,
  0x90, 0x7f, 0x88, 0x81, 0x7a, 0x73, 0x6d, 0x6b, 0x7d, 0x79, 0x77, 0x83,
  0x85, 0x84, 0x88, 0x82, 0x84, 0x89, 0x82, 0x7e, 0x7e, 0x7a, 0x72, 0x76,
  0x7b, 0x7d, 0x7d, 0x74, 0x6d, 0x5b, 0x72, 0x8c, 0x5d, 0x7d, 0x82, 0x83,
  0x8f, 0x8c, 0x8b, 0x97, 0xac, 0x7d, 0x93, 0x8e, 0x88, 0x80, 0x7a, 0x74,
  0x75, 0x81, 0x68, 0x82, 0x86, 0x87, 0x81, 0x88, 0x87, 0x8f, 0x90, 0x7d,
  0x87, 0x82, 0x79, 0x75, 0x75, 0x70, 0x78, 0x76, 0x75, 0x82, 0x83, 0x7f,
  0x85, 0x8a, 0x85, 0x87, 0x82, 0x80, 0x85, 0x7d, 0x76, 0x79, 0x7c, 0x75,
  0x79, 0x75, 0x70, 0x5e, 0x6c, 0x85, 0x5b, 0x7f, 0x83, 0x80, 0x8d, 0x8d,
  0x8c, 0x95, 0xa7, 0x7f, 0x9b, 0x91, 0x86, 0x80, 0x81, 0x7b, 0x77, 0x7d,
  0x61, 0x81, 0x83, 0x80, 0x7d, 0x8a, 0x89, 0x8a, 0x8e, 0x81, 0x90, 0x8a,
  0x7d, 0x78, 0x7c, 0x73, 0x76, 0x74, 0x70, 0x7d, 0x76, 0x75, 0x7f, 0x88,
  0x84, 0x86, 0x87, 0x84, 0x87, 0x83, 0x80, 0x81, 0x81, 0x75, 0x78, 0x70,
  0x66, 0x5c, 0x7d, 0x78, 0x5a, 0x7f, 0x77, 0x85, 0x89, 0x90, 0x8f, 0xa1,
  0x9c, 0x87, 0xa2, 0x8f, 0x8d, 0x7e, 0x84, 0x78, 0x78, 0x70, 0x66, 0x7f,
  0x72, 0x74, 0x77, 0x86, 0x85, 0x8d, 0x8e, 0x90, 0x92, 0x86, 0x86, 0x85,
  0x84, 0x76, 0x77, 0x75, 0x77, 0x72, 0x6f, 0x76, 0x7c, 0x7e, 0x79, 0x86,
  0x83, 0x86, 0x87, 0x87, 0x84, 0x85, 0x86, 0x7c, 0x79, 0x6d, 0x5b, 0x76,
  0x79, 0x55, 0x77, 0x79, 0x76, 0x7c, 0x87, 0x86, 0x98, 0x9e, 0x8c, 0xae,
  0x9c, 0x92, 0x87, 0x8f, 0x81, 0x7f, 0x7c, 0x67, 0x7e, 0x6c, 0x6c, 0x74,
  0x7c, 0x76, 0x81, 0x84, 0x82, 0x8d, 0x88, 0x8e, 0x8e, 0x8e, 0x80, 0x84,
  0x81, 0x79, 0x7f, 0x76, 0x74, 0x73, 0x73, 0x78, 0x7c, 0x7e, 0x7d, 0x82,
  0x81, 0x84, 0x8a, 0x86, 0x83, 0x79, 0x69, 0x7d, 0x6f, 0x63, 0x7e, 0x6e,
  0x70, 0x76, 0x83, 0x7f, 0x92, 0x8b, 0x8a, 0xa1, 0x91, 0x9a, 0x94, 0x94,
  0x83, 0x8c, 0x84, 0x7b, 0x7f, 0x71, 0x79, 0x77, 0x76, 0x73, 0x7c, 0x75,
  0x7b, 0x83, 0x82, 0x84, 0x85, 0x86, 0x86, 0x8d, 0x86, 0x84, 0x82, 0x7c,
  0x7d, 0x7a, 0x79, 0x77, 0x7c, 0x7b, 0x7b, 0x7d, 0x7e, 0x82, 0x7e, 0x7a,
  0x76, 0x73, 0x73, 0x87, 0x65, 0x6c, 0x7d, 0x6e, 0x7d, 0x81, 0x86, 0x7d,
  0x8a, 0x82, 0x97, 0x96, 0x88, 0x93, 0x94, 0x8f, 0x86, 0x94, 0x7f, 0x85,
  0x7f, 0x7c, 0x7b, 0x76, 0x74, 0x79, 0x83, 0x71, 0x7d, 0x80, 0x7f, 0x7d,
  0x83, 0x84, 0x83, 0x88, 0x84, 0x8a, 0x82, 0x80, 0x82, 0x82, 0x79, 0x7a,
  0x7f, 0x7b, 0x7f, 0x81, 0x7c, 0x7b, 0x7c, 0x7b, 0x78, 0x77, 0x68, 0x79,
  0x7b, 0x62, 0x82, 0x75, 0x6f, 0x76, 0x84, 0x83, 0x88, 0x8c, 0x82, 0x98,
  0x87, 0x93, 0x98, 0x96, 0x86, 0x8c, 0x8e, 0x7e, 0x86, 0x7b, 0x7e, 0x7b,
  0x79, 0x71, 0x7b, 0x77, 0x74, 0x81, 0x7c, 0x79, 0x80, 0x87, 0x80, 0x84,
  0x84, 0x88, 0x88, 0x84, 0x82, 0x82, 0x82, 0x7b, 0x82, 0x7f, 0x78, 0x7d,
  0x81, 0x7f, 0x80, 0x84, 0x7c, 0x77, 0x74, 0x6d, 0x82, 0x6e, 0x62, 0x7d,
  0x71, 0x71, 0x77, 0x82, 0x7a, 0x88, 0x89, 0x8c, 0x95, 0x87, 0x95, 0x92,
  0x90, 0x84, 0x93, 0x8b, 0x81, 0x84, 0x7f, 0x84, 0x7a, 0x7c, 0x75, 0x7a,
  0x74, 0x7a, 0x7e, 0x7b, 0x78, 0x7c, 0x83, 0x7f, 0x85, 0x89, 0x89, 0x81,
  0x87, 0x86, 0x86, 0x80, 0x7f, 0x7e, 0x77, 0x80, 0x81, 0x83, 0x7a, 0x7e,
  0x81, 0x81, 0x7d, 0x77, 0x6e, 0x7d, 0x78, 0x60, 0x7b, 0x6a, 0x6c, 0x75,
  0x82, 0x78, 0x7d, 0x8d, 0x85, 0x98, 0x87, 0x95, 0x91, 0x8e, 0x87, 0x92,
  0x8e, 0x7f, 0x89, 0x7e, 0x83, 0x79, 0x81, 0x79, 0x7c, 0x78, 0x77, 0x7a,
  0x74, 0x7b, 0x7c, 0x80, 0x76, 0x7e, 0x80, 0x89, 0x87, 0x89, 0x8a, 0x84,
  0x87, 0x86, 0x84, 0x7c, 0x7e, 0x7c, 0x7c, 0x7d, 0x80, 0x7d, 0x7d, 0x7f,
  0x7d, 0x79, 0x6e, 0x86, 0x6f, 0x6a, 0x83, 0x6e, 0x71, 0x73, 0x80, 0x78,
  0x85, 0x87, 0x8b, 0x91, 0x87, 0x97, 0x8e, 0x8e, 0x84, 0x93, 0x86, 0x82,
  0x85, 0x7c, 0x7d, 0x75, 0x7e, 0x77, 0x7d, 0x78, 0x82, 0x7d, 0x79, 0x7c,
  0x7e, 0x7d, 0x77, 0x83, 0x7c, 0x82, 0x83, 0x8e, 0x89, 0x84, 0x88, 0x86,
  0x86, 0x80, 0x82, 0x7a, 0x7d, 0x7c, 0x7c, 0x7a, 0x79, 0x79, 0x78, 0x7a,
  0x70, 0x81, 0x7f, 0x68, 0x81, 0x79, 0x72, 0x76, 0x81, 0x79, 0x76, 0x88,
  0x82, 0x93, 0x87, 0x92, 0x8f, 0x8f, 0x8b, 0x93, 0x91, 0x7c, 0x86, 0x7f,
  0x82, 0x77, 0x81, 0x79, 0x7a, 0x79, 0x7d, 0x7f, 0x74, 0x79, 0x7c, 0x7e,
  0x74, 0x82, 0x7d, 0x79, 0x82, 0x89, 0x83, 0x80, 0x89, 0x85, 0x86, 0x85,
  0x86, 0x81, 0x7d, 0x7f, 0x7d, 0x7d, 0x7d, 0x78, 0x79, 0x77, 0x74, 0x75,
  0x80, 0x76, 0x6c, 0x82, 0x71, 0x72, 0x7a, 0x83, 0x78, 0x7c, 0x88, 0x84,
  0x8e, 0x86, 0x93, 0x88, 0x89, 0x88, 0x93, 0x8b, 0x85, 0x8d, 0x84, 0x83,
  0x80, 0x88, 0x79, 0x79, 0x76, 0x7b, 0x79, 0x77, 0x7a, 0x7c, 0x7c, 0x78,
  0x83, 0x77, 0x7b, 0x80, 0x83, 0x7a, 0x80, 0x8b, 0x82, 0x88, 0x85, 0x85,
  0x84, 0x82, 0x81, 0x80, 0x7d, 0x7e, 0x80, 0x79, 0x76, 0x77, 0x74, 0x7b,
  0x74, 0x68, 0x80, 0x74, 0x72, 0x7a, 0x83, 0x79, 0x7f, 0x8a, 0x80, 0x89,
  0x85, 0x94, 0x87, 0x8d, 0x8a, 0x93, 0x91, 0x84, 0x90, 0x83, 0x80, 0x7d,
  0x87, 0x7b, 0x7e, 0x80, 0x7d, 0x7a, 0x7a, 0x82, 0x7c, 0x78, 0x71, 0x7a,
  0x77, 0x7b, 0x7d, 0x7f, 0x7d, 0x7f, 0x87, 0x83, 0x89, 0x86, 0x86, 0x7f,
  0x7f, 0x83, 0x80, 0x7f, 0x7a, 0x7d, 0x7c, 0x7d, 0x7c, 0x72, 0x79, 0x7f,
  0x6b, 0x7c, 0x79, 0x6f, 0x75, 0x7f, 0x7d, 0x74, 0x86, 0x7b, 0x85, 0x85,
  0x90, 0x8f, 0x8d, 0x8b, 0x8e, 0x96, 0x84, 0x91, 0x86, 0x83, 0x7e, 0x88,
  0x84, 0x7f, 0x83, 0x7c, 0x7d, 0x77, 0x7b, 0x77, 0x79, 0x75, 0x79, 0x7b,
  0x76, 0x7c, 0x82, 0x7f, 0x7b, 0x84, 0x82, 0x82, 0x83, 0x84, 0x7f, 0x82,
  0x81, 0x80, 0x80, 0x7c, 0x7b, 0x7b, 0x7d, 0x77, 0x78, 0x76, 0x7e, 0x6d,
  0x7b, 0x80, 0x6d, 0x75, 0x79, 0x81, 0x72, 0x84, 0x7e, 0x89, 0x88, 0x8c,
  0x91, 0x89, 0x94, 0x8e, 0x98, 0x83, 0x8c, 0x87, 0x85, 0x81, 0x86, 0x87,
  0x7b, 0x80, 0x7c, 0x83, 0x79, 0x7f, 0x7b, 0x7b, 0x72, 0x78, 0x7b, 0x71,
  0x7c, 0x7d, 0x78, 0x77, 0x86, 0x84, 0x86, 0x86, 0x86, 0x85, 0x86, 0x86,
  0x81, 0x7f, 0x7a, 0x7d, 0x7a, 0x7a, 0x7b, 0x76, 0x77, 0x83, 0x71, 0x78,
  0x7d, 0x6d, 0x73, 0x79, 0x7c, 0x70, 0x81, 0x7e, 0x84, 0x87, 0x8a, 0x90,
  0x8a, 0x93, 0x90, 0x98, 0x86, 0x8b, 0x88, 0x86, 0x86, 0x87, 0x88, 0x7d,
  0x83, 0x7f, 0x83, 0x78, 0x7d, 0x7b, 0x77, 0x73, 0x74, 0x77, 0x70, 0x78,
  0x77, 0x7e, 0x7b, 0x83, 0x83, 0x82, 0x85, 0x87, 0x87, 0x85, 0x86, 0x7f,
  0x80, 0x7e, 0x7d, 0x7c, 0x7d, 0x79, 0x75, 0x7b, 0x84, 0x73, 0x77, 0x7e,
  0x6d, 0x72, 0x77, 0x7c, 0x71, 0x82, 0x80, 0x81, 0x82, 0x87, 0x92, 0x8a,
  0x93, 0x8d, 0x94, 0x84, 0x8e, 0x8c, 0x86, 0x86, 0x86, 0x88, 0x7c, 0x85,
  0x7f, 0x82, 0x7b, 0x7e, 0x7a, 0x76, 0x7a, 0x76, 0x78, 0x6f, 0x74, 0x7a,
  0x7b, 0x7a, 0x81, 0x81, 0x82, 0x87, 0x87, 0x83, 0x87, 0x86, 0x7d, 0x7d,
  0x7e, 0x7e, 0x7d, 0x7e, 0x77, 0x78, 0x7a, 0x83, 0x6f, 0x77, 0x81, 0x70,
  0x77, 0x74, 0x7a, 0x71, 0x84, 0x7f, 0x82, 0x81, 0x84, 0x90, 0x8a, 0x94,
  0x8b, 0x93, 0x82, 0x8d, 0x8f, 0x89, 0x86, 0x86, 0x86, 0x7d, 0x88, 0x80,
  0x83, 0x7a, 0x7a, 0x77, 0x7b, 0x78, 0x77, 0x7a, 0x70, 0x79, 0x7b, 0x7d,
  0x80, 0x86, 0x82, 0x83, 0x84, 0x85, 0x82, 0x81, 0x80, 0x7f, 0x7e, 0x7d,
  0x82, 0x7d, 0x80, 0x7e, 0x75, 0x77, 0x80, 0x6e, 0x79, 0x7f, 0x6e, 0x73,
  0x78, 0x7a, 0x70, 0x84, 0x80, 0x87, 0x87, 0x87, 0x90, 0x8c, 0x90, 0x8d,
  0x94, 0x82, 0x8c, 0x8a, 0x86, 0x88, 0x87, 0x85, 0x7c, 0x84, 0x82, 0x81,
  0x7a, 0x78, 0x74, 0x76, 0x75, 0x78, 0x77, 0x77, 0x7d, 0x7d, 0x82, 0x7e,
  0x86, 0x84, 0x84, 0x84, 0x83, 0x80, 0x7f, 0x82, 0x7e, 0x7f, 0x7f, 0x80,
  0x7a, 0x7f, 0x7c, 0x75, 0x7a, 0x7f, 0x67, 0x74, 0x7d, 0x6b, 0x74, 0x77,
  0x7a, 0x72, 0x88, 0x81, 0x87, 0x88, 0x89, 0x92, 0x88, 0x8f, 0x8d, 0x96,
  0x84, 0x8f, 0x8d, 0x87, 0x86, 0x87, 0x86, 0x7d, 0x83, 0x7a, 0x7b, 0x73,
  0x78, 0x76, 0x75, 0x76, 0x78, 0x7d, 0x78, 0x7e, 0x80, 0x7f, 0x81, 0x85,
  0x82, 0x84, 0x87, 0x83, 0x82, 0x83, 0x81, 0x81, 0x7e, 0x7d, 0x80, 0x7c,
  0x7b, 0x7a, 0x74, 0x76, 0x81, 0x6a, 0x73, 0x7e, 0x6b, 0x71, 0x77, 0x7e,
  0x74, 0x87, 0x83, 0x87, 0x89, 0x8a, 0x94, 0x8b, 0x92, 0x8c, 0x96, 0x84,
  0x8f, 0x90, 0x84, 0x83, 0x83, 0x86, 0x7a, 0x82, 0x7b, 0x7b, 0x74, 0x7a,
  0x78, 0x77, 0x78, 0x79, 0x7b, 0x77, 0x7d, 0x7b, 0x80, 0x80, 0x84, 0x84,
  0x84, 0x83, 0x84, 0x83, 0x81, 0x84, 0x7e, 0x7e, 0x7e, 0x7e, 0x79, 0x7e,
  0x7b, 0x70, 0x75, 0x7f, 0x69, 0x76, 0x7f, 0x6a, 0x72, 0x7b, 0x81, 0x76,
  0x8b, 0x85, 0x88, 0x88, 0x8b, 0x96, 0x8b, 0x92, 0x8d, 0x95, 0x83, 0x8e,
  0x8d, 0x85, 0x85, 0x84, 0x84, 0x78, 0x82, 0x7e, 0x7d, 0x74, 0x76, 0x79,
  0x75, 0x74, 0x7c, 0x7b, 0x73, 0x79, 0x7d, 0x7b, 0x7f, 0x89, 0x80, 0x7e,
  0x85, 0x87, 0x82, 0x82, 0x82, 0x7f, 0x7d, 0x7a, 0x7b, 0x79, 0x7c, 0x77,
  0x71, 0x76, 0x80, 0x6a, 0x79, 0x7e, 0x6c, 0x77, 0x81, 0x80, 0x77, 0x8b,
  0x80, 0x88, 0x89, 0x8e, 0x95, 0x8c, 0x91, 0x8e, 0x98, 0x86, 0x91, 0x8a,
  0x85, 0x83, 0x84, 0x82, 0x76, 0x80, 0x76, 0x79, 0x77, 0x7f, 0x79, 0x77,
  0x76, 0x77, 0x7d, 0x75, 0x7c, 0x7c, 0x79, 0x7c, 0x84, 0x80, 0x81, 0x85,
  0x81, 0x83, 0x86, 0x84, 0x7d, 0x7b, 0x7a, 0x7a, 0x79, 0x79, 0x73, 0x6f,
  0x76, 0x7d, 0x6c, 0x79, 0x7c, 0x6e, 0x7a, 0x82, 0x86, 0x7d, 0x8b, 0x84,
  0x88, 0x8a, 0x8e, 0x93, 0x8c, 0x92, 0x8f, 0x96, 0x86, 0x92, 0x8d, 0x83,
  0x81, 0x81, 0x80, 0x79, 0x80, 0x79, 0x7a, 0x76, 0x7a, 0x77, 0x76, 0x76,
  0x77, 0x77, 0x75, 0x7e, 0x7c, 0x7c, 0x7d, 0x85, 0x83, 0x82, 0x84, 0x83,
  0x83, 0x81, 0x84, 0x7c, 0x7c, 0x7b, 0x78, 0x77, 0x79, 0x78, 0x70, 0x74,
  0x7b, 0x71, 0x77, 0x82, 0x70, 0x76, 0x81, 0x81, 0x7a, 0x88, 0x87, 0x85,
  0x8b, 0x8e, 0x96, 0x90, 0x93, 0x91, 0x96, 0x8b, 0x93, 0x8e, 0x84, 0x86,
  0x85, 0x83, 0x78, 0x7f, 0x79, 0x7b, 0x75, 0x77, 0x7c, 0x76, 0x75, 0x76,
  0x77, 0x71, 0x7e, 0x7d, 0x75, 0x7c, 0x80, 0x7e, 0x81, 0x88, 0x83, 0x7f,
  0x82, 0x82, 0x80, 0x7f, 0x7e, 0x79, 0x74, 0x7a, 0x78, 0x72, 0x76, 0x7f,
  0x6f, 0x72, 0x84, 0x73, 0x79, 0x7d, 0x7e, 0x76, 0x84, 0x87, 0x84, 0x8a,
  0x8b, 0x96, 0x90, 0x96, 0x8f, 0x97, 0x8c, 0x8f, 0x92, 0x88, 0x86, 0x81,
  0x84, 0x78, 0x81, 0x7d, 0x7c, 0x78, 0x7b, 0x7c, 0x7a, 0x78, 0x75, 0x77,
  0x72, 0x7b, 0x7d, 0x7a, 0x7a, 0x81, 0x7e, 0x82, 0x87, 0x82, 0x80, 0x81,
  0x81, 0x7c, 0x7d, 0x7c, 0x77, 0x78, 0x76, 0x73, 0x73, 0x7c, 0x7d, 0x68,
  0x80, 0x7a, 0x73, 0x7d, 0x7e, 0x7a, 0x76, 0x87, 0x7c, 0x88, 0x84, 0x90,
  0x90, 0x90, 0x98, 0x95, 0x97, 0x88, 0x96, 0x8a, 0x88, 0x83, 0x82, 0x7c,
  0x7a, 0x81, 0x7a, 0x80, 0x79, 0x80, 0x7a, 0x7a, 0x7a, 0x7e, 0x79, 0x75,
  0x81, 0x7b, 0x7d, 0x7e, 0x81, 0x7d, 0x86, 0x84, 0x80, 0x80, 0x80, 0x7c,
  0x79, 0x7c, 0x78, 0x77, 0x78, 0x75, 0x71, 0x75, 0x81, 0x72, 0x72, 0x85,
  0x73, 0x77, 0x7b, 0x80, 0x75, 0x82, 0x83, 0x80, 0x87, 0x86, 0x96, 0x8c,
  0x94, 0x92, 0x9a, 0x89, 0x8e, 0x91, 0x83, 0x85, 0x81, 0x81, 0x79, 0x84,
  0x7b, 0x7d, 0x77, 0x7a, 0x7c, 0x7d, 0x78, 0x79, 0x81, 0x75, 0x7c, 0x81,
  0x7d, 0x7a, 0x87, 0x7f, 0x7d, 0x87, 0x88, 0x7f, 0x82, 0x7f, 0x79, 0x7c,
  0x78, 0x78, 0x78, 0x77, 0x73, 0x72, 0x7a, 0x7d, 0x6b, 0x81, 0x78, 0x72,
  0x7c, 0x80, 0x7e, 0x7a, 0x8b, 0x7f, 0x88, 0x82, 0x91, 0x8d, 0x90, 0x93,
  0x95, 0x90, 0x8a, 0x97, 0x85, 0x86, 0x81, 0x84, 0x77, 0x80, 0x7f, 0x7b,
  0x77, 0x77, 0x7d, 0x76, 0x7f, 0x78, 0x80, 0x77, 0x7a, 0x79, 0x7c, 0x7d,
  0x82, 0x83, 0x7e, 0x85, 0x84, 0x84, 0x7f, 0x84, 0x7c, 0x7f, 0x7d, 0x7b,
  0x7c, 0x79, 0x75, 0x6f, 0x77, 0x7c, 0x69, 0x78, 0x7f, 0x71, 0x79, 0x7f,
  0x80, 0x76, 0x88, 0x81, 0x88, 0x82, 0x8c, 0x90, 0x8a, 0x93, 0x91, 0x95,
  0x88, 0x96, 0x88, 0x88, 0x85, 0x88, 0x7f, 0x7a, 0x7f, 0x78, 0x7a, 0x74,
  0x7e, 0x76, 0x78, 0x78, 0x7d, 0x79, 0x77, 0x7f, 0x7d, 0x7e, 0x7f, 0x84,
  0x7f, 0x85, 0x85, 0x83, 0x7f, 0x7f, 0x7f, 0x7b, 0x7c, 0x7d, 0x7d, 0x7b,
  0x79, 0x76, 0x71, 0x7a, 0x78, 0x6c, 0x7f, 0x77, 0x76, 0x7a, 0x84, 0x7b,
  0x80, 0x8b, 0x80, 0x89, 0x87, 0x93, 0x8a, 0x92, 0x8d, 0x92, 0x8c, 0x8a,
  0x91, 0x89, 0x87, 0x82, 0x88, 0x7b, 0x82, 0x7b, 0x75, 0x70, 0x79, 0x77,
  0x76, 0x7a, 0x76, 0x7e, 0x77, 0x7a, 0x80, 0x83, 0x7e, 0x86, 0x81, 0x7e,
  0x84, 0x85, 0x80, 0x7f, 0x82, 0x7b, 0x7e, 0x7a, 0x7e, 0x7c, 0x7a, 0x75,
  0x76, 0x73, 0x79, 0x79, 0x6e, 0x7f, 0x79, 0x7a, 0x7e, 0x85, 0x7b, 0x84,
  0x8c, 0x82, 0x89, 0x89, 0x91, 0x8b, 0x91, 0x8c, 0x93, 0x8c, 0x8b, 0x91,
  0x88, 0x84, 0x84, 0x80, 0x77, 0x7c, 0x78, 0x78, 0x73, 0x78, 0x76, 0x7b,
  0x77, 0x7b, 0x7f, 0x75, 0x7d, 0x82, 0x7f, 0x80, 0x88, 0x80, 0x7f, 0x82,
  0x81, 0x7f, 0x83, 0x80, 0x7e, 0x7e, 0x7c, 0x7c, 0x7a, 0x79, 0x78, 0x78,
  0x72, 0x78, 0x7b, 0x70, 0x7c, 0x80, 0x78, 0x7a, 0x85, 0x80, 0x7f, 0x89,
  0x83, 0x88, 0x89, 0x91, 0x8c, 0x8c, 0x8e, 0x92, 0x8f, 0x8a, 0x8f, 0x87,
  0x86, 0x83, 0x86, 0x7a, 0x78, 0x7a, 0x76, 0x75, 0x76, 0x76, 0x73, 0x77,
  0x7c, 0x79, 0x7d, 0x7f, 0x7d, 0x81, 0x82, 0x85, 0x80, 0x82, 0x7f, 0x82,
  0x80, 0x81, 0x7f, 0x7c, 0x81, 0x7c, 0x7b, 0x79, 0x79, 0x77, 0x79, 0x76,
  0x73, 0x78, 0x78, 0x73, 0x7c, 0x7c, 0x79, 0x83, 0x86, 0x81, 0x84, 0x8b,
  0x86, 0x8e, 0x8b, 0x8e, 0x8c, 0x8b, 0x8e, 0x91, 0x8e, 0x8a, 0x8e, 0x86,
  0x86, 0x85, 0x81, 0x78, 0x7a, 0x76, 0x76, 0x75, 0x77, 0x77, 0x75, 0x7b,
  0x79, 0x7d, 0x7d, 0x7f, 0x7d, 0x82, 0x7f, 0x81, 0x80, 0x7f, 0x83, 0x80,
  0x81, 0x7c, 0x7e, 0x7b, 0x7d, 0x7a, 0x7a, 0x78, 0x76, 0x77, 0x78, 0x73,
  0x75, 0x7b, 0x77, 0x77, 0x7a, 0x81, 0x7c, 0x83, 0x85, 0x86, 0x83, 0x8b,
  0x8c, 0x89, 0x8c, 0x8e, 0x8f, 0x8e, 0x93, 0x8d, 0x8e, 0x8a, 0x8a, 0x85,
  0x83, 0x82, 0x7e, 0x7b, 0x7a, 0x7b, 0x78, 0x74, 0x77, 0x77, 0x77, 0x79,
  0x7b, 0x7f, 0x7b, 0x7f, 0x81, 0x7e, 0x7e, 0x84, 0x7f, 0x7e, 0x7f, 0x7e,
  0x7b, 0x7f, 0x7e, 0x7c, 0x78, 0x79, 0x7b, 0x75, 0x78, 0x77, 0x75, 0x72,
  0x7a, 0x78, 0x79, 0x7c, 0x7f, 0x79, 0x83, 0x84, 0x81, 0x89, 0x86, 0x88,
  0x87, 0x8a, 0x88, 0x8f, 0x8b, 0x8f, 0x90, 0x8c, 0x8d, 0x8d, 0x8a, 0x87,
  0x88, 0x7f, 0x7f, 0x7c, 0x79, 0x7b, 0x79, 0x75, 0x78, 0x79, 0x78, 0x7d,
  0x80, 0x7e, 0x7f, 0x7f, 0x80, 0x80, 0x82, 0x80, 0x7d, 0x7d, 0x7a, 0x7e,
  0x7f, 0x7d, 0x7b, 0x7a, 0x7a, 0x79, 0x77, 0x79, 0x78, 0x77, 0x7a, 0x7d,
  0x79, 0x7c, 0x7f, 0x82, 0x82, 0x7f, 0x84, 0x81, 0x81, 0x80, 0x80, 0x7f,
  0x82, 0x7d, 0x80, 0x84, 0x82, 0x8b, 0x8e, 0x89, 0x88, 0x90, 0x8b, 0x8b,
  0x8d, 0x8b, 0x87, 0x86, 0x86, 0x85, 0x81, 0x7e, 0x7f, 0x77, 0x78, 0x7c,
  0x7b, 0x76, 0x7a, 0x7a, 0x78, 0x7c, 0x7d, 0x7a, 0x7c, 0x7e, 0x7e, 0x80,
  0x7f, 0x7e, 0x7b, 0x7a, 0x7a, 0x79, 0x7a, 0x77, 0x7a, 0x7d, 0x7b, 0x7c,
  0x7d, 0x7d, 0x7f, 0x83, 0x83, 0x83, 0x81, 0x80, 0x82, 0x85, 0x83, 0x7f,
  0x80, 0x7e, 0x7c, 0x80, 0x82, 0x7f, 0x7f, 0x81, 0x7f, 0x80, 0x86, 0x86,
  0x85, 0x87, 0x88, 0x8b, 0x8c, 0x8b, 0x89, 0x88, 0x8a, 0x8a, 0x88, 0x84,
  0x84, 0x83, 0x80, 0x7d, 0x7c, 0x79, 0x77, 0x77, 0x77, 0x77, 0x77, 0x79,
  0x78, 0x78, 0x79, 0x7a, 0x7a, 0x7c, 0x7c, 0x7b, 0x7d, 0x7c, 0x7c, 0x7d,
  0x80, 0x7e, 0x7d, 0x7f, 0x7d, 0x7f, 0x7f, 0x7c, 0x80, 0x7f, 0x7f, 0x81,
  0x7f, 0x7f, 0x81, 0x83, 0x80, 0x82, 0x83, 0x80, 0x82, 0x84, 0x80, 0x7f,
  0x82, 0x80, 0x84, 0x81, 0x81, 0x80, 0x83, 0x84, 0x86, 0x85, 0x86, 0x8b,
  0x88, 0x8b, 0x87, 0x87, 0x86, 0x89, 0x86, 0x81, 0x82, 0x7b, 0x7d, 0x7c,
  0x7c, 0x78, 0x78, 0x76, 0x78, 0x7a, 0x7a, 0x7b, 0x79, 0x7c, 0x7b, 0x7e,
  0x7f, 0x7d, 0x7c, 0x7e, 0x7b, 0x7a, 0x7e, 0x7d, 0x7c, 0x7c, 0x7d, 0x7b,
  0x7d, 0x7b, 0x7c, 0x7e, 0x7d, 0x7e, 0x81, 0x82, 0x80, 0x85, 0x81, 0x80,
  0x83, 0x80, 0x80, 0x80, 0x80, 0x82, 0x82, 0x83, 0x87, 0x85, 0x84, 0x86,
  0x86, 0x83, 0x83, 0x83, 0x83, 0x81, 0x82, 0x82, 0x7e, 0x81, 0x83, 0x7f,
  0x81, 0x83, 0x7f, 0x85, 0x83, 0x81, 0x84, 0x84, 0x81, 0x81, 0x81, 0x7e,
  0x7f, 0x7e, 0x7f, 0x7d, 0x7d, 0x7f, 0x7e, 0x7d, 0x7d, 0x7c, 0x7b, 0x7b,
  0x7c, 0x7b, 0x7c, 0x7e, 0x7a, 0x7e, 0x7f, 0x7b, 0x7b, 0x7b, 0x7c, 0x7a,
  0x7c, 0x7c, 0x7a, 0x7b, 0x81, 0x7d, 0x7f, 0x83, 0x7f, 0x80, 0x80, 0x81,
  0x82, 0x83, 0x81, 0x83, 0x82, 0x82, 0x82, 0x81, 0x81, 0x81, 0x82, 0x80,
  0x83, 0x83, 0x86, 0x85, 0x87, 0x82, 0x81, 0x84, 0x82, 0x81, 0x7e, 0x82,
  0x81, 0x84, 0x84, 0x82, 0x82, 0x83, 0x83, 0x83, 0x83, 0x81, 0x83, 0x82,
  0x83, 0x84, 0x83, 0x7f, 0x80, 0x7f, 0x7b, 0x79, 0x7b, 0x78, 0x79, 0x7f,
  0x7b, 0x78, 0x7a, 0x7b, 0x79, 0x7c, 0x7e, 0x7c, 0x7d, 0x7f, 0x7e, 0x7c,
  0x7e, 0x7b, 0x7d, 0x7b, 0x79, 0x7b, 0x79, 0x7b, 0x7d, 0x7e, 0x7f, 0x7d,
  0x80, 0x82, 0x81, 0x81, 0x7f, 0x7f, 0x81, 0x83, 0x82, 0x85, 0x84, 0x83,
  0x87, 0x85, 0x85, 0x84, 0x85, 0x83, 0x81, 0x83, 0x80, 0x80, 0x80, 0x81,
  0x82, 0x82, 0x83, 0x82, 0x82, 0x81, 0x82, 0x85, 0x80, 0x80, 0x84, 0x83,
  0x81, 0x84, 0x83, 0x82, 0x81, 0x83, 0x82, 0x81, 0x83, 0x7f, 0x7c, 0x78,
  0x79, 0x78, 0x79, 0x77, 0x76, 0x79, 0x7b, 0x7b, 0x79, 0x7b, 0x7a, 0x7b,
  0x7c, 0x79, 0x78, 0x79, 0x7a, 0x7b, 0x7b, 0x7c, 0x7d, 0x7d, 0x7d, 0x7f,
  0x7d, 0x7c, 0x7c, 0x7c, 0x7f, 0x7d, 0x80, 0x82, 0x7f, 0x82, 0x84, 0x81,
  0x87, 0x88, 0x84, 0x89, 0x85, 0x82, 0x87, 0x85, 0x82, 0x85, 0x80, 0x81,
  0x84, 0x84, 0x83, 0x85, 0x87, 0x83, 0x87, 0x86, 0x86, 0x83, 0x84, 0x87,
  0x85, 0x87, 0x84, 0x83, 0x82, 0x83, 0x7d, 0x7b, 0x7d, 0x7b, 0x7c, 0x79,
  0x79, 0x76, 0x75, 0x77, 0x79, 0x7a, 0x7a, 0x7b, 0x7b, 0x7a, 0x7d, 0x7e,
  0x7b, 0x7b, 0x7c, 0x7a, 0x79, 0x7c, 0x7b, 0x79, 0x7c, 0x7c, 0x7c, 0x7d,
  0x7f, 0x7d, 0x7f, 0x80, 0x7d, 0x7f, 0x7e, 0x7a, 0x81, 0x83, 0x79, 0x87,
  0x87, 0x7f, 0x8c, 0x8c, 0x84, 0x8a, 0x89, 0x82, 0x86, 0x82, 0x7f, 0x81,
  0x7d, 0x7c, 0x7f, 0x7e, 0x7f, 0x84, 0x83, 0x85, 0x87, 0x85, 0x87, 0x8a,
  0x86, 0x83, 0x86, 0x84, 0x82, 0x84, 0x82, 0x80, 0x81, 0x7f, 0x7c, 0x7a,
  0x79, 0x79, 0x77, 0x74, 0x75, 0x76, 0x77, 0x79, 0x7b, 0x79, 0x79, 0x7c,
  0x7b, 0x79, 0x7c, 0x7b, 0x77, 0x7a, 0x7c, 0x78, 0x79, 0x7b, 0x7a, 0x7c,
  0x7f, 0x7e, 0x7f, 0x81, 0x7f, 0x82, 0x82, 0x80, 0x81, 0x81, 0x80, 0x86,
  0x85, 0x81, 0x86, 0x80, 0x82, 0x83, 0x7e, 0x82, 0x80, 0x7c, 0x7d, 0x81,
  0x80, 0x89, 0x89, 0x88, 0x8e, 0x90, 0x90, 0x90, 0x90, 0x8b, 0x8e, 0x89,
  0x87, 0x85, 0x81, 0x7e, 0x7b, 0x79, 0x77, 0x79, 0x73, 0x72, 0x74, 0x75,
  0x76, 0x78, 0x74, 0x73, 0x78, 0x77, 0x77, 0x77, 0x79, 0x7a, 0x7c, 0x7d,
  0x7d, 0x7d, 0x7c, 0x7f, 0x7d, 0x7d, 0x7c, 0x7b, 0x7a, 0x7b, 0x7c, 0x7b,
  0x7e, 0x7c, 0x7e, 0x83, 0x80, 0x84, 0x88, 0x84, 0x83, 0x87, 0x81, 0x7f,
  0x82, 0x81, 0x7b, 0x7c, 0x85, 0x80, 0x87, 0x8c, 0x8b, 0x8d, 0x93, 0x94,
  0x93, 0x94, 0x8d, 0x90, 0x8c, 0x8a, 0x86, 0x82, 0x7f, 0x82, 0x81, 0x77,
  0x79, 0x75, 0x74, 0x73, 0x73, 0x75, 0x72, 0x74, 0x74, 0x75, 0x75, 0x7a,
  0x79, 0x78, 0x7d, 0x7a, 0x7d, 0x7d, 0x7d, 0x7a, 0x7b, 0x7a, 0x78, 0x7b,
  0x7d, 0x7c, 0x7c, 0x7e, 0x7d, 0x7c, 0x7e, 0x80, 0x7f, 0x83, 0x80, 0x83,
  0x82, 0x7c, 0x7c, 0x7d, 0x7f, 0x7a, 0x7c, 0x7f, 0x7d, 0x7b, 0x87, 0x85,
  0x85, 0x8e, 0x92, 0x91, 0x94, 0x9a, 0x95, 0x94, 0x93, 0x93, 0x8b, 0x89,
  0x87, 0x84, 0x80, 0x7d, 0x7d, 0x76, 0x78, 0x77, 0x75, 0x72, 0x70, 0x72,
  0x74, 0x72, 0x74, 0x75, 0x73, 0x77, 0x77, 0x78, 0x7b, 0x7d, 0x7f, 0x80,
  0x81, 0x7f, 0x80, 0x7f, 0x7c, 0x7c, 0x7d, 0x7d, 0x7d, 0x7c, 0x7f, 0x7d,
  0x7d, 0x7f, 0x7d, 0x7d, 0x84, 0x7b, 0x78, 0x80, 0x77, 0x78, 0x76, 0x81,
  0x72, 0x7c, 0x80, 0x7c, 0x87, 0x8a, 0x97, 0x8f, 0x9c, 0x96, 0x9d, 0x95,
  0x99, 0x98, 0x8e, 0x8d, 0x87, 0x8b, 0x7e, 0x87, 0x7c, 0x7b, 0x76, 0x77,
  0x75, 0x73, 0x74, 0x6e, 0x71, 0x6c, 0x71, 0x71, 0x75, 0x75, 0x7a, 0x7b,
  0x7c, 0x7f, 0x7f, 0x80, 0x82, 0x84, 0x82, 0x82, 0x81, 0x81, 0x80, 0x80,
  0x80, 0x7d, 0x7e, 0x7f, 0x7e, 0x81, 0x7f, 0x7d, 0x7a, 0x76, 0x72, 0x78,
  0x72, 0x68, 0x7e, 0x74, 0x77, 0x88, 0x84, 0x7e, 0x8a, 0x94, 0x8b, 0x9a,
  0x98, 0x9a, 0x98, 0x98, 0x96, 0x93, 0x8e, 0x8a, 0x8d, 0x80, 0x84, 0x7f,
  0x7a, 0x75, 0x77, 0x75, 0x72, 0x73, 0x71, 0x71, 0x6f, 0x74, 0x71, 0x73,
  0x76, 0x7d, 0x7b, 0x7e, 0x82, 0x80, 0x81, 0x82, 0x82, 0x7f, 0x85, 0x82,
  0x81, 0x80, 0x82, 0x7f, 0x7d, 0x7f, 0x7d, 0x7c, 0x7f, 0x7f, 0x76, 0x7d,
  0x76, 0x75, 0x80, 0x6e, 0x74, 0x7d, 0x70, 0x76, 0x84, 0x7f, 0x7e, 0x92,
  0x8c, 0x8e, 0x97, 0x94, 0x94, 0x98, 0x96, 0x91, 0x92, 0x89, 0x90, 0x88,
  0x80, 0x82, 0x7d, 0x78, 0x78, 0x7a, 0x70, 0x75, 0x74, 0x74, 0x72, 0x78,
  0x75, 0x75, 0x7b, 0x79, 0x7d, 0x7d, 0x80, 0x7e, 0x83, 0x82, 0x84, 0x82,
  0x83, 0x86, 0x82, 0x82, 0x80, 0x80, 0x7c, 0x81, 0x7b, 0x79, 0x7a, 0x7b,
  0x7d, 0x7a, 0x74, 0x78, 0x7b, 0x68, 0x7f, 0x7a, 0x6d, 0x7d, 0x82, 0x7a,
  0x80, 0x92, 0x81, 0x90, 0x95, 0x95, 0x95, 0x98, 0x95, 0x92, 0x90, 0x85,
  0x8c, 0x7e, 0x80, 0x80, 0x7e, 0x74, 0x79, 0x79, 0x71, 0x7a, 0x79, 0x78,
  0x75, 0x7b, 0x75, 0x78, 0x7c, 0x79, 0x7c, 0x7c, 0x81, 0x81, 0x84, 0x83,
  0x84, 0x81, 0x81, 0x81, 0x7d, 0x7d, 0x7a, 0x79, 0x79, 0x7d, 0x7c, 0x7c,
  0x7c, 0x7f, 0x7c, 0x78, 0x79, 0x83, 0x6b, 0x7a, 0x83, 0x6a, 0x7a, 0x82,
  0x7d, 0x74, 0x92, 0x84, 0x8a, 0x94, 0x95, 0x96, 0x93, 0x9d, 0x8e, 0x92,
  0x82, 0x8d, 0x81, 0x7d, 0x7e, 0x7b, 0x74, 0x74, 0x7f, 0x71, 0x79, 0x78,
  0x7a, 0x74, 0x7c, 0x7a, 0x78, 0x7b, 0x7b, 0x7f, 0x7b, 0x82, 0x81, 0x81,
  0x81, 0x82, 0x7f, 0x7e, 0x7f, 0x7c, 0x7c, 0x7d, 0x7c, 0x7b, 0x7b, 0x7f,
  0x7d, 0x7f, 0x80, 0x7c, 0x7a, 0x83, 0x7c, 0x6c, 0x87, 0x72, 0x6f, 0x80,
  0x82, 0x77, 0x85, 0x8f, 0x81, 0x95, 0x90, 0x98, 0x90, 0x99, 0x91, 0x8e,
  0x8b, 0x87, 0x8d, 0x7a, 0x81, 0x7c, 0x7b, 0x75, 0x7d, 0x74, 0x6f, 0x76,
  0x75, 0x74, 0x76, 0x7d, 0x75, 0x7b, 0x7c, 0x7e, 0x7b, 0x81, 0x80, 0x7d,
  0x82, 0x80, 0x7d, 0x7f, 0x80, 0x7e, 0x7f, 0x7f, 0x7e, 0x7f, 0x7f, 0x82,
  0x81, 0x7c, 0x80, 0x7b, 0x74, 0x86, 0x73, 0x6b, 0x86, 0x71, 0x73, 0x83,
  0x84, 0x74, 0x8d, 0x8f, 0x83, 0x94, 0x95, 0x98, 0x8f, 0x9d, 0x90, 0x96,
  0x8c, 0x8e, 0x89, 0x7e, 0x85, 0x7d, 0x7a, 0x70, 0x7c, 0x6f, 0x72, 0x72,
  0x75, 0x73, 0x77, 0x7d, 0x78, 0x78, 0x7b, 0x7e, 0x78, 0x82, 0x7f, 0x7a,
  0x7d, 0x80, 0x7b, 0x7d, 0x7f, 0x7b, 0x7b, 0x7f, 0x80, 0x7f, 0x7f, 0x7e,
  0x7f, 0x7e, 0x7b, 0x73, 0x84, 0x6e, 0x70, 0x87, 0x6f, 0x72, 0x80, 0x81,
  0x6f, 0x8e, 0x8a, 0x81, 0x95, 0x97, 0x98, 0x94, 0xa2, 0x95, 0x9c, 0x8d,
  0x94, 0x8b, 0x84, 0x86, 0x7f, 0x7c, 0x71, 0x7c, 0x6e, 0x71, 0x72, 0x77,
  0x70, 0x79, 0x7a, 0x76, 0x7a, 0x7d, 0x7c, 0x7d, 0x84, 0x80, 0x7e, 0x7e,
  0x80, 0x7c, 0x80, 0x7c, 0x7a, 0x7b, 0x7f, 0x7c, 0x7e, 0x7c, 0x7a, 0x7a,
  0x70, 0x77, 0x84, 0x65, 0x74, 0x81, 0x67, 0x78, 0x85, 0x7a, 0x72, 0x97,
  0x83, 0x8a, 0x97, 0x99, 0x94, 0x97, 0x9f, 0x91, 0x9a, 0x8b, 0x99, 0x87,
  0x87, 0x85, 0x83, 0x78, 0x78, 0x7d, 0x6d, 0x74, 0x72, 0x76, 0x6e, 0x7c,
  0x77, 0x78, 0x7b, 0x7e, 0x7c, 0x7c, 0x83, 0x7f, 0x81, 0x7f, 0x80, 0x7c,
  0x80, 0x7f, 0x7f, 0x7c, 0x81, 0x7d, 0x7b, 0x7e, 0x76, 0x67, 0x7a, 0x73,
  0x59, 0x7f, 0x6f, 0x66, 0x76, 0x85, 0x6f, 0x81, 0x96, 0x7f, 0x94, 0x97,
  0xa0, 0x91, 0xa1, 0x97, 0x99, 0x93, 0x90, 0x97, 0x83, 0x8b, 0x84, 0x84,
  0x73, 0x80, 0x74, 0x71, 0x74, 0x74, 0x72, 0x73, 0x7b, 0x74, 0x7a, 0x7a,
  0x81, 0x7b, 0x84, 0x83, 0x81, 0x83, 0x86, 0x82, 0x81, 0x81, 0x7f, 0x81,
  0x80, 0x7f, 0x79, 0x7c, 0x72, 0x70, 0x7f, 0x5d, 0x6c, 0x78, 0x5f, 0x6c,
  0x7c, 0x75, 0x6a, 0x91, 0x7f, 0x88, 0x95, 0x9b, 0x95, 0x99, 0xa3, 0x94,
  0x9d, 0x8a, 0x99, 0x86, 0x86, 0x85, 0x87, 0x7c, 0x7b, 0x82, 0x70, 0x78,
  0x76, 0x7c, 0x72, 0x7b, 0x77, 0x78, 0x78, 0x7b, 0x80, 0x7e, 0x81, 0x82,
  0x87, 0x83, 0x87, 0x82, 0x84, 0x81, 0x81, 0x7c, 0x7c, 0x7c, 0x77, 0x6d,
  0x7b, 0x6c, 0x5e, 0x7d, 0x67, 0x69, 0x74, 0x7f, 0x67, 0x80, 0x8b, 0x7f,
  0x8d, 0x92, 0x9d, 0x8f, 0xa4, 0x96, 0x9f, 0x8d, 0x91, 0x91, 0x7f, 0x87,
  0x86, 0x81, 0x70, 0x83, 0x73, 0x74, 0x75, 0x79, 0x72, 0x77, 0x7b, 0x7b,
  0x7e, 0x79, 0x82, 0x7b, 0x82, 0x84, 0x88, 0x82, 0x87, 0x88, 0x84, 0x86,
  0x84, 0x7e, 0x7d, 0x80, 0x6f, 0x70, 0x81, 0x57, 0x69, 0x77, 0x5d, 0x67,
  0x7a, 0x76, 0x68, 0x92, 0x7c, 0x88, 0x91, 0x9b, 0x95, 0x9b, 0xa2, 0x93,
  0xa3, 0x8b, 0x99, 0x8a, 0x89, 0x82, 0x88, 0x7a, 0x76, 0x7f, 0x6d, 0x74,
  0x6f, 0x72, 0x6a, 0x75, 0x71, 0x76, 0x77, 0x78, 0x7e, 0x7c, 0x85, 0x85,
  0x88, 0x83, 0x8b, 0x87, 0x86, 0x8a, 0x86, 0x81, 0x80, 0x76, 0x77, 0x81,
  0x5b, 0x73, 0x72, 0x61, 0x6a, 0x7e, 0x72, 0x69, 0x8c, 0x7a, 0x84, 0x8b,
  0x99, 0x8d, 0x97, 0x9b, 0x94, 0x9a, 0x8d, 0x96, 0x8a, 0x8e, 0x86, 0x8d,
  0x80, 0x7f, 0x83, 0x76, 0x76, 0x75, 0x79, 0x6e, 0x77, 0x76, 0x74, 0x75,
  0x7a, 0x7a, 0x76, 0x7f, 0x80, 0x82, 0x82, 0x84, 0x82, 0x81, 0x82, 0x82,
  0x80, 0x76, 0x74, 0x84, 0x61, 0x6f, 0x7e, 0x63, 0x68, 0x7d, 0x80, 0x66,
  0x92, 0x83, 0x81, 0x8d, 0x99, 0x92, 0x90, 0x9f, 0x88, 0x99, 0x89, 0x92,
  0x89, 0x8a, 0x82, 0x87, 0x88, 0x77, 0x84, 0x7c, 0x78, 0x71, 0x7f, 0x71,
  0x74, 0x7a, 0x76, 0x75, 0x79, 0x7f, 0x7b, 0x81, 0x81, 0x85, 0x84, 0x83,
  0x86, 0x83, 0x80, 0x7d, 0x7c, 0x6c, 0x78, 0x7d, 0x59, 0x74, 0x73, 0x65,
  0x6b, 0x82, 0x77, 0x6f, 0x94, 0x81, 0x8c, 0x90, 0x9d, 0x8d, 0x99, 0x9b,
  0x8d, 0x9b, 0x87, 0x8e, 0x87, 0x8c, 0x7b, 0x86, 0x85, 0x74, 0x7c, 0x79,
  0x78, 0x6e, 0x7c, 0x74, 0x75, 0x7a, 0x77, 0x79, 0x7a, 0x80, 0x7e, 0x85,
  0x80, 0x83, 0x87, 0x82, 0x86, 0x83, 0x82, 0x7b, 0x74, 0x6f, 0x80, 0x66,
  0x67, 0x78, 0x6d, 0x6c, 0x73, 0x86, 0x74, 0x86, 0x88, 0x8d, 0x8e, 0x93,
  0x98, 0x93, 0x9f, 0x8d, 0x95, 0x91, 0x8c, 0x87, 0x89, 0x87, 0x7e, 0x83,
  0x7d, 0x7a, 0x76, 0x74, 0x73, 0x74, 0x75, 0x75, 0x75, 0x79, 0x7a, 0x7b,
  0x7d, 0x7f, 0x81, 0x83, 0x86, 0x84, 0x86, 0x84, 0x80, 0x7d, 0x7e, 0x77,
  0x6b, 0x79, 0x6f, 0x67, 0x6e, 0x6c, 0x72, 0x6f, 0x7b, 0x7a, 0x82, 0x88,
  0x8c, 0x93, 0x92, 0x9b, 0x98, 0x9a, 0x96, 0x94, 0x8f, 0x8d, 0x8b, 0x88,
  0x85, 0x81, 0x81, 0x7e, 0x7b, 0x79, 0x79, 0x74, 0x76, 0x77, 0x78, 0x78,
  0x78, 0x78, 0x78, 0x7c, 0x7c, 0x7e, 0x7f, 0x82, 0x83, 0x83, 0x81, 0x7f,
  0x7f, 0x7d, 0x7a, 0x75, 0x73, 0x73, 0x71, 0x72, 0x71, 0x76, 0x76, 0x78,
  0x7e, 0x81, 0x84, 0x87, 0x8c, 0x8b, 0x8c, 0x90, 0x90, 0x8e, 0x90, 0x8f,
  0x8a, 0x89, 0x8a, 0x88, 0x87, 0x85, 0x82, 0x80, 0x7d, 0x7c, 0x7a, 0x7b,
  0x78, 0x78, 0x78, 0x79, 0x7b, 0x7a, 0x7c, 0x7e, 0x7d, 0x7d, 0x7f, 0x7e,
  0x80, 0x7f, 0x7f, 0x7e, 0x7e, 0x7e, 0x7a, 0x77, 0x75, 0x74, 0x72, 0x71,
  0x70, 0x72, 0x74, 0x76, 0x7c, 0x7d, 0x81, 0x89, 0x8d, 0x8d, 0x91, 0x95,
  0x92, 0x94, 0x95, 0x90, 0x8e, 0x8d, 0x8b, 0x89, 0x88, 0x85, 0x82, 0x82,
  0x7f, 0x7c, 0x7d, 0x79, 0x76, 0x76, 0x75, 0x74, 0x75, 0x76, 0x75, 0x76,
  0x79, 0x7a, 0x7c, 0x7f, 0x81, 0x81, 0x81, 0x80, 0x7e, 0x7b, 0x77, 0x74,
  0x73, 0x71, 0x6f, 0x71, 0x75, 0x72, 0x73, 0x7c, 0x7d, 0x81, 0x88, 0x8b,
  0x8b, 0x91, 0x93, 0x92, 0x94, 0x94, 0x93, 0x8f, 0x8e, 0x8c, 0x8e, 0x8a,
  0x88, 0x85, 0x84, 0x81, 0x7e, 0x7f, 0x7a, 0x79, 0x78, 0x7b, 0x77, 0x79,
  0x7b, 0x78, 0x78, 0x78, 0x79, 0x78, 0x7a, 0x78, 0x7c, 0x79, 0x7b, 0x7b,
  0x79, 0x7a, 0x75, 0x75, 0x74, 0x70, 0x6f, 0x72, 0x72, 0x71, 0x73, 0x7b,
  0x7a, 0x80, 0x88, 0x89, 0x8c, 0x91, 0x93, 0x8f, 0x95, 0x95, 0x92, 0x91,
  0x8e, 0x8d, 0x8c, 0x8d, 0x8b, 0x89, 0x86, 0x84, 0x82, 0x81, 0x7d, 0x79,
  0x7a, 0x75, 0x75, 0x77, 0x77, 0x75, 0x77, 0x7a, 0x7a, 0x80, 0x80, 0x7f,
  0x80, 0x7d, 0x7d, 0x7e, 0x7d, 0x7a, 0x76, 0x72, 0x72, 0x71, 0x6f, 0x70,
  0x72, 0x71, 0x74, 0x7a, 0x7a, 0x7e, 0x87, 0x87, 0x8a, 0x8d, 0x8f, 0x8f,
  0x92, 0x91, 0x91, 0x91, 0x8e, 0x8c, 0x89, 0x89, 0x87, 0x89, 0x82, 0x7f,
  0x7f, 0x7c, 0x7d, 0x7a, 0x7b, 0x79, 0x7a, 0x79, 0x7a, 0x78, 0x79, 0x7a,
  0x7a, 0x7c, 0x7d, 0x7f, 0x7c, 0x7e, 0x7e, 0x7f, 0x7f, 0x7e, 0x7c, 0x74,
  0x75, 0x77, 0x73, 0x70, 0x74, 0x74, 0x71, 0x77, 0x7d, 0x7c, 0x82, 0x87,
  0x8a, 0x8c, 0x8f, 0x91, 0x91, 0x91, 0x90, 0x91, 0x8d, 0x8e, 0x8c, 0x8b,
  0x89, 0x86, 0x87, 0x82, 0x7f, 0x7c, 0x7a, 0x76, 0x76, 0x75, 0x74, 0x76,
  0x76, 0x75, 0x76, 0x79, 0x79, 0x7d, 0x80, 0x81, 0x81, 0x81, 0x82, 0x7e,
  0x7f, 0x7f, 0x7f, 0x7c, 0x75, 0x78, 0x78, 0x73, 0x73, 0x75, 0x75, 0x73,
  0x75, 0x7a, 0x79, 0x7f, 0x85, 0x86, 0x8a, 0x8e, 0x91, 0x90, 0x93, 0x93,
  0x93, 0x91, 0x90, 0x8c, 0x8b, 0x89, 0x87, 0x86, 0x84, 0x82, 0x7f, 0x7e,
  0x7b, 0x7a, 0x7a, 0x79, 0x75, 0x78, 0x77, 0x73, 0x75, 0x73, 0x76, 0x78,
  0x7c, 0x7b, 0x7e, 0x7f, 0x7f, 0x81, 0x80, 0x81, 0x7f, 0x7c, 0x76, 0x7b,
  0x77, 0x73, 0x79, 0x78, 0x76, 0x75, 0x7c, 0x7c, 0x80, 0x87, 0x89, 0x89,
  0x8c, 0x8d, 0x8c, 0x91, 0x8c, 0x8e, 0x8f, 0x8e, 0x8a, 0x8a, 0x88, 0x84,
  0x85, 0x83, 0x82, 0x7f, 0x7e, 0x78, 0x78, 0x78, 0x76, 0x78, 0x79, 0x7a,
  0x7a, 0x79, 0x79, 0x7a, 0x7c, 0x7d, 0x7e, 0x80, 0x7e, 0x7d, 0x7f, 0x7f,
  0x7e, 0x7f, 0x80, 0x7a, 0x76, 0x7c, 0x78, 0x72, 0x76, 0x78, 0x75, 0x73,
  0x7b, 0x7b, 0x7b, 0x83, 0x88, 0x89, 0x8c, 0x91, 0x8f, 0x90, 0x90, 0x8f,
  0x8f, 0x8e, 0x8c, 0x89, 0x89, 0x84, 0x83, 0x86, 0x81, 0x7f, 0x7e, 0x7c,
  0x78, 0x78, 0x77, 0x74, 0x74, 0x75, 0x73, 0x74, 0x76, 0x76, 0x77, 0x7c,
  0x7d, 0x80, 0x83, 0x82, 0x84, 0x85, 0x84, 0x81, 0x85, 0x81, 0x7c, 0x79,
  0x7a, 0x79, 0x75, 0x7a, 0x77, 0x78, 0x76, 0x78, 0x7b, 0x7c, 0x82, 0x83,
  0x8a, 0x87, 0x8b, 0x8c, 0x8e, 0x8e, 0x8d, 0x90, 0x8d, 0x8d, 0x88, 0x8a,
  0x85, 0x83, 0x86, 0x82, 0x82, 0x82, 0x7f, 0x78, 0x79, 0x77, 0x74, 0x76,
  0x78, 0x77, 0x74, 0x75, 0x74, 0x72, 0x75, 0x79, 0x7b, 0x7d, 0x7f, 0x80,
  0x80, 0x82, 0x83, 0x85, 0x84, 0x80, 0x7d, 0x7c, 0x7f, 0x79, 0x7a, 0x7b,
  0x7a, 0x7b, 0x7a, 0x7d, 0x7b, 0x7f, 0x84, 0x86, 0x87, 0x8a, 0x8a, 0x87,
  0x87, 0x87, 0x8a, 0x8b, 0x89, 0x87, 0x88, 0x86, 0x84, 0x85, 0x87, 0x85,
  0x87, 0x85, 0x7f, 0x7c, 0x7a, 0x77, 0x76, 0x78, 0x77, 0x79, 0x77, 0x78,
  0x74, 0x76, 0x77, 0x79, 0x7b, 0x7a, 0x7e, 0x7d, 0x7f, 0x7c, 0x7f, 0x80,
  0x83, 0x82, 0x7f, 0x7b, 0x7d, 0x7f, 0x77, 0x7e, 0x7c, 0x7a, 0x77, 0x7d,
  0x7b, 0x7b, 0x87, 0x86, 0x88, 0x89, 0x8b, 0x88, 0x8a, 0x87, 0x89, 0x8d,
  0x89, 0x8c, 0x88, 0x86, 0x82, 0x86, 0x84, 0x84, 0x87, 0x80, 0x80, 0x7e,
  0x79, 0x75, 0x78, 0x76, 0x75, 0x79, 0x77, 0x77, 0x77, 0x79, 0x77, 0x79,
  0x7a, 0x7c, 0x7e, 0x7c, 0x81, 0x7f, 0x80, 0x82, 0x84, 0x83, 0x83, 0x81,
  0x79, 0x7b, 0x7f, 0x77, 0x77, 0x7a, 0x76, 0x77, 0x78, 0x7a, 0x7d, 0x83,
  0x85, 0x8d, 0x91, 0x89, 0x91, 0x91, 0x8c, 0x8d, 0x92, 0x8c, 0x8b, 0x8e,
  0x85, 0x85, 0x84, 0x81, 0x7f, 0x84, 0x82, 0x7f, 0x7d, 0x76, 0x78, 0x74,
  0x74, 0x73, 0x77, 0x75, 0x76, 0x79, 0x76, 0x79, 0x7a, 0x7e, 0x7e, 0x80,
  0x82, 0x7f, 0x81, 0x82, 0x81, 0x80, 0x82, 0x80, 0x7d, 0x78, 0x73, 0x79,
  0x76, 0x73, 0x78, 0x77, 0x74, 0x76, 0x7b, 0x7a, 0x81, 0x89, 0x8c, 0x92,
  0x92, 0x91, 0x91, 0x92, 0x8d, 0x8f, 0x90, 0x8b, 0x8b, 0x87, 0x84, 0x80,
  0x80, 0x7e, 0x7f, 0x7f, 0x7e, 0x7e, 0x7a, 0x77, 0x75, 0x77, 0x74, 0x77,
  0x7a, 0x7a, 0x79, 0x7c, 0x7c, 0x7d, 0x7f, 0x80, 0x82, 0x82, 0x84, 0x80,
  0x80, 0x7f, 0x7d, 0x7d, 0x7b, 0x7b, 0x7b, 0x78, 0x6f, 0x76, 0x77, 0x72,
  0x79, 0x7a, 0x7a, 0x78, 0x7d, 0x7d, 0x7f, 0x86, 0x8b, 0x91, 0x8e, 0x90,
  0x8e, 0x8e, 0x8a, 0x8e, 0x8e, 0x89, 0x8d, 0x86, 0x83, 0x7f, 0x80, 0x7e,
  0x7f, 0x80, 0x81, 0x81, 0x7d, 0x7f, 0x7b, 0x7a, 0x7a, 0x79, 0x79, 0x7c,
  0x7d, 0x78, 0x7c, 0x7c, 0x7b, 0x7e, 0x7f, 0x7e, 0x80, 0x81, 0x7e, 0x81,
  0x7f, 0x7e, 0x80, 0x7f, 0x7d, 0x7e, 0x7a, 0x72, 0x7b, 0x79, 0x73, 0x7a,
  0x7e, 0x75, 0x77, 0x79, 0x76, 0x7c, 0x81, 0x86, 0x86, 0x8b, 0x89, 0x8b,
  0x8a, 0x88, 0x8a, 0x8c, 0x8c, 0x8d, 0x8a, 0x86, 0x85, 0x81, 0x84, 0x83,
  0x83, 0x84, 0x81, 0x7e, 0x7f, 0x7b, 0x78, 0x78, 0x77, 0x77, 0x77, 0x7a,
  0x77, 0x79, 0x79, 0x7a, 0x7c, 0x7f, 0x81, 0x80, 0x82, 0x82, 0x86, 0x85,
  0x84, 0x84, 0x82, 0x7f, 0x80, 0x7d, 0x75, 0x7a, 0x78, 0x73, 0x7a, 0x78,
  0x77, 0x75, 0x73, 0x74, 0x78, 0x7c, 0x7f, 0x8b, 0x87, 0x89, 0x8b, 0x8a,
  0x89, 0x8c, 0x8e, 0x8b, 0x90, 0x8b, 0x89, 0x85, 0x83, 0x83, 0x83, 0x82,
  0x81, 0x82, 0x7f, 0x7d, 0x7b, 0x79, 0x77, 0x76, 0x76, 0x76, 0x78, 0x79,
  0x77, 0x79, 0x7c, 0x80, 0x7f, 0x81, 0x83, 0x82, 0x85, 0x86, 0x84, 0x83,
  0x85, 0x7f, 0x80, 0x80, 0x7d, 0x75, 0x77, 0x7a, 0x72, 0x79, 0x79, 0x77,
  0x76, 0x75, 0x74, 0x7a, 0x7f, 0x80, 0x8b, 0x89, 0x89, 0x8d, 0x8c, 0x8a,
  0x8a, 0x8d, 0x8b, 0x8d, 0x8a, 0x88, 0x86, 0x82, 0x80, 0x7f, 0x80, 0x80,
  0x80, 0x7e, 0x7e, 0x7c, 0x7a, 0x79, 0x79, 0x78, 0x78, 0x7c, 0x78, 0x78,
  0x7c, 0x7b, 0x7b, 0x7e, 0x7c, 0x7d, 0x81, 0x82, 0x81, 0x83, 0x81, 0x81,
  0x83, 0x80, 0x7e, 0x7d, 0x77, 0x73, 0x7b, 0x76, 0x77, 0x7c, 0x7a, 0x7c,
  0x79, 0x77, 0x7a, 0x80, 0x80, 0x89, 0x8e, 0x88, 0x8d, 0x8e, 0x8a, 0x89,
  0x8c, 0x89, 0x8b, 0x8c, 0x87, 0x86, 0x83, 0x7e, 0x7e, 0x80, 0x7f, 0x80,
  0x82, 0x7e, 0x7c, 0x7c, 0x7a, 0x78, 0x78, 0x79, 0x77, 0x7a, 0x79, 0x79,
  0x79, 0x7a, 0x7a, 0x7b, 0x80, 0x7c, 0x81, 0x81, 0x7f, 0x7f, 0x83, 0x80,
  0x7e, 0x7e, 0x7c, 0x7a, 0x74, 0x7d, 0x78, 0x7a, 0x7f, 0x7e, 0x7f, 0x79,
  0x7b, 0x7d, 0x7f, 0x80, 0x8a, 0x8b, 0x8a, 0x8f, 0x8b, 0x8c, 0x8c, 0x8a,
  0x8a, 0x8b, 0x89, 0x89, 0x87, 0x81, 0x80, 0x80, 0x80, 0x80, 0x80, 0x7e,
  0x7d, 0x7b, 0x79, 0x7a, 0x79, 0x76, 0x78, 0x78, 0x79, 0x79, 0x78, 0x7a,
  0x7a, 0x79, 0x7c, 0x7f, 0x80, 0x81, 0x81, 0x80, 0x7e, 0x7f, 0x82, 0x80,
  0x7e, 0x80, 0x7c, 0x75, 0x7a, 0x7d, 0x77, 0x80, 0x80, 0x7e, 0x7d, 0x79,
  0x7a, 0x7b, 0x7e, 0x84, 0x89, 0x88, 0x8e, 0x8d, 0x8b, 0x8e, 0x89, 0x89,
  0x8c, 0x8b, 0x8a, 0x8b, 0x83, 0x7f, 0x7f, 0x7d, 0x80, 0x7f, 0x80, 0x80,
  0x7d, 0x7c, 0x7b, 0x78, 0x77, 0x79, 0x78, 0x78, 0x79, 0x77, 0x79, 0x78,
  0x7b, 0x7c, 0x7d, 0x80, 0x80, 0x80, 0x82, 0x82, 0x7f, 0x81, 0x81, 0x80,
  0x7f, 0x7f, 0x78, 0x76, 0x7f, 0x78, 0x7c, 0x82, 0x7f, 0x80, 0x7c, 0x79,
  0x79, 0x7a, 0x7c, 0x85, 0x88, 0x88, 0x8c, 0x8b, 0x89, 0x87, 0x89, 0x87,
  0x89, 0x8a, 0x89, 0x88, 0x84, 0x83, 0x80, 0x83, 0x82, 0x80, 0x83, 0x81,
  0x7b, 0x7b, 0x7a, 0x77, 0x79, 0x77, 0x77, 0x78, 0x77, 0x7a, 0x79, 0x79,
  0x7b, 0x7c, 0x7f, 0x81, 0x83, 0x82, 0x82, 0x80, 0x7f, 0x82, 0x81, 0x81,
  0x7f, 0x7e, 0x77, 0x78, 0x7c, 0x77, 0x7e, 0x7d, 0x80, 0x81, 0x7b, 0x7d,
  0x7d, 0x7a, 0x80, 0x88, 0x87, 0x8b, 0x8a, 0x88, 0x89, 0x84, 0x87, 0x8a,
  0x88, 0x89, 0x8a, 0x86, 0x85, 0x84, 0x80, 0x82, 0x80, 0x82, 0x84, 0x7d,
  0x7c, 0x7a, 0x78, 0x77, 0x76, 0x78, 0x79, 0x7a, 0x78, 0x7c, 0x7b, 0x7b,
  0x7a, 0x7e, 0x7f, 0x7e, 0x83, 0x80, 0x7e, 0x7e, 0x80, 0x80, 0x81, 0x80,
  0x7f, 0x7c, 0x74, 0x7c, 0x79, 0x77, 0x7f, 0x7e, 0x80, 0x7e, 0x7d, 0x7d,
  0x7a, 0x7c, 0x83, 0x85, 0x87, 0x8c, 0x88, 0x8c, 0x88, 0x87, 0x8b, 0x88,
  0x89, 0x8a, 0x89, 0x86, 0x87, 0x82, 0x83, 0x84, 0x81, 0x83, 0x81, 0x7e,
  0x7a, 0x79, 0x76, 0x74, 0x79, 0x79, 0x78, 0x79, 0x7a, 0x79, 0x78, 0x78,
  0x7a, 0x7d, 0x7d, 0x81, 0x82, 0x7f, 0x81, 0x81, 0x81, 0x81, 0x83, 0x82,
  0x7e, 0x77, 0x78, 0x7b, 0x75, 0x7c, 0x7a, 0x7e, 0x81, 0x7a, 0x7c, 0x7a,
  0x7a, 0x7d, 0x84, 0x84, 0x8c, 0x8a, 0x8b, 0x8d, 0x86, 0x8b, 0x8b, 0x8c,
  0x8d, 0x8d, 0x8d, 0x8a, 0x87, 0x86, 0x83, 0x81, 0x83, 0x81, 0x7e, 0x7f,
  0x79, 0x78, 0x74, 0x72, 0x78, 0x75, 0x76, 0x76, 0x76, 0x77, 0x77, 0x79,
  0x79, 0x7a, 0x7f, 0x82, 0x81, 0x83, 0x81, 0x82, 0x84, 0x83, 0x82, 0x80,
  0x77, 0x77, 0x7a, 0x72, 0x78, 0x78, 0x79, 0x7c, 0x79, 0x7b, 0x7a, 0x79,
  0x7e, 0x84, 0x85, 0x8c, 0x8b, 0x8d, 0x90, 0x8b, 0x8f, 0x8e, 0x90, 0x90,
  0x8f, 0x8e, 0x8a, 0x86, 0x85, 0x82, 0x7f, 0x82, 0x7f, 0x7e, 0x7c, 0x78,
  0x76, 0x6f, 0x72, 0x75, 0x74, 0x77, 0x79, 0x78, 0x7a, 0x7c, 0x7a, 0x7c,
  0x7f, 0x81, 0x82, 0x83, 0x82, 0x81, 0x82, 0x81, 0x7e, 0x7f, 0x7a, 0x72,
  0x77, 0x71, 0x72, 0x77, 0x77, 0x7c, 0x7c, 0x7c, 0x7d, 0x7c, 0x7e, 0x84,
  0x85, 0x89, 0x8d, 0x8c, 0x90, 0x8d, 0x8e, 0x90, 0x8c, 0x8e, 0x8d, 0x8b,
  0x89, 0x86, 0x83, 0x82, 0x80, 0x7f, 0x7f, 0x7d, 0x7e, 0x7a, 0x7a, 0x76,
  0x73, 0x77, 0x77, 0x79, 0x7b, 0x7c, 0x7e, 0x7e, 0x7c, 0x7e, 0x7e, 0x7f,
  0x80, 0x82, 0x81, 0x80, 0x7f, 0x7d, 0x7b, 0x7a, 0x76, 0x6d, 0x70, 0x6e,
  0x6a, 0x73, 0x73, 0x7c, 0x81, 0x84, 0x89, 0x87, 0x8a, 0x8c, 0x8f, 0x8e,
  0x91, 0x8d, 0x8e, 0x8c, 0x8a, 0x8b, 0x87, 0x88, 0x86, 0x86, 0x84, 0x80,
  0x7d, 0x7c, 0x7a, 0x7a, 0x7b, 0x7b, 0x7b, 0x7d, 0x7f, 0x7b, 0x7b, 0x7e,
  0x7e, 0x80, 0x82, 0x83, 0x83, 0x80, 0x7e, 0x7e, 0x7d, 0x7d, 0x7d, 0x7f,
  0x7f, 0x7c, 0x7e, 0x7d, 0x7d, 0x7c, 0x7a, 0x73, 0x6c, 0x6d, 0x69, 0x6c,
  0x6f, 0x75, 0x82, 0x83, 0x8a, 0x8d, 0x8d, 0x8c, 0x8d, 0x8c, 0x89, 0x89,
  0x8a, 0x8a, 0x87, 0x8c, 0x8a, 0x8a, 0x8a, 0x87, 0x87, 0x83, 0x7d, 0x7a,
  0x7a, 0x78, 0x77, 0x7b, 0x7d, 0x7d, 0x7e, 0x7f, 0x7c, 0x7c, 0x7c, 0x7e,
  0x7f, 0x7e, 0x80, 0x80, 0x7f, 0x80, 0x80, 0x7f, 0x80, 0x80, 0x82, 0x81,
  0x80, 0x81, 0x7e, 0x7d, 0x7a, 0x77, 0x6d, 0x69, 0x68, 0x64, 0x6c, 0x70,
  0x7c, 0x82, 0x88, 0x8e, 0x8b, 0x8c, 0x8a, 0x88, 0x8a, 0x8a, 0x86, 0x89,
  0x8b, 0x8d, 0x8e, 0x8d, 0x8d, 0x8b, 0x8a, 0x86, 0x7f, 0x7d, 0x79, 0x76,
  0x76, 0x75, 0x79, 0x7b, 0x7d, 0x7f, 0x7f, 0x7d, 0x7f, 0x7e, 0x7f, 0x80,
  0x81, 0x81, 0x80, 0x81, 0x80, 0x81, 0x7f, 0x80, 0x81, 0x80, 0x7f, 0x7f,
  0x7c, 0x7c, 0x7b, 0x75, 0x6f, 0x68, 0x67, 0x63, 0x6a, 0x6f, 0x7b, 0x84,
  0x88, 0x90, 0x8e, 0x90, 0x8b, 0x8a, 0x89, 0x87, 0x88, 0x8b, 0x8a, 0x8d,
  0x8e, 0x8c, 0x8e, 0x8a, 0x8a, 0x85, 0x7f, 0x7d, 0x78, 0x74, 0x74, 0x74,
  0x77, 0x7c, 0x7e, 0x81, 0x7f, 0x82, 0x82, 0x81, 0x85, 0x81, 0x83, 0x83,
  0x7f, 0x82, 0x7f, 0x7e, 0x7d, 0x7d, 0x7d, 0x7b, 0x7d, 0x7c, 0x79, 0x7b,
  0x79, 0x74, 0x6f, 0x6a, 0x68, 0x66, 0x6c, 0x71, 0x7e, 0x86, 0x8d, 0x96,
  0x93, 0x93, 0x90, 0x8b, 0x8b, 0x88, 0x86, 0x8a, 0x86, 0x89, 0x89, 0x89,
  0x8a, 0x84, 0x88, 0x84, 0x80, 0x7f, 0x7c, 0x78, 0x78, 0x77, 0x7b, 0x7b,
  0x7d, 0x82, 0x7f, 0x84, 0x83, 0x83, 0x84, 0x82, 0x83, 0x80, 0x7e, 0x7e,
  0x7b, 0x7a, 0x79, 0x7a, 0x7a, 0x79, 0x7b, 0x7c, 0x7a, 0x7b, 0x7a, 0x77,
  0x72, 0x6d, 0x69, 0x68, 0x6f, 0x71, 0x80, 0x88, 0x8c, 0x94, 0x94, 0x95,
  0x91, 0x8d, 0x8d, 0x86, 0x85, 0x87, 0x82, 0x84, 0x83, 0x85, 0x87, 0x84,
  0x88, 0x87, 0x83, 0x86, 0x81, 0x7f, 0x7c, 0x78, 0x7a, 0x77, 0x7a, 0x7e,
  0x7d, 0x80, 0x81, 0x82, 0x84, 0x82, 0x83, 0x80, 0x7e, 0x7d, 0x79, 0x79,
  0x77, 0x78, 0x79, 0x7a, 0x7c, 0x7c, 0x7e, 0x7f, 0x7c, 0x7b, 0x75, 0x6f,
  0x6d, 0x68, 0x6c, 0x6d, 0x76, 0x82, 0x85, 0x91, 0x91, 0x94, 0x94, 0x8f,
  0x90, 0x89, 0x87, 0x88, 0x81, 0x83, 0x84, 0x82, 0x87, 0x85, 0x89, 0x8a,
  0x87, 0x89, 0x85, 0x84, 0x80, 0x7b, 0x7c, 0x75, 0x77, 0x79, 0x76, 0x7c,
  0x7e, 0x7f, 0x82, 0x83, 0x86, 0x82, 0x84, 0x81, 0x7c, 0x7e, 0x7a, 0x79,
  0x7b, 0x79, 0x7c, 0x7c, 0x7b, 0x7f, 0x7e, 0x7d, 0x7a, 0x76, 0x71, 0x6b,
  0x69, 0x6b, 0x6b, 0x77, 0x7c, 0x81, 0x8e, 0x8e, 0x94, 0x94, 0x91, 0x92,
  0x8c, 0x8a, 0x89, 0x82, 0x84, 0x80, 0x81, 0x82, 0x7f, 0x84, 0x82, 0x84,
  0x85, 0x83, 0x82, 0x80, 0x7d, 0x7e, 0x79, 0x7a, 0x79, 0x76, 0x7c, 0x7b,
  0x7f, 0x83, 0x85, 0x89, 0x8a, 0x8a, 0x87, 0x83, 0x81, 0x7b, 0x7a, 0x78,
  0x75, 0x77, 0x77, 0x76, 0x7a, 0x7b, 0x7b, 0x7b, 0x7a, 0x76, 0x72, 0x6e,
  0x6c, 0x6f, 0x70, 0x7b, 0x7f, 0x88, 0x8f, 0x90, 0x98, 0x93, 0x92, 0x92,
  0x8a, 0x88, 0x84, 0x7f, 0x81, 0x7b, 0x7d, 0x7d, 0x7b, 0x80, 0x7e, 0x83,
  0x85, 0x82, 0x88, 0x85, 0x83, 0x84, 0x80, 0x81, 0x7c, 0x7b, 0x7b, 0x78,
  0x7c, 0x7e, 0x82, 0x85, 0x85, 0x88, 0x85, 0x81, 0x80, 0x79, 0x76, 0x76,
  0x73, 0x76, 0x76, 0x79, 0x7b, 0x7b, 0x7f, 0x7d, 0x80, 0x7e, 0x77, 0x75,
  0x6e, 0x71, 0x6f, 0x75, 0x7f, 0x7e, 0x8a, 0x8d, 0x8f, 0x93, 0x8f, 0x90,
  0x8d, 0x86, 0x89, 0x81, 0x82, 0x7f, 0x7b, 0x80, 0x7a, 0x7f, 0x82, 0x81,
  0x86, 0x88, 0x89, 0x8b, 0x85, 0x87, 0x83, 0x7f, 0x7f, 0x77, 0x77, 0x75,
  0x75, 0x79, 0x79, 0x7f, 0x82, 0x82, 0x85, 0x82, 0x80, 0x7e, 0x79, 0x79,
  0x78, 0x78, 0x7c, 0x7c, 0x7d, 0x7d, 0x7f, 0x81, 0x80, 0x81, 0x7d, 0x78,
  0x74, 0x72, 0x6c, 0x71, 0x6f, 0x73, 0x7c, 0x7d, 0x8a, 0x8b, 0x90, 0x95,
  0x93, 0x97, 0x94, 0x8e, 0x8e, 0x86, 0x85, 0x82, 0x7d, 0x80, 0x7c, 0x7f,
  0x82, 0x7f, 0x85, 0x85, 0x83, 0x87, 0x82, 0x82, 0x7e, 0x7c, 0x7c, 0x76,
  0x78, 0x77, 0x77, 0x79, 0x7a, 0x7d, 0x80, 0x80, 0x82, 0x81, 0x7f, 0x7d,
  0x7a, 0x7c, 0x7a, 0x78, 0x79, 0x78, 0x7b, 0x7b, 0x7c, 0x7e, 0x7c, 0x7f,
  0x80, 0x7e, 0x7d, 0x7a, 0x77, 0x70, 0x74, 0x73, 0x78, 0x80, 0x82, 0x8f,
  0x8f, 0x96, 0x9a, 0x95, 0x96, 0x92, 0x8a, 0x89, 0x80, 0x80, 0x7c, 0x7a,
  0x7c, 0x79, 0x7f, 0x7e, 0x7f, 0x82, 0x82, 0x84, 0x86, 0x83, 0x85, 0x81,
  0x7e, 0x7e, 0x78, 0x78, 0x73, 0x73, 0x73, 0x74, 0x79, 0x7c, 0x7e, 0x82,
  0x82, 0x83, 0x81, 0x7f, 0x7e, 0x7a, 0x7c, 0x7b, 0x7b, 0x7f, 0x7e, 0x81,
  0x81, 0x83, 0x84, 0x83, 0x82, 0x82, 0x7b, 0x79, 0x74, 0x70, 0x74, 0x71,
  0x7d, 0x7f, 0x86, 0x90, 0x8d, 0x95, 0x93, 0x91, 0x92, 0x8a, 0x88, 0x85,
  0x7d, 0x7f, 0x7a, 0x79, 0x7a, 0x78, 0x7e, 0x7e, 0x7f, 0x85, 0x82, 0x83,
  0x82, 0x81, 0x81, 0x7a, 0x7a, 0x77, 0x74, 0x76, 0x75, 0x77, 0x7b, 0x7d,
  0x84, 0x84, 0x85, 0x86, 0x83, 0x84, 0x80, 0x7f, 0x7e, 0x7c, 0x7e, 0x7e,
  0x7f, 0x80, 0x7e, 0x7f, 0x7e, 0x7e, 0x7f, 0x7f, 0x7e, 0x80, 0x7a, 0x79,
  0x74, 0x74, 0x79, 0x74, 0x81, 0x82, 0x89, 0x92, 0x90, 0x96, 0x91, 0x8d,
  0x8c, 0x81, 0x7f, 0x7c, 0x74, 0x79, 0x75, 0x79, 0x7b, 0x7b, 0x80, 0x81,
  0x85, 0x87, 0x8a, 0x8b, 0x8a, 0x86, 0x86, 0x80, 0x7c, 0x7b, 0x77, 0x77,
  0x76, 0x76, 0x77, 0x79, 0x7d, 0x7e, 0x81, 0x84, 0x80, 0x81, 0x7f, 0x7c,
  0x7c, 0x7a, 0x7b, 0x7e, 0x7e, 0x80, 0x81, 0x81, 0x82, 0x83, 0x84, 0x84,
  0x83, 0x83, 0x7a, 0x77, 0x71, 0x6a, 0x70, 0x6c, 0x79, 0x7d, 0x82, 0x8f,
  0x8c, 0x94, 0x91, 0x8a, 0x8d, 0x84, 0x83, 0x82, 0x7b, 0x80, 0x7c, 0x7c,
  0x81, 0x7e, 0x84, 0x86, 0x87, 0x8e, 0x8a, 0x8b, 0x8b, 0x83, 0x82, 0x7b,
  0x75, 0x73, 0x6f, 0x6f, 0x6f, 0x71, 0x79, 0x7a, 0x83, 0x85, 0x84, 0x88,
  0x82, 0x83, 0x80, 0x7b, 0x7c, 0x7b, 0x7d, 0x7e, 0x7e, 0x80, 0x7e, 0x81,
  0x81, 0x81, 0x82, 0x80, 0x7f, 0x7e, 0x72, 0x72, 0x68, 0x6a, 0x70, 0x6f,
  0x84, 0x81, 0x92, 0x9a, 0x97, 0x9f, 0x95, 0x92, 0x8e, 0x82, 0x82, 0x7e,
  0x77, 0x7c, 0x75, 0x79, 0x7c, 0x7e, 0x86, 0x87, 0x8b, 0x8f, 0x8a, 0x88,
  0x86, 0x7c, 0x78, 0x72, 0x70, 0x70, 0x72, 0x76, 0x78, 0x7a, 0x7f, 0x81,
  0x84, 0x85, 0x83, 0x82, 0x7d, 0x7b, 0x7a, 0x78, 0x78, 0x7b, 0x7d, 0x81,
  0x81, 0x83, 0x83, 0x82, 0x84, 0x83, 0x83, 0x82, 0x7b, 0x75, 0x70, 0x64,
  0x6f, 0x6d, 0x79, 0x8b, 0x8b, 0xa1, 0x9c, 0x9b, 0x9c, 0x8c, 0x8c, 0x83,
  0x7b, 0x7e, 0x74, 0x77, 0x7a, 0x73, 0x7e, 0x7c, 0x81, 0x89, 0x8a, 0x8f,
  0x90, 0x8a, 0x87, 0x7d, 0x75, 0x70, 0x69, 0x6b, 0x6c, 0x70, 0x79, 0x7d,
  0x82, 0x88, 0x86, 0x88, 0x85, 0x81, 0x80, 0x7c, 0x7c, 0x7a, 0x7a, 0x7e,
  0x7f, 0x82, 0x83, 0x83, 0x84, 0x82, 0x84, 0x84, 0x81, 0x7d, 0x71, 0x6f,
  0x60, 0x69, 0x70, 0x71, 0x91, 0x8c, 0xa0, 0xa7, 0x99, 0xa2, 0x8c, 0x87,
  0x86, 0x76, 0x7d, 0x77, 0x74, 0x7b, 0x71, 0x7a, 0x7a, 0x79, 0x89, 0x8a,
  0x8f, 0x92, 0x8a, 0x84, 0x79, 0x6f, 0x6b, 0x68, 0x6b, 0x72, 0x79, 0x81,
  0x89, 0x8a, 0x8d, 0x8a, 0x8a, 0x86, 0x80, 0x7f, 0x78, 0x76, 0x76, 0x76,
  0x77, 0x7c, 0x7f, 0x83, 0x83, 0x84, 0x85, 0x82, 0x82, 0x7a, 0x6b, 0x6c,
  0x5f, 0x64, 0x74, 0x73, 0x98, 0x96, 0xa4, 0xb1, 0x99, 0xa2, 0x8d, 0x82,
  0x84, 0x72, 0x76, 0x74, 0x6a, 0x75, 0x70, 0x72, 0x7e, 0x81, 0x8f, 0x96,
  0x97, 0x95, 0x8a, 0x80, 0x76, 0x6a, 0x68, 0x6c, 0x70, 0x7b, 0x82, 0x86,
  0x8d, 0x88, 0x8a, 0x88, 0x83, 0x84, 0x7c, 0x78, 0x76, 0x72, 0x72, 0x72,
  0x78, 0x7d, 0x7f, 0x86, 0x88, 0x88, 0x89, 0x84, 0x7f, 0x70, 0x65, 0x61,
  0x53, 0x6c, 0x6c, 0x85, 0xa1, 0x97, 0xb6, 0x9f, 0x99, 0x97, 0x7d, 0x84,
  0x7a, 0x73, 0x7a, 0x71, 0x72, 0x77, 0x71, 0x81, 0x87, 0x92, 0xa0, 0x9f,
  0x9a, 0x91, 0x80, 0x6f, 0x67, 0x5d, 0x66, 0x6e, 0x79, 0x89, 0x88, 0x8c,
  0x8b, 0x84, 0x86, 0x80, 0x80, 0x81, 0x7b, 0x7a, 0x75, 0x6f, 0x72, 0x73,
  0x79, 0x81, 0x85, 0x8d, 0x8e, 0x8b, 0x88, 0x7d, 0x66, 0x61, 0x55, 0x4e,
  0x6c, 0x69, 0x90, 0xa1, 0x9a, 0xb6, 0x95, 0x97, 0x8f, 0x79, 0x84, 0x7a,
  0x79, 0x80, 0x74, 0x76, 0x79, 0x74, 0x87, 0x90, 0x9a, 0xa6, 0x9f, 0x95,
  0x88, 0x6f, 0x64, 0x60, 0x5b, 0x6f, 0x77, 0x83, 0x8f, 0x89, 0x8c, 0x87,
  0x83, 0x85, 0x82, 0x83, 0x81, 0x79, 0x77, 0x72, 0x6b, 0x72, 0x77, 0x7e,
  0x87, 0x8a, 0x8e, 0x8a, 0x82, 0x7d, 0x60, 0x5a, 0x55, 0x49, 0x71, 0x70,
  0x93, 0xae, 0x9e, 0xb9, 0x99, 0x90, 0x8d, 0x77, 0x80, 0x7c, 0x77, 0x7b,
  0x73, 0x70, 0x77, 0x77, 0x88, 0x98, 0xa0, 0xa6, 0xa2, 0x8d, 0x7e, 0x6a,
  0x59, 0x5f, 0x5f, 0x73, 0x86, 0x8a, 0x96, 0x90, 0x8a, 0x88, 0x80, 0x82,
  0x83, 0x7d, 0x7f, 0x78, 0x70, 0x73, 0x6d, 0x74, 0x7d, 0x80, 0x8c, 0x8c,
  0x8b, 0x8a, 0x7e, 0x77, 0x5d, 0x55, 0x55, 0x4d, 0x76, 0x79, 0x9d, 0xb2,
  0xa2, 0xb6, 0x94, 0x8b, 0x86, 0x73, 0x7c, 0x77, 0x74, 0x76, 0x6f, 0x6f,
  0x78, 0x7f, 0x93, 0xa3, 0xa9, 0xa7, 0x9c, 0x84, 0x71, 0x61, 0x56, 0x64,
  0x69, 0x7d, 0x90, 0x8e, 0x97, 0x8c, 0x83, 0x84, 0x7d, 0x80, 0x81, 0x79,
  0x79, 0x71, 0x6b, 0x72, 0x72, 0x7d, 0x88, 0x8a, 0x92, 0x8e, 0x8a, 0x84,
  0x78, 0x69, 0x52, 0x56, 0x4a, 0x63, 0x81, 0x86, 0xb9, 0xa6, 0xa9, 0xa4,
  0x7e, 0x86, 0x73, 0x74, 0x7c, 0x75, 0x72, 0x74, 0x6c, 0x74, 0x85, 0x8e,
  0xa6, 0xb1, 0xaa, 0xa1, 0x8a, 0x6d, 0x65, 0x58, 0x61, 0x72, 0x78, 0x8f,
  0x8e, 0x8d, 0x8e, 0x86, 0x84, 0x87, 0x84, 0x7e, 0x7c, 0x6d, 0x6c, 0x6b,
  0x6c, 0x7c, 0x80, 0x8c, 0x8f, 0x8c, 0x8d, 0x87, 0x83, 0x7d, 0x71, 0x54,
  0x52, 0x4d, 0x4d, 0x7c, 0x81, 0xa9, 0xbc, 0xa1, 0xad, 0x87, 0x79, 0x7a,
  0x6f, 0x75, 0x7a, 0x73, 0x6e, 0x72, 0x6d, 0x83, 0x97, 0xa4, 0xb8, 0xb1,
  0x9a, 0x8d, 0x67, 0x5b, 0x60, 0x5b, 0x77, 0x7f, 0x88, 0x90, 0x89, 0x88,
  0x8b, 0x89, 0x8b, 0x8f, 0x80, 0x7d, 0x6f, 0x66, 0x6d, 0x6c, 0x7c, 0x86,
  0x88, 0x8e, 0x8b, 0x87, 0x87, 0x84, 0x7d, 0x76, 0x53, 0x46, 0x4d, 0x3f,
  0x7b, 0x8c, 0xa5, 0xcb, 0xa1, 0xa8, 0x8a, 0x73, 0x7c, 0x79, 0x7e, 0x7c,
  0x77, 0x62, 0x68, 0x6b, 0x7c, 0xa2, 0xad, 0xb4, 0xb1, 0x89, 0x78, 0x65,
  0x53, 0x68, 0x6a, 0x79, 0x83, 0x80, 0x83, 0x88, 0x8b, 0x91, 0x9b, 0x90,
  0x8d, 0x7e, 0x6e, 0x6c, 0x68, 0x72, 0x7f, 0x82, 0x86, 0x87, 0x81, 0x85,
  0x87, 0x88, 0x8d, 0x80, 0x73, 0x4f, 0x38, 0x4a, 0x43, 0x81, 0xa2, 0xaa,
  0xd1, 0x9c, 0x97, 0x84, 0x72, 0x85, 0x86, 0x88, 0x77, 0x70, 0x56, 0x62,
  0x78, 0x8a, 0xb3, 0xb9, 0xa8, 0x9c, 0x76, 0x64, 0x68, 0x63, 0x75, 0x78,
  0x73, 0x70, 0x72, 0x79, 0x8e, 0xa0, 0x9f, 0xa1, 0x88, 0x76, 0x6c, 0x66,
  0x70, 0x79, 0x7f, 0x7c, 0x7d, 0x79, 0x7e, 0x8b, 0x8e, 0x99, 0x93, 0x88,
  0x78, 0x61, 0x3b, 0x36, 0x4f, 0x4a, 0x9b, 0xa3, 0xab, 0xc8, 0x8b, 0x99,
  0x8c, 0x86, 0x8e, 0x8b, 0x76, 0x5e, 0x65, 0x51, 0x76, 0x98, 0x9e, 0xba,
  0xae, 0x8c, 0x8a, 0x75, 0x6e, 0x80, 0x74, 0x6d, 0x69, 0x61, 0x62, 0x81,
  0x8f, 0x9f, 0xa8, 0x8d, 0x86, 0x77, 0x73, 0x7b, 0x7d, 0x7a, 0x74, 0x72,
  0x69, 0x7b, 0x85, 0x8f, 0x98, 0x8f, 0x89, 0x85, 0x77, 0x6e, 0x4f, 0x37,
  0x52, 0x43, 0x81, 0xa2, 0x9e, 0xc4, 0x97, 0x99, 0x91, 0x8e, 0x8d, 0x85,
  0x7e, 0x59, 0x64, 0x5e, 0x70, 0x99, 0xa2, 0xa9, 0xa8, 0x8e, 0x82, 0x81,
  0x78, 0x7b, 0x79, 0x6b, 0x60, 0x6b, 0x6d, 0x86, 0x9e, 0x98, 0x99, 0x8a,
  0x7c, 0x7d, 0x84, 0x80, 0x80, 0x78, 0x64, 0x70, 0x74, 0x7f, 0x91, 0x8f,
  0x8a, 0x88, 0x82, 0x84, 0x82, 0x71, 0x49, 0x34, 0x49, 0x44, 0x8d, 0xa6,
  0x9d, 0xbb, 0x89, 0x91, 0x95, 0x9d, 0x9a, 0x8c, 0x77, 0x47, 0x5d, 0x62,
  0x7c, 0xac, 0xa7, 0x9c, 0x9c, 0x84, 0x86, 0x93, 0x8a, 0x78, 0x68, 0x59,
  0x4e, 0x75, 0x82, 0x93, 0xa3, 0x86, 0x7f, 0x82, 0x86, 0x90, 0x9a, 0x80,
  0x6f, 0x6d, 0x62, 0x7a, 0x8a, 0x86, 0x88, 0x81, 0x7a, 0x89, 0x97, 0x91,
  0x82, 0x59, 0x24, 0x40, 0x4a, 0x6c, 0xaf, 0x8c, 0x92, 0x89, 0x87, 0xa1,
  0xb4, 0xaf, 0x7e, 0x76, 0x4e, 0x57, 0x81, 0x87, 0x94, 0x95, 0x80, 0x86,
  0xa2, 0xa5, 0xa4, 0x91, 0x6b, 0x50, 0x5d, 0x65, 0x79, 0x8c, 0x7b, 0x7b,
  0x81, 0x87, 0x94, 0xa3, 0x8d, 0x7f, 0x78, 0x66, 0x79, 0x80, 0x7c, 0x7e,
  0x7a, 0x79, 0x83, 0x95, 0x91, 0x97, 0x8a, 0x6d, 0x4e, 0x35, 0x5c, 0x55,
  0x7a, 0x93, 0x6d, 0x90, 0x8d, 0xa2, 0xb2, 0xaf, 0x91, 0x6e, 0x71, 0x5e,
  0x75, 0x82, 0x74, 0x77, 0x85, 0x8d, 0xa7, 0xb3, 0xa3, 0x8b, 0x7d, 0x6e,
  0x68, 0x7a, 0x6a, 0x69, 0x6d, 0x72, 0x86, 0x94, 0x99, 0x91, 0x91, 0x88,
  0x85, 0x86, 0x75, 0x6e, 0x6b, 0x6c, 0x75, 0x80, 0x83, 0x80, 0x8c, 0x90,
  0x94, 0x8d, 0x68, 0x3f, 0x4e, 0x60, 0x65, 0x94, 0x77, 0x71, 0x88, 0x9b,
  0xb3, 0xb1, 0xa8, 0x71, 0x75, 0x78, 0x6e, 0x7c, 0x6f, 0x5d, 0x70, 0x8e,
  0x9b, 0xa8, 0xa2, 0x8d, 0x82, 0x91, 0x82, 0x77, 0x6e, 0x58, 0x60, 0x78,
  0x87, 0x84, 0x8b, 0x8a, 0x8c, 0xa6, 0x9e, 0x8a, 0x7e, 0x6d, 0x6d, 0x77,
  0x76, 0x6e, 0x6f, 0x74, 0x82, 0x94, 0x96, 0x80, 0x61, 0x45, 0x68, 0x70,
  0x6f, 0x81, 0x5f, 0x76, 0x91, 0xa9, 0xaa, 0x9f, 0x97, 0x82, 0x99, 0x91,
  0x74, 0x68, 0x5f, 0x63, 0x7f, 0x8a, 0x83, 0x83, 0x91, 0x98, 0x9e, 0x9f,
  0x7a, 0x72, 0x76, 0x6e, 0x70, 0x6c, 0x60, 0x67, 0x88, 0x90, 0x95, 0x9c,
  0x8e, 0x8f, 0x95, 0x8b, 0x7b, 0x77, 0x73, 0x6f, 0x77, 0x75, 0x76, 0x80,
  0x7d, 0x70, 0x53, 0x73, 0x78, 0x69, 0x87, 0x68, 0x72, 0x89, 0x98, 0x8f,
  0x8c, 0x98, 0x86, 0x9c, 0x9c, 0x7f, 0x78, 0x7e, 0x79, 0x80, 0x80, 0x7d,
  0x79, 0x8e, 0x97, 0x84, 0x8d, 0x7e, 0x7c, 0x83, 0x7f, 0x71, 0x6a, 0x72,
  0x6b, 0x78, 0x7c, 0x7a, 0x87, 0x8e, 0x8e, 0x8c, 0x89, 0x85, 0x84, 0x87,
  0x7f, 0x77, 0x7d, 0x7c, 0x7d, 0x77, 0x5e, 0x54, 0x80, 0x74, 0x67, 0x7e,
  0x6c, 0x83, 0x95, 0x97, 0x86, 0x91, 0x9d, 0x8c, 0x90, 0x86, 0x79, 0x7c,
  0x85, 0x77, 0x77, 0x7e, 0x82, 0x82, 0x90, 0x8e, 0x86, 0x92, 0x88, 0x85,
  0x81, 0x7d, 0x73, 0x74, 0x74, 0x6f, 0x74, 0x76, 0x7c, 0x7e, 0x83, 0x82,
  0x81, 0x87, 0x86, 0x85, 0x86, 0x83, 0x80, 0x80, 0x7f, 0x72, 0x65, 0x58,
  0x7c, 0x6f, 0x5d, 0x7b, 0x74, 0x86, 0x88, 0x8e, 0x8c, 0x9a, 0xa0, 0x93,
  0x93, 0x90, 0x89, 0x79, 0x7b, 0x75, 0x79, 0x77, 0x7c, 0x7c, 0x86, 0x86,
  0x82, 0x88, 0x88, 0x8b, 0x84, 0x82, 0x7f, 0x7d, 0x7b, 0x7a, 0x7b, 0x7a,
  0x7e, 0x7c, 0x7a, 0x7f, 0x7a, 0x7f, 0x7e, 0x7e, 0x81, 0x80, 0x7d, 0x82,
  0x79, 0x71, 0x64, 0x7c, 0x78, 0x59, 0x79, 0x69, 0x74, 0x75, 0x7c, 0x86,
  0x90, 0x98, 0x94, 0xa9, 0x9d, 0x9b, 0x94, 0x94, 0x87, 0x84, 0x74, 0x6f,
  0x70, 0x6d, 0x71, 0x76, 0x81, 0x7e, 0x87, 0x88, 0x8b, 0x8a, 0x8a, 0x85,
  0x84, 0x80, 0x7d, 0x7f, 0x7b, 0x7b, 0x7f, 0x7f, 0x82, 0x83, 0x80, 0x7d,
  0x7e, 0x76, 0x70, 0x63, 0x68, 0x7b, 0x57, 0x75, 0x73, 0x71, 0x78, 0x81,
  0x8b, 0x8f, 0x96, 0x82, 0x9f, 0x89, 0x8c, 0x8a, 0x90, 0x8a, 0x87, 0x8a,
  0x83, 0x8d, 0x7d, 0x83, 0x7e, 0x7a, 0x6e, 0x74, 0x72, 0x77, 0x73, 0x7a,
  0x87, 0x82, 0x8b, 0x8c, 0x90, 0x8b, 0x8b, 0x88, 0x83, 0x7c, 0x7a, 0x7a,
  0x7d, 0x75, 0x7a, 0x78, 0x78, 0x70, 0x7b, 0x7a, 0x5c, 0x72, 0x62, 0x69,
  0x6a, 0x73, 0x7a, 0x86, 0x84, 0x8d, 0xa4, 0x93, 0xa4, 0x9f, 0xa2, 0x92,
  0x92, 0x88, 0x89, 0x7f, 0x75, 0x7c, 0x72, 0x73, 0x76, 0x7d, 0x78, 0x7f,
  0x76, 0x80, 0x7a, 0x73, 0x7c, 0x7c, 0x7e, 0x80, 0x87, 0x8b, 0x8d, 0x8c,
  0x90, 0x8c, 0x82, 0x7c, 0x7e, 0x6f, 0x73, 0x64, 0x72, 0x70, 0x57, 0x78,
  0x6b, 0x71, 0x73, 0x7a, 0x7b, 0x81, 0x7d, 0x88, 0x91, 0x81, 0x94, 0x91,
  0x97, 0x94, 0x9b, 0x96, 0x98, 0x8e, 0x90, 0x8f, 0x7c, 0x7f, 0x76, 0x74,
  0x6c, 0x6c, 0x6e, 0x73, 0x72, 0x79, 0x80, 0x82, 0x86, 0x8a, 0x8c, 0x8a,
  0x87, 0x85, 0x84, 0x7c, 0x81, 0x80, 0x80, 0x7d, 0x7d, 0x70, 0x76, 0x75,
  0x5e, 0x75, 0x67, 0x69, 0x70, 0x70, 0x74, 0x7b, 0x77, 0x85, 0x8e, 0x87,
  0x9f, 0x97, 0x9c, 0x98, 0x9b, 0x94, 0x92, 0x8c, 0x8b, 0x86, 0x7c, 0x80,
  0x79, 0x7b, 0x75, 0x79, 0x75, 0x74, 0x70, 0x73, 0x75, 0x76, 0x7c, 0x81,
  0x82, 0x84, 0x88, 0x89, 0x8d, 0x8d, 0x8c, 0x8a, 0x88, 0x7e, 0x7d, 0x68,
  0x71, 0x6f, 0x5d, 0x75, 0x6b, 0x6d, 0x6f, 0x71, 0x74, 0x78, 0x75, 0x83,
  0x85, 0x81, 0x92, 0x8d, 0x97, 0x93, 0x9d, 0x98, 0x98, 0x93, 0x96, 0x8e,
  0x84, 0x88, 0x7f, 0x7d, 0x78, 0x75, 0x6f, 0x6f, 0x6e, 0x75, 0x75, 0x7a,
  0x7c, 0x7d, 0x7c, 0x7d, 0x81, 0x7f, 0x86, 0x87, 0x89, 0x88, 0x88, 0x83,
  0x81, 0x79, 0x7b, 0x81, 0x6b, 0x7b, 0x6f, 0x66, 0x6d, 0x6b, 0x72, 0x74,
  0x78, 0x7f, 0x87, 0x7d, 0x91, 0x8b, 0x90, 0x90, 0x92, 0x95, 0x8d, 0x8f,
  0x90, 0x8f, 0x89, 0x90, 0x86, 0x82, 0x7d, 0x7d, 0x78, 0x76, 0x75, 0x76,
  0x73, 0x73, 0x79, 0x76, 0x77, 0x7c, 0x7e, 0x82, 0x84, 0x88, 0x85, 0x82,
  0x83, 0x80, 0x82, 0x80, 0x7c, 0x80, 0x75, 0x6c, 0x78, 0x6c, 0x70, 0x71,
  0x76, 0x71, 0x76, 0x77, 0x7e, 0x81, 0x83, 0x92, 0x8b, 0x92, 0x91, 0x98,
  0x8f, 0x91, 0x90, 0x8f, 0x85, 0x89, 0x87, 0x82, 0x82, 0x7d, 0x7f, 0x76,
  0x7a, 0x79, 0x79, 0x72, 0x77, 0x75, 0x74, 0x7a, 0x80, 0x7e, 0x80, 0x80,
  0x82, 0x83, 0x85, 0x89, 0x85, 0x7f, 0x7f, 0x73, 0x80, 0x76, 0x72, 0x81,
  0x6e, 0x74, 0x71, 0x74, 0x6f, 0x78, 0x76, 0x80, 0x7e, 0x85, 0x8d, 0x86,
  0x91, 0x8f, 0x94, 0x8d, 0x96, 0x8d, 0x92, 0x86, 0x89, 0x89, 0x7e, 0x82,
  0x7d, 0x7c, 0x77, 0x79, 0x76, 0x78, 0x77, 0x7b, 0x77, 0x77, 0x77, 0x79,
  0x79, 0x7f, 0x82, 0x83, 0x86, 0x86, 0x89, 0x81, 0x83, 0x80, 0x79, 0x75,
  0x81, 0x6e, 0x72, 0x79, 0x6e, 0x76, 0x77, 0x7d, 0x7a, 0x81, 0x7e, 0x89,
  0x7f, 0x88, 0x8b, 0x84, 0x8a, 0x8b, 0x91, 0x8b, 0x96, 0x90, 0x92, 0x88,
  0x89, 0x84, 0x7e, 0x7f, 0x7e, 0x7b, 0x73, 0x75, 0x73, 0x72, 0x73, 0x79,
  0x78, 0x79, 0x7d, 0x7f, 0x7b, 0x7e, 0x81, 0x7e, 0x7f, 0x81, 0x80, 0x81,
  0x82, 0x86, 0x84, 0x7a, 0x7f, 0x80, 0x6a, 0x7a, 0x71, 0x6c, 0x73, 0x76,
  0x7b, 0x79, 0x81, 0x82, 0x8a, 0x83, 0x97, 0x91, 0x92, 0x93, 0x93, 0x8d,
  0x87, 0x8f, 0x89, 0x8d, 0x89, 0x8f, 0x84, 0x85, 0x82, 0x80, 0x77, 0x76,
  0x75, 0x70, 0x73, 0x6f, 0x71, 0x70, 0x75, 0x78, 0x7c, 0x7e, 0x7f, 0x80,
  0x82, 0x85, 0x87, 0x85, 0x83, 0x7e, 0x80, 0x7b, 0x78, 0x78, 0x84, 0x72,
  0x7c, 0x7f, 0x6c, 0x72, 0x6f, 0x73, 0x71, 0x7f, 0x7c, 0x8a, 0x80, 0x8a,
  0x91, 0x8a, 0x92, 0x98, 0x94, 0x8d, 0x98, 0x8c, 0x8f, 0x86, 0x8b, 0x86,
  0x84, 0x88, 0x85, 0x7e, 0x7a, 0x7d, 0x77, 0x75, 0x75, 0x73, 0x6c, 0x6f,
  0x71, 0x76, 0x76, 0x7d, 0x80, 0x7f, 0x84, 0x85, 0x84, 0x88, 0x87, 0x85,
  0x85, 0x7d, 0x78, 0x73, 0x7c, 0x6f, 0x74, 0x80, 0x74, 0x79, 0x77, 0x79,
  0x72, 0x7a, 0x7a, 0x81, 0x7f, 0x83, 0x8d, 0x84, 0x8c, 0x8e, 0x91, 0x8c,
  0x98, 0x93, 0x91, 0x8c, 0x89, 0x85, 0x82, 0x83, 0x7f, 0x80, 0x75, 0x79,
  0x75, 0x75, 0x7a, 0x7b, 0x78, 0x79, 0x76, 0x77, 0x78, 0x7a, 0x7d, 0x80,
  0x82, 0x83, 0x85, 0x82, 0x85, 0x85, 0x88, 0x86, 0x83, 0x7d, 0x74, 0x82,
  0x6e, 0x72, 0x7e, 0x6b, 0x75, 0x77, 0x79, 0x77, 0x7e, 0x7a, 0x85, 0x7d,
  0x84, 0x8c, 0x84, 0x87, 0x8a, 0x91, 0x85, 0x95, 0x8d, 0x8f, 0x8b, 0x8c,
  0x87, 0x81, 0x80, 0x7e, 0x7c, 0x72, 0x75, 0x70, 0x6e, 0x71, 0x7b, 0x7a,
  0x7f, 0x7f, 0x80, 0x7d, 0x7f, 0x84, 0x84, 0x84, 0x85, 0x84, 0x82, 0x83,
  0x86, 0x88, 0x85, 0x88, 0x84, 0x7a, 0x79, 0x7f, 0x68, 0x78, 0x75, 0x69,
  0x6f, 0x71, 0x75, 0x74, 0x80, 0x7c, 0x86, 0x7e, 0x8e, 0x8d, 0x8a, 0x8b,
  0x8e, 0x8b, 0x87, 0x90, 0x89, 0x8d, 0x83, 0x8c, 0x83, 0x84, 0x82, 0x83,
  0x7a, 0x74, 0x75, 0x6d, 0x6e, 0x71, 0x7c, 0x77, 0x7c, 0x83, 0x81, 0x81,
  0x89, 0x88, 0x85, 0x87, 0x87, 0x80, 0x80, 0x82, 0x82, 0x85, 0x83, 0x85,
  0x83, 0x7f, 0x7b, 0x85, 0x73, 0x6e, 0x7b, 0x6a, 0x68, 0x6e, 0x72, 0x6a,
  0x77, 0x7d, 0x85, 0x82, 0x88, 0x93, 0x8a, 0x8b, 0x8d, 0x92, 0x82, 0x8c,
  0x8b, 0x87, 0x82, 0x88, 0x89, 0x83, 0x87, 0x87, 0x84, 0x74, 0x79, 0x73,
  0x70, 0x6f, 0x7b, 0x7a, 0x76, 0x7f, 0x84, 0x80, 0x84, 0x8b, 0x85, 0x86,
  0x86, 0x87, 0x80, 0x82, 0x84, 0x85, 0x80, 0x82, 0x82, 0x7d, 0x7b, 0x7b,
  0x85, 0x6d, 0x73, 0x7a, 0x69, 0x6e, 0x75, 0x77, 0x6d, 0x7c, 0x7e, 0x86,
  0x81, 0x89, 0x8e, 0x82, 0x89, 0x8c, 0x92, 0x82, 0x90, 0x88, 0x86, 0x85,
  0x8b, 0x8b, 0x84, 0x88, 0x84, 0x81, 0x72, 0x7a, 0x70, 0x70, 0x70, 0x78,
  0x79, 0x74, 0x7d, 0x81, 0x80, 0x84, 0x8a, 0x85, 0x82, 0x86, 0x8a, 0x86,
  0x88, 0x85, 0x83, 0x80, 0x82, 0x84, 0x80, 0x7a, 0x79, 0x7d, 0x73, 0x6c,
  0x7b, 0x6d, 0x6a, 0x71, 0x78, 0x75, 0x78, 0x83, 0x80, 0x85, 0x83, 0x91,
  0x88, 0x8a, 0x8e, 0x95, 0x8a, 0x91, 0x91, 0x86, 0x88, 0x88, 0x91, 0x84,
  0x82, 0x7c, 0x7d, 0x70, 0x76, 0x79, 0x6f, 0x6a, 0x72, 0x77, 0x76, 0x7c,
  0x80, 0x81, 0x7b, 0x84, 0x8a, 0x87, 0x89, 0x8f, 0x8a, 0x88, 0x89, 0x86,
  0x7e, 0x80, 0x7e, 0x7e, 0x7b, 0x75, 0x75, 0x7b, 0x68, 0x6e, 0x7c, 0x65,
  0x70, 0x74, 0x7a, 0x71, 0x81, 0x7f, 0x84, 0x83, 0x89, 0x99, 0x8e, 0x94,
  0x93, 0x99, 0x89, 0x96, 0x92, 0x89, 0x82, 0x84, 0x81, 0x78, 0x7d, 0x78,
  0x77, 0x6d, 0x74, 0x74, 0x75, 0x70, 0x7f, 0x7e, 0x7b, 0x7f, 0x86, 0x81,
  0x7e, 0x8c, 0x86, 0x86, 0x88, 0x8c, 0x83, 0x84, 0x82, 0x7f, 0x79, 0x7d,
  0x7d, 0x7c, 0x7a, 0x74, 0x72, 0x75, 0x68, 0x6c, 0x7f, 0x6a, 0x75, 0x79,
  0x7c, 0x77, 0x87, 0x87, 0x8b, 0x8b, 0x8a, 0x99, 0x8a, 0x94, 0x91, 0x99,
  0x83, 0x90, 0x8b, 0x81, 0x83, 0x81, 0x86, 0x78, 0x7c, 0x75, 0x79, 0x6b,
  0x78, 0x77, 0x77, 0x79, 0x7e, 0x82, 0x7f, 0x84, 0x82, 0x87, 0x7d, 0x86,
  0x85, 0x84, 0x81, 0x87, 0x80, 0x7c, 0x81, 0x7f, 0x7f, 0x7e, 0x80, 0x79,
  0x7a, 0x72, 0x6e, 0x79, 0x73, 0x66, 0x80, 0x72, 0x70, 0x7d, 0x82, 0x80,
  0x82, 0x8a, 0x82, 0x8c, 0x80, 0x95, 0x8f, 0x8c, 0x8e, 0x92, 0x8a, 0x85,
  0x90, 0x86, 0x88, 0x80, 0x8a, 0x7a, 0x7d, 0x78, 0x7a, 0x76, 0x73, 0x7b,
  0x7b, 0x7b, 0x75, 0x83, 0x79, 0x7c, 0x7e, 0x83, 0x7d, 0x82, 0x86, 0x84,
  0x82, 0x82, 0x88, 0x7f, 0x83, 0x82, 0x7f, 0x79, 0x7e, 0x7b, 0x7a, 0x79,
  0x73, 0x74, 0x7c, 0x6a, 0x71, 0x80, 0x6d, 0x76, 0x7a, 0x7f, 0x77, 0x84,
  0x83, 0x86, 0x88, 0x89, 0x97, 0x8d, 0x91, 0x91, 0x96, 0x86, 0x91, 0x8f,
  0x87, 0x87, 0x85, 0x84, 0x7c, 0x7e, 0x79, 0x7c, 0x73, 0x7a, 0x7c, 0x78,
  0x75, 0x79, 0x7b, 0x77, 0x7d, 0x82, 0x83, 0x81, 0x86, 0x85, 0x84, 0x81,
  0x86, 0x80, 0x7d, 0x7f, 0x7e, 0x7d, 0x7c, 0x7f, 0x7d, 0x7c, 0x79, 0x70,
  0x74, 0x79, 0x61, 0x7a, 0x75, 0x6a, 0x74, 0x77, 0x7c, 0x78, 0x8c, 0x82,
  0x91, 0x86, 0x92, 0x98, 0x8d, 0x92, 0x90, 0x92, 0x82, 0x94, 0x89, 0x8a,
  0x84, 0x87, 0x82, 0x7b, 0x7c, 0x78, 0x7b, 0x70, 0x7a, 0x77, 0x77, 0x76,
  0x7e, 0x7e, 0x7e, 0x82, 0x84, 0x83, 0x7f, 0x84, 0x82, 0x80, 0x7c, 0x81,
  0x79, 0x7b, 0x81, 0x80, 0x80, 0x7f, 0x7d, 0x7c, 0x78, 0x75, 0x72, 0x7b,
  0x71, 0x69, 0x82, 0x6f, 0x74, 0x7c, 0x81, 0x7c, 0x83, 0x87, 0x84, 0x8e,
  0x82, 0x96, 0x89, 0x8a, 0x8a, 0x95, 0x88, 0x8c, 0x96, 0x87, 0x8b, 0x84,
  0x8c, 0x7c, 0x81, 0x77, 0x79, 0x71, 0x71, 0x7d, 0x77, 0x79, 0x78, 0x83,
  0x7b, 0x7d, 0x83, 0x82, 0x7d, 0x7c, 0x81, 0x78, 0x78, 0x7f, 0x80, 0x7c,
  0x82, 0x81, 0x7e, 0x7d, 0x81, 0x81, 0x7b, 0x7b, 0x75, 0x74, 0x81, 0x6c,
  0x76, 0x82, 0x6c, 0x78, 0x7c, 0x82, 0x79, 0x8a, 0x82, 0x85, 0x88, 0x86,
  0x95, 0x87, 0x8f, 0x8d, 0x98, 0x87, 0x96, 0x93, 0x8b, 0x8a, 0x86, 0x87,
  0x77, 0x7e, 0x74, 0x7a, 0x6f, 0x73, 0x75, 0x76, 0x72, 0x7b, 0x83, 0x77,
  0x7e, 0x7b, 0x7b, 0x7a, 0x81, 0x80, 0x82, 0x7d, 0x82, 0x84, 0x7f, 0x84,
  0x83, 0x7e, 0x7d, 0x82, 0x7f, 0x7c, 0x7d, 0x72, 0x76, 0x7c, 0x61, 0x7e,
  0x78, 0x6d, 0x79, 0x81, 0x7f, 0x7a, 0x8f, 0x83, 0x90, 0x85, 0x92, 0x8e,
  0x8d, 0x90, 0x95, 0x96, 0x84, 0x95, 0x85, 0x86, 0x80, 0x87, 0x7c, 0x79,
  0x78, 0x74, 0x75, 0x70, 0x7d, 0x76, 0x79, 0x75, 0x7e, 0x7c, 0x77, 0x7d,
  0x80, 0x7c, 0x7d, 0x8a, 0x83, 0x80, 0x86, 0x85, 0x7f, 0x82, 0x82, 0x7f,
  0x7b, 0x7c, 0x7a, 0x79, 0x75, 0x74, 0x71, 0x81, 0x6f, 0x6f, 0x87, 0x70,
  0x79, 0x80, 0x89, 0x7a, 0x88, 0x86, 0x85, 0x88, 0x85, 0x97, 0x89, 0x94,
  0x8c, 0x97, 0x84, 0x8c, 0x8c, 0x84, 0x84, 0x7f, 0x85, 0x73, 0x7c, 0x76,
  0x7d, 0x75, 0x7c, 0x7d, 0x78, 0x79, 0x76, 0x7e, 0x77, 0x78, 0x7d, 0x80,
  0x78, 0x83, 0x86, 0x7f, 0x82, 0x88, 0x82, 0x7f, 0x80, 0x7c, 0x7a, 0x77,
  0x7c, 0x7c, 0x7a, 0x7a, 0x75, 0x7d, 0x81, 0x67, 0x86, 0x80, 0x75, 0x80,
  0x85, 0x7c, 0x73, 0x89, 0x7a, 0x8a, 0x83, 0x91, 0x8f, 0x8c, 0x8e, 0x93,
  0x93, 0x82, 0x96, 0x87, 0x87, 0x7f, 0x86, 0x7d, 0x7b, 0x7e, 0x7d, 0x7f,
  0x76, 0x7d, 0x78, 0x78, 0x74, 0x7d, 0x78, 0x7a, 0x7a, 0x7b, 0x80, 0x7e,
  0x83, 0x85, 0x80, 0x7f, 0x85, 0x7d, 0x7d, 0x7f, 0x7d, 0x7a, 0x7e, 0x7d,
  0x7e, 0x7c, 0x76, 0x78, 0x84, 0x71, 0x73, 0x88, 0x6f, 0x74, 0x78, 0x7d,
  0x6f, 0x7d, 0x85, 0x86, 0x8b, 0x88, 0x98, 0x8c, 0x91, 0x92, 0x9d, 0x89,
  0x8c, 0x8f, 0x84, 0x82, 0x82, 0x89, 0x78, 0x80, 0x79, 0x7e, 0x76, 0x78,
  0x79, 0x76, 0x72, 0x74, 0x81, 0x75, 0x7a, 0x82, 0x80, 0x7b, 0x88, 0x84,
  0x7f, 0x82, 0x81, 0x81, 0x7d, 0x7e, 0x7e, 0x7d, 0x7b, 0x7d, 0x7c, 0x79,
  0x76, 0x73, 0x81, 0x7d, 0x68, 0x83, 0x74, 0x6c, 0x76, 0x81, 0x76, 0x79,
  0x8b, 0x81, 0x90, 0x86, 0x9a, 0x90, 0x92, 0x90, 0x97, 0x90, 0x84, 0x93,
  0x83, 0x83, 0x7d, 0x8a, 0x79, 0x7d, 0x7c, 0x7a, 0x7a, 0x76, 0x7d, 0x79,
  0x78, 0x72, 0x80, 0x7a, 0x79, 0x80, 0x85, 0x7e, 0x82, 0x88, 0x80, 0x7e,
  0x85, 0x83, 0x7e, 0x80, 0x7e, 0x7b, 0x7a, 0x7c, 0x7c, 0x7d, 0x77, 0x75,
  0x76, 0x84, 0x66, 0x78, 0x7f, 0x69, 0x76, 0x7d, 0x82, 0x72, 0x8e, 0x83,
  0x8c, 0x8a, 0x8f, 0x93, 0x8a, 0x8f, 0x8b, 0x96, 0x7d, 0x90, 0x87, 0x86,
  0x7f, 0x87, 0x86, 0x7a, 0x85, 0x7d, 0x82, 0x73, 0x7c, 0x75, 0x78, 0x77,
  0x7b, 0x7f, 0x7b, 0x7a, 0x7d, 0x82, 0x7a, 0x86, 0x85, 0x7e, 0x7e, 0x85,
  0x7e, 0x7e, 0x82, 0x7d, 0x7c, 0x7f, 0x7f, 0x80, 0x7e, 0x7b, 0x74, 0x7c,
  0x7e, 0x64, 0x80, 0x77, 0x6e, 0x75, 0x82, 0x78, 0x76, 0x8c, 0x7e, 0x8b,
  0x81, 0x8d, 0x87, 0x8e, 0x8b, 0x93, 0x92, 0x81, 0x90, 0x88, 0x89, 0x83,
  0x91, 0x81, 0x80, 0x7c, 0x7b, 0x7a, 0x74, 0x7c, 0x76, 0x79, 0x75, 0x7d,
  0x7b, 0x7c, 0x7a, 0x80, 0x7c, 0x7b, 0x86, 0x84, 0x81, 0x82, 0x84, 0x7d,
  0x7f, 0x81, 0x7f, 0x7e, 0x81, 0x7f, 0x7d, 0x7d, 0x7c, 0x72, 0x81, 0x7b,
  0x62, 0x81, 0x74, 0x6c, 0x76, 0x86, 0x72, 0x75, 0x87, 0x7a, 0x8b, 0x87,
  0x96, 0x8d, 0x94, 0x8c, 0x97, 0x93, 0x86, 0x93, 0x89, 0x85, 0x7e, 0x8c,
  0x7a, 0x79, 0x79, 0x77, 0x73, 0x76, 0x7d, 0x7a, 0x7b, 0x75, 0x7e, 0x79,
  0x7c, 0x7f, 0x83, 0x83, 0x82, 0x85, 0x82, 0x85, 0x81, 0x86, 0x82, 0x7e,
  0x7e, 0x7c, 0x7a, 0x7e, 0x81, 0x7a, 0x7c, 0x79, 0x6e, 0x78, 0x83, 0x64,
  0x7d, 0x7e, 0x6e, 0x74, 0x81, 0x7e, 0x6f, 0x8e, 0x82, 0x8b, 0x89, 0x95,
  0x91, 0x92, 0x8e, 0x8c, 0x97, 0x80, 0x8f, 0x8b, 0x87, 0x75, 0x84, 0x7c,
  0x75, 0x7c, 0x7c, 0x7e, 0x72, 0x7f, 0x78, 0x7c, 0x77, 0x7f, 0x7e, 0x7a,
  0x7b, 0x7c, 0x83, 0x81, 0x85, 0x88, 0x86, 0x7c, 0x82, 0x80, 0x7b, 0x7d,
  0x7f, 0x7a, 0x78, 0x7e, 0x7c, 0x7e, 0x7c, 0x7c, 0x75, 0x87, 0x75, 0x71,
  0x87, 0x72, 0x70, 0x77, 0x83, 0x6f, 0x83, 0x88, 0x84, 0x88, 0x8b, 0x94,
  0x89, 0x94, 0x89, 0x98, 0x86, 0x87, 0x8a, 0x87, 0x80, 0x80, 0x8b, 0x7a,
  0x7f, 0x7c, 0x81, 0x75, 0x7b, 0x79, 0x77, 0x73, 0x71, 0x7b, 0x78, 0x7d,
  0x7f, 0x87, 0x82, 0x84, 0x8a, 0x85, 0x7d, 0x82, 0x83, 0x7b, 0x7f, 0x80,
  0x7d, 0x7a, 0x81, 0x80, 0x80, 0x7d, 0x7d, 0x73, 0x7b, 0x7d, 0x64, 0x7c,
  0x75, 0x69, 0x6e, 0x80, 0x77, 0x74, 0x8e, 0x83, 0x88, 0x8a, 0x96, 0x8c,
  0x93, 0x8e, 0x90, 0x93, 0x87, 0x90, 0x8d, 0x8b, 0x7c, 0x8b, 0x80, 0x79,
  0x7b, 0x7c, 0x76, 0x72, 0x79, 0x73, 0x75, 0x74, 0x7b, 0x80, 0x80, 0x7b,
  0x85, 0x85, 0x7e, 0x87, 0x89, 0x81, 0x81, 0x87, 0x81, 0x80, 0x81, 0x81,
  0x7c, 0x7d, 0x7e, 0x78, 0x78, 0x77, 0x6e, 0x6b, 0x7d, 0x66, 0x6b, 0x81,
  0x71, 0x6e, 0x7c, 0x88, 0x71, 0x87, 0x88, 0x86, 0x89, 0x8f, 0x95, 0x8e,
  0x97, 0x8e, 0x9e, 0x8e, 0x8e, 0x8c, 0x8b, 0x7e, 0x7e, 0x86, 0x77, 0x76,
  0x73, 0x7a, 0x70, 0x77, 0x79, 0x7b, 0x77, 0x7a, 0x84, 0x80, 0x7d, 0x82,
  0x87, 0x7e, 0x81, 0x89, 0x87, 0x7d, 0x85, 0x84, 0x7b, 0x7d, 0x80, 0x79,
  0x75, 0x75, 0x73, 0x75, 0x72, 0x73, 0x6e, 0x7a, 0x7a, 0x6a, 0x7e, 0x7c,
  0x71, 0x77, 0x8a, 0x7c, 0x78, 0x8b, 0x85, 0x88, 0x8c, 0x9b, 0x90, 0x95,
  0x93, 0x99, 0x93, 0x8b, 0x8c, 0x86, 0x86, 0x79, 0x83, 0x7c, 0x77, 0x71,
  0x7c, 0x75, 0x73, 0x7d, 0x7f, 0x7b, 0x77, 0x82, 0x7c, 0x7e, 0x7e, 0x86,
  0x7f, 0x7e, 0x82, 0x82, 0x7d, 0x7d, 0x81, 0x7b, 0x7a, 0x79, 0x79, 0x74,
  0x79, 0x7b, 0x7b, 0x7b, 0x79, 0x74, 0x73, 0x88, 0x73, 0x73, 0x85, 0x77,
  0x72, 0x7d, 0x8b, 0x72, 0x83, 0x8b, 0x88, 0x88, 0x95, 0x9a, 0x8d, 0x98,
  0x8e, 0x97, 0x8c, 0x8f, 0x87, 0x8a, 0x81, 0x78, 0x83, 0x7b, 0x79, 0x76,
  0x81, 0x74, 0x76, 0x7a, 0x79, 0x73, 0x77, 0x7e, 0x78, 0x79, 0x7b, 0x80,
  0x7f, 0x80, 0x84, 0x84, 0x7e, 0x82, 0x83, 0x7d, 0x7a, 0x7b, 0x7a, 0x7a,
  0x7c, 0x7b, 0x7d, 0x77, 0x73, 0x72, 0x81, 0x7b, 0x6e, 0x80, 0x7b, 0x6f,
  0x74, 0x88, 0x7c, 0x7d, 0x8e, 0x8c, 0x8a, 0x8e, 0x9a, 0x91, 0x98, 0x92,
  0x95, 0x90, 0x89, 0x87, 0x89, 0x8a, 0x7c, 0x83, 0x7f, 0x78, 0x72, 0x7a,
  0x75, 0x6c, 0x70, 0x75, 0x72, 0x70, 0x7d, 0x7b, 0x7b, 0x7e, 0x89, 0x88,
  0x87, 0x88, 0x87, 0x82, 0x7f, 0x82, 0x7b, 0x7d, 0x78, 0x79, 0x79, 0x77,
  0x77, 0x7c, 0x7c, 0x76, 0x73, 0x83, 0x75, 0x67, 0x7f, 0x7b, 0x71, 0x75,
  0x8d, 0x7b, 0x7f, 0x8f, 0x93, 0x90, 0x90, 0x99, 0x8f, 0x97, 0x8a, 0x93,
  0x8e, 0x8a, 0x80, 0x86, 0x87, 0x77, 0x7b, 0x7a, 0x77, 0x6a, 0x78, 0x76,
  0x71, 0x73, 0x7c, 0x7a, 0x7b, 0x83, 0x85, 0x88, 0x86, 0x8a, 0x86, 0x85,
  0x7d, 0x81, 0x7f, 0x7b, 0x79, 0x79, 0x79, 0x75, 0x7a, 0x7e, 0x7b, 0x79,
  0x7c, 0x79, 0x6f, 0x7c, 0x7f, 0x66, 0x79, 0x7d, 0x75, 0x72, 0x88, 0x85,
  0x7c, 0x8d, 0x8e, 0x90, 0x89, 0x96, 0x8a, 0x93, 0x8e, 0x8c, 0x8f, 0x8c,
  0x87, 0x7f, 0x8a, 0x7b, 0x79, 0x78, 0x7e, 0x74, 0x77, 0x7b, 0x78, 0x78,
  0x7b, 0x83, 0x80, 0x85, 0x82, 0x85, 0x84, 0x83, 0x82, 0x82, 0x80, 0x7e,
  0x7f, 0x7e, 0x7b, 0x79, 0x7b, 0x79, 0x78, 0x7d, 0x7c, 0x79, 0x7a, 0x78,
  0x6f, 0x79, 0x81, 0x67, 0x76, 0x7f, 0x76, 0x6f, 0x87, 0x84, 0x73, 0x89,
  0x88, 0x8c, 0x8a, 0x97, 0x8b, 0x95, 0x94, 0x8e, 0x93, 0x90, 0x89, 0x7f,
  0x8d, 0x7e, 0x7c, 0x79, 0x80, 0x75, 0x75, 0x7d, 0x78, 0x77, 0x79, 0x7d,
  0x7a, 0x80, 0x7c, 0x7f, 0x80, 0x82, 0x83, 0x89, 0x85, 0x82, 0x83, 0x80,
  0x7e, 0x7e, 0x7e, 0x79, 0x77, 0x79, 0x7a, 0x76, 0x79, 0x76, 0x6c, 0x73,
  0x81, 0x6a, 0x6f, 0x80, 0x77, 0x6c, 0x7d, 0x86, 0x77, 0x85, 0x8c, 0x8e,
  0x8d, 0x98, 0x92, 0x98, 0x9a, 0x91, 0x8e, 0x91, 0x8c, 0x7d, 0x87, 0x83,
  0x7e, 0x78, 0x7e, 0x77, 0x75, 0x78, 0x79, 0x78, 0x77, 0x79, 0x74, 0x7d,
  0x7e, 0x7f, 0x80, 0x85, 0x85, 0x85, 0x88, 0x87, 0x82, 0x80, 0x81, 0x7b,
  0x7b, 0x79, 0x76, 0x76, 0x76, 0x72, 0x75, 0x77, 0x75, 0x72, 0x79, 0x81,
  0x73, 0x79, 0x83, 0x7f, 0x7c, 0x82, 0x85, 0x81, 0x88, 0x88, 0x8a, 0x8e,
  0x8f, 0x8a, 0x8b, 0x8c, 0x8a, 0x87, 0x87, 0x88, 0x82, 0x84, 0x83, 0x83,
  0x80, 0x7f, 0x81, 0x7c, 0x7d, 0x7e, 0x7f, 0x7c, 0x7e, 0x7f, 0x7c, 0x7d,
  0x7d, 0x7f, 0x7c, 0x7b, 0x7a, 0x79, 0x78, 0x78, 0x7b, 0x7a, 0x79, 0x7a,
  0x7a, 0x7a, 0x7e, 0x7e, 0x7f, 0x80, 0x80, 0x81, 0x81, 0x83, 0x82, 0x81,
  0x84, 0x81, 0x7e, 0x80, 0x7e, 0x7f, 0x7f, 0x80, 0x7c, 0x7d, 0x7f, 0x7c,
  0x7f, 0x7f, 0x82, 0x80, 0x82, 0x86, 0x84, 0x88, 0x89, 0x88, 0x88, 0x88,
  0x88, 0x88, 0x86, 0x85, 0x84, 0x84, 0x82, 0x83, 0x84, 0x81, 0x81, 0x7c,
  0x7d, 0x7c, 0x7b, 0x7a, 0x76, 0x76, 0x74, 0x76, 0x75, 0x79, 0x79, 0x7b,
  0x7c, 0x7e, 0x80, 0x7f, 0x83, 0x80, 0x81, 0x7e, 0x80, 0x7d, 0x7c, 0x7c,
  0x7d, 0x80, 0x80, 0x80, 0x7e, 0x7e, 0x7e, 0x7d, 0x7e, 0x7e, 0x7c, 0x7f,
  0x7e, 0x81, 0x82, 0x86, 0x86, 0x87, 0x8a, 0x8a, 0x8a, 0x88, 0x89, 0x81,
  0x83, 0x84, 0x82, 0x7f, 0x84, 0x84, 0x7f, 0x84, 0x81, 0x81, 0x7e, 0x80,
  0x7c, 0x7c, 0x7a, 0x7a, 0x7c, 0x79, 0x7b, 0x7a, 0x7c, 0x7c, 0x7d, 0x7d,
  0x7f, 0x7a, 0x7e, 0x7b, 0x7d, 0x7c, 0x79, 0x80, 0x7d, 0x7e, 0x80, 0x84,
  0x84, 0x87, 0x85, 0x81, 0x7e, 0x85, 0x7f, 0x76, 0x7e, 0x7c, 0x7a, 0x74,
  0x80, 0x7d, 0x7b, 0x82, 0x81, 0x83, 0x81, 0x86, 0x7d, 0x84, 0x85, 0x84,
  0x86, 0x88, 0x8c, 0x84, 0x8d, 0x87, 0x88, 0x85, 0x88, 0x82, 0x81, 0x82,
  0x79, 0x7d, 0x7a, 0x7c, 0x75, 0x7c, 0x78, 0x78, 0x7b, 0x7b, 0x7b, 0x7a,
  0x7c, 0x78, 0x7c, 0x7a, 0x7e, 0x7e, 0x81, 0x82, 0x84, 0x86, 0x85, 0x84,
  0x83, 0x82, 0x80, 0x7e, 0x7f, 0x7d, 0x79, 0x74, 0x7f, 0x7e, 0x6c, 0x7f,
  0x7d, 0x77, 0x72, 0x80, 0x7b, 0x72, 0x80, 0x7f, 0x84, 0x81, 0x8e, 0x87,
  0x94, 0x91, 0x8f, 0x95, 0x8f, 0x8d, 0x86, 0x91, 0x82, 0x81, 0x82, 0x7f,
  0x77, 0x76, 0x7d, 0x76, 0x78, 0x76, 0x77, 0x74, 0x76, 0x77, 0x7b, 0x7b,
  0x79, 0x7d, 0x80, 0x80, 0x81, 0x88, 0x85, 0x82, 0x81, 0x80, 0x80, 0x7f,
  0x7e, 0x7e, 0x7d, 0x7c, 0x7a, 0x7e, 0x7b, 0x73, 0x75, 0x84, 0x6a, 0x6e,
  0x82, 0x71, 0x6f, 0x79, 0x88, 0x71, 0x84, 0x8b, 0x8b, 0x8b, 0x91, 0x95,
  0x8c, 0x97, 0x89, 0x98, 0x90, 0x8a, 0x86, 0x8d, 0x85, 0x7b, 0x88, 0x7f,
  0x79, 0x75, 0x7e, 0x75, 0x74, 0x78, 0x78, 0x75, 0x73, 0x79, 0x7f, 0x7b,
  0x7c, 0x87, 0x82, 0x7c, 0x83, 0x84, 0x7a, 0x7d, 0x81, 0x7a, 0x7a, 0x7d,
  0x7b, 0x7e, 0x7e, 0x7c, 0x80, 0x7b, 0x74, 0x75, 0x87, 0x70, 0x6a, 0x85,
  0x72, 0x6c, 0x7a, 0x8b, 0x74, 0x80, 0x8d, 0x87, 0x8b, 0x8c, 0x97, 0x8e,
  0x95, 0x8a, 0x97, 0x90, 0x86, 0x8d, 0x8e, 0x88, 0x7c, 0x8d, 0x81, 0x7b,
  0x79, 0x80, 0x76, 0x70, 0x78, 0x75, 0x74, 0x71, 0x7c, 0x7b, 0x74, 0x7b,
  0x83, 0x7d, 0x7c, 0x83, 0x80, 0x7b, 0x7e, 0x83, 0x7f, 0x7e, 0x81, 0x7f,
  0x7f, 0x81, 0x82, 0x82, 0x7e, 0x76, 0x76, 0x89, 0x66, 0x70, 0x85, 0x6b,
  0x6c, 0x7b, 0x86, 0x6b, 0x87, 0x89, 0x86, 0x89, 0x8e, 0x95, 0x8c, 0x95,
  0x8b, 0x9b, 0x8a, 0x8b, 0x8e, 0x91, 0x84, 0x81, 0x8e, 0x79, 0x77, 0x78,
  0x7d, 0x71, 0x73, 0x77, 0x73, 0x70, 0x71, 0x7f, 0x78, 0x77, 0x80, 0x83,
  0x7c, 0x80, 0x8a, 0x81, 0x80, 0x86, 0x87, 0x7f, 0x82, 0x84, 0x7f, 0x7e,
  0x7f, 0x82, 0x7b, 0x78, 0x6f, 0x7c, 0x78, 0x5e, 0x7e, 0x7a, 0x6a, 0x71,
  0x88, 0x7a, 0x6f, 0x8f, 0x88, 0x88, 0x89, 0x9a, 0x8d, 0x8f, 0x91, 0x93,
  0x98, 0x87, 0x93, 0x8c, 0x87, 0x7a, 0x85, 0x7e, 0x72, 0x76, 0x77, 0x76,
  0x6c, 0x79, 0x74, 0x73, 0x74, 0x80, 0x80, 0x79, 0x85, 0x86, 0x7f, 0x82,
  0x8d, 0x85, 0x7f, 0x88, 0x85, 0x7d, 0x80, 0x82, 0x7b, 0x7b, 0x7f, 0x79,
  0x79, 0x77, 0x70, 0x71, 0x83, 0x69, 0x6f, 0x87, 0x6e, 0x70, 0x7e, 0x89,
  0x6e, 0x8a, 0x8e, 0x86, 0x89, 0x90, 0x97, 0x86, 0x97, 0x8d, 0x98, 0x87,
  0x8c, 0x8c, 0x82, 0x7f, 0x7d, 0x86, 0x73, 0x7c, 0x79, 0x7c, 0x71, 0x79,
  0x7b, 0x74, 0x77, 0x7c, 0x83, 0x77, 0x80, 0x87, 0x83, 0x7f, 0x8c, 0x88,
  0x7d, 0x84, 0x85, 0x7d, 0x7c, 0x81, 0x7b, 0x77, 0x7a, 0x7b, 0x7b, 0x79,
  0x78, 0x6f, 0x7f, 0x7b, 0x64, 0x82, 0x79, 0x6a, 0x74, 0x88, 0x77, 0x74,
  0x90, 0x84, 0x86, 0x89, 0x98, 0x8c, 0x90, 0x92, 0x91, 0x91, 0x83, 0x90,
  0x89, 0x86, 0x80, 0x8b, 0x80, 0x77, 0x7e, 0x7c, 0x76, 0x73, 0x80, 0x73,
  0x73, 0x78, 0x80, 0x79, 0x7d, 0x87, 0x7e, 0x7f, 0x84, 0x88, 0x7e, 0x81,
  0x84, 0x7f, 0x7e, 0x80, 0x7e, 0x7b, 0x7c, 0x7b, 0x7f, 0x7c, 0x79, 0x76,
  0x75, 0x7f, 0x68, 0x70, 0x7f, 0x6c, 0x70, 0x7d, 0x81, 0x6f, 0x87, 0x8a,
  0x86, 0x8a, 0x95, 0x96, 0x8a, 0x96, 0x8c, 0x97, 0x87, 0x8f, 0x8d, 0x86,
  0x83, 0x82, 0x89, 0x76, 0x7d, 0x7a, 0x7b, 0x71, 0x7a, 0x7a, 0x71, 0x75,
  0x7b, 0x7e, 0x77, 0x83, 0x81, 0x80, 0x7f, 0x87, 0x84, 0x81, 0x86, 0x83,
  0x80, 0x7e, 0x80, 0x7c, 0x7d, 0x7c, 0x7c, 0x7c, 0x79, 0x79, 0x71, 0x77,
  0x7d, 0x65, 0x78, 0x7b, 0x6d, 0x73, 0x81, 0x80, 0x74, 0x90, 0x88, 0x8b,
  0x8b, 0x98, 0x92, 0x8f, 0x97, 0x8c, 0x94, 0x85, 0x8f, 0x86, 0x85, 0x7d,
  0x83, 0x82, 0x74, 0x7d, 0x77, 0x77, 0x6f, 0x7b, 0x77, 0x75, 0x78, 0x7d,
  0x7c, 0x78, 0x86, 0x83, 0x82, 0x85, 0x8a, 0x81, 0x83, 0x85, 0x80, 0x7e,
  0x7d, 0x7e, 0x79, 0x79, 0x7c, 0x7c, 0x7c, 0x7c, 0x7c, 0x73, 0x77, 0x7e,
  0x6a, 0x79, 0x7c, 0x72, 0x74, 0x80, 0x81, 0x75, 0x8c, 0x87, 0x89, 0x89,
  0x93, 0x90, 0x8c, 0x91, 0x8b, 0x90, 0x84, 0x90, 0x8a, 0x8a, 0x82, 0x85,
  0x84, 0x76, 0x7f, 0x7a, 0x79, 0x72, 0x79, 0x72, 0x72, 0x75, 0x79, 0x7b,
  0x7a, 0x85, 0x81, 0x82, 0x83, 0x87, 0x82, 0x80, 0x82, 0x80, 0x7b, 0x7e,
  0x81, 0x7b, 0x7e, 0x81, 0x80, 0x7d, 0x7e, 0x7c, 0x70, 0x7a, 0x7e, 0x64,
  0x7b, 0x7d, 0x6d, 0x72, 0x80, 0x7c, 0x72, 0x8e, 0x84, 0x89, 0x88, 0x92,
  0x8d, 0x8d, 0x94, 0x8e, 0x97, 0x88, 0x94, 0x8c, 0x8c, 0x82, 0x88, 0x83,
  0x77, 0x7d, 0x76, 0x77, 0x6d, 0x79, 0x73, 0x74, 0x76, 0x7c, 0x7b, 0x7a,
  0x82, 0x7e, 0x81, 0x7f, 0x84, 0x82, 0x80, 0x82, 0x83, 0x80, 0x81, 0x85,
  0x81, 0x80, 0x83, 0x7e, 0x7b, 0x7b, 0x75, 0x6d, 0x7d, 0x75, 0x63, 0x80,
  0x73, 0x6a, 0x75, 0x85, 0x75, 0x79, 0x8f, 0x80, 0x89, 0x8a, 0x99, 0x8c,
  0x94, 0x94, 0x93, 0x96, 0x89, 0x96, 0x8b, 0x8a, 0x7e, 0x87, 0x7c, 0x75,
  0x7a, 0x78, 0x74, 0x70, 0x7c, 0x73, 0x76, 0x76, 0x7d, 0x78, 0x79, 0x80,
  0x7e, 0x7e, 0x7e, 0x86, 0x7f, 0x81, 0x86, 0x85, 0x80, 0x84, 0x84, 0x7b,
  0x7c, 0x7e, 0x7b, 0x79, 0x79, 0x73, 0x71, 0x83, 0x68, 0x70, 0x85, 0x6d,
  0x70, 0x7e, 0x86, 0x6c, 0x87, 0x8c, 0x82, 0x89, 0x93, 0x97, 0x89, 0x9c,
  0x8f, 0x98, 0x8c, 0x8e, 0x8e, 0x87, 0x82, 0x7e, 0x86, 0x73, 0x7c, 0x7a,
  0x79, 0x72, 0x79, 0x7a, 0x73, 0x76, 0x7a, 0x7c, 0x74, 0x7e, 0x80, 0x7f,
  0x7e, 0x86, 0x86, 0x80, 0x84, 0x87, 0x81, 0x7c, 0x81, 0x7d, 0x78, 0x7c,
  0x7d, 0x7c, 0x7a, 0x78, 0x71, 0x82, 0x75, 0x64, 0x85, 0x74, 0x6b, 0x75,
  0x88, 0x71, 0x77, 0x92, 0x82, 0x88, 0x8a, 0x9c, 0x8a, 0x95, 0x94, 0x95,
  0x91, 0x87, 0x93, 0x87, 0x88, 0x7c, 0x89, 0x7a, 0x75, 0x7b, 0x7b, 0x74,
  0x72, 0x7e, 0x72, 0x74, 0x77, 0x7f, 0x77, 0x7b, 0x84, 0x83, 0x80, 0x82,
  0x89, 0x81, 0x80, 0x83, 0x82, 0x7d, 0x7d, 0x81, 0x7d, 0x7e, 0x7d, 0x7e,
  0x7b, 0x76, 0x6f, 0x80, 0x77, 0x5d, 0x80, 0x77, 0x69, 0x72, 0x8a, 0x79,
  0x6f, 0x91, 0x85, 0x87, 0x89, 0x9d, 0x8e, 0x8e, 0x94, 0x91, 0x95, 0x88,
  0x92, 0x8a, 0x8a, 0x7d, 0x85, 0x82, 0x73, 0x76, 0x79, 0x77, 0x6b, 0x79,
  0x7b, 0x73, 0x73, 0x82, 0x7f, 0x76, 0x84, 0x88, 0x80, 0x80, 0x8a, 0x83,
  0x7f, 0x84, 0x85, 0x82, 0x7e, 0x7f, 0x80, 0x7f, 0x7c, 0x7f, 0x7d, 0x72,
  0x6c, 0x7e, 0x72, 0x60, 0x7e, 0x75, 0x69, 0x70, 0x85, 0x79, 0x74, 0x8d,
  0x88, 0x88, 0x88, 0x9a, 0x91, 0x91, 0x93, 0x92, 0x94, 0x8a, 0x8d, 0x87,
  0x8b, 0x7b, 0x7f, 0x83, 0x77, 0x74, 0x7b, 0x7d, 0x71, 0x75, 0x7c, 0x77,
  0x72, 0x7f, 0x7f, 0x78, 0x7e, 0x84, 0x7f, 0x85, 0x88, 0x87, 0x88, 0x86,
  0x84, 0x86, 0x83, 0x7c, 0x80, 0x7d, 0x78, 0x78, 0x7a, 0x6f, 0x70, 0x7f,
  0x6b, 0x6b, 0x7f, 0x74, 0x70, 0x78, 0x84, 0x74, 0x79, 0x89, 0x86, 0x8a,
  0x8b, 0x97, 0x8e, 0x94, 0x91, 0x92, 0x8f, 0x8b, 0x88, 0x82, 0x88, 0x7b,
  0x7e, 0x7d, 0x80, 0x74, 0x79, 0x7f, 0x77, 0x78, 0x7a, 0x7d, 0x76, 0x7c,
  0x7a, 0x7e, 0x7e, 0x80, 0x81, 0x82, 0x86, 0x84, 0x88, 0x85, 0x82, 0x81,
  0x80, 0x79, 0x7b, 0x7e, 0x79, 0x76, 0x79, 0x75, 0x71, 0x7f, 0x76, 0x73,
  0x7e, 0x7a, 0x78, 0x77, 0x80, 0x7b, 0x7c, 0x83, 0x81, 0x8a, 0x87, 0x8e,
  0x89, 0x8f, 0x8f, 0x88, 0x8a, 0x88, 0x8a, 0x82, 0x87, 0x83, 0x82, 0x80,
  0x82, 0x81, 0x7e, 0x82, 0x7c, 0x7d, 0x7a, 0x7e, 0x7c, 0x7b, 0x7c, 0x7b,
  0x7a, 0x79, 0x7d, 0x7c, 0x7d, 0x7b, 0x7f, 0x7e, 0x7d, 0x7d, 0x80, 0x7e,
  0x7c, 0x81, 0x7e, 0x80, 0x80, 0x82, 0x80, 0x7d, 0x7d, 0x81, 0x7d, 0x7b,
  0x7d, 0x79, 0x79, 0x79, 0x7b, 0x78, 0x7e, 0x7e, 0x80, 0x81, 0x81, 0x84,
  0x85, 0x87, 0x86, 0x88, 0x86, 0x88, 0x86, 0x88, 0x88, 0x87, 0x88, 0x88,
  0x85, 0x84, 0x88, 0x81, 0x83, 0x82, 0x81, 0x7d, 0x7d, 0x7e, 0x7b, 0x7b,
  0x78, 0x7b, 0x7a, 0x79, 0x7b, 0x7d, 0x79, 0x79, 0x7c, 0x7c, 0x7c, 0x7f,
  0x7e, 0x7e, 0x7d, 0x7d, 0x7f, 0x7e, 0x7f, 0x7c, 0x80, 0x7e, 0x7b, 0x7e,
  0x7c, 0x7c, 0x7c, 0x7d, 0x7e, 0x7e, 0x7f, 0x80, 0x80, 0x81, 0x85, 0x84,
  0x83, 0x87, 0x87, 0x86, 0x88, 0x89, 0x88, 0x87, 0x88, 0x87, 0x86, 0x84,
  0x86, 0x84, 0x84, 0x82, 0x81, 0x82, 0x7d, 0x7e, 0x7c, 0x7c, 0x7a, 0x7b,
  0x7b, 0x77, 0x79, 0x78, 0x78, 0x7a, 0x7c, 0x7a, 0x7d, 0x7c, 0x7c, 0x7e,
  0x7d, 0x7e, 0x7e, 0x81, 0x80, 0x81, 0x82, 0x80, 0x80, 0x7e, 0x80, 0x80,
  0x7e, 0x7c, 0x7c, 0x7b, 0x79, 0x79, 0x7e, 0x77, 0x7a, 0x81, 0x7d, 0x81,
  0x84, 0x88, 0x84, 0x8a, 0x8b, 0x89, 0x8a, 0x88, 0x8b, 0x86, 0x8b, 0x88,
  0x87, 0x85, 0x84, 0x85, 0x7e, 0x81, 0x7d, 0x7e, 0x79, 0x7b, 0x7b, 0x76,
  0x79, 0x79, 0x7b, 0x77, 0x7e, 0x7a, 0x7a, 0x7b, 0x7a, 0x7b, 0x7b, 0x7f,
  0x7c, 0x80, 0x80, 0x7f, 0x81, 0x83, 0x7e, 0x7f, 0x84, 0x7e, 0x7f, 0x80,
  0x7e, 0x78, 0x7d, 0x80, 0x72, 0x7c, 0x7e, 0x76, 0x7d, 0x7f, 0x80, 0x7a,
  0x87, 0x82, 0x84, 0x88, 0x86, 0x8a, 0x88, 0x8f, 0x87, 0x90, 0x87, 0x89,
  0x8a, 0x85, 0x85, 0x82, 0x86, 0x7c, 0x83, 0x7e, 0x7c, 0x7d, 0x7f, 0x7d,
  0x7c, 0x80, 0x79, 0x7a, 0x79, 0x79, 0x76, 0x78, 0x79, 0x78, 0x79, 0x7a,
  0x7d, 0x7c, 0x7d, 0x7e, 0x7e, 0x7f, 0x80, 0x80, 0x80, 0x81, 0x7e, 0x7e,
  0x80, 0x7c, 0x7f, 0x7f, 0x7e, 0x7b, 0x80, 0x83, 0x79, 0x83, 0x82, 0x7a,
  0x7e, 0x81, 0x81, 0x7c, 0x86, 0x84, 0x82, 0x85, 0x85, 0x88, 0x84, 0x8b,
  0x88, 0x8a, 0x86, 0x87, 0x88, 0x85, 0x86, 0x84, 0x87, 0x7f, 0x84, 0x82,
  0x7f, 0x7c, 0x7c, 0x7b, 0x77, 0x78, 0x77, 0x77, 0x74, 0x77, 0x76, 0x75,
  0x75, 0x7a, 0x79, 0x79, 0x7d, 0x7e, 0x7d, 0x7e, 0x84, 0x80, 0x82, 0x84,
  0x83, 0x81, 0x83, 0x85, 0x82, 0x85, 0x82, 0x83, 0x80, 0x7e, 0x7c, 0x7e,
  0x84, 0x76, 0x80, 0x7f, 0x76, 0x7a, 0x7f, 0x80, 0x73, 0x85, 0x81, 0x80,
  0x85, 0x88, 0x8a, 0x84, 0x8e, 0x88, 0x90, 0x88, 0x8d, 0x8c, 0x87, 0x87,
  0x82, 0x88, 0x7c, 0x80, 0x7e, 0x7d, 0x76, 0x78, 0x7a, 0x71, 0x74, 0x72,
  0x76, 0x6f, 0x74, 0x75, 0x76, 0x75, 0x7a, 0x7f, 0x79, 0x7f, 0x83, 0x84,
  0x82, 0x89, 0x86, 0x82, 0x87, 0x84, 0x84, 0x83, 0x83, 0x85, 0x81, 0x83,
  0x82, 0x81, 0x80, 0x7c, 0x78, 0x7f, 0x7b, 0x72, 0x83, 0x76, 0x74, 0x79,
  0x80, 0x79, 0x79, 0x89, 0x7e, 0x86, 0x87, 0x8f, 0x86, 0x8c, 0x8e, 0x8b,
  0x90, 0x87, 0x8f, 0x88, 0x87, 0x81, 0x87, 0x7f, 0x79, 0x7d, 0x78, 0x77,
  0x70, 0x78, 0x71, 0x71, 0x73, 0x77, 0x73, 0x74, 0x7a, 0x77, 0x77, 0x7e,
  0x81, 0x7c, 0x83, 0x82, 0x83, 0x86, 0x89, 0x88, 0x89, 0x89, 0x87, 0x87,
  0x85, 0x84, 0x7f, 0x82, 0x7e, 0x7f, 0x7e, 0x7d, 0x7a, 0x78, 0x75, 0x7b,
  0x79, 0x71, 0x80, 0x75, 0x77, 0x7c, 0x81, 0x7c, 0x7d, 0x8a, 0x83, 0x89,
  0x8a, 0x90, 0x87, 0x8c, 0x8f, 0x8a, 0x8a, 0x86, 0x89, 0x83, 0x85, 0x80,
  0x83, 0x7b, 0x7a, 0x7c, 0x79, 0x75, 0x74, 0x79, 0x73, 0x77, 0x76, 0x79,
  0x76, 0x7a, 0x7e, 0x7e, 0x7f, 0x80, 0x83, 0x83, 0x82, 0x81, 0x86, 0x83,
  0x83, 0x85, 0x84, 0x81, 0x83, 0x83, 0x7f, 0x7f, 0x7f, 0x7f, 0x7d, 0x80,
  0x7f, 0x7d, 0x7e, 0x7a, 0x78, 0x82, 0x74, 0x79, 0x81, 0x74, 0x7a, 0x7e,
  0x82, 0x74, 0x85, 0x85, 0x80, 0x87, 0x89, 0x8c, 0x84, 0x90, 0x87, 0x8a,
  0x86, 0x89, 0x87, 0x83, 0x86, 0x80, 0x83, 0x7b, 0x80, 0x7d, 0x7c, 0x77,
  0x7a, 0x7b, 0x79, 0x78, 0x7a, 0x7d, 0x76, 0x7d, 0x7c, 0x7b, 0x79, 0x7f,
  0x80, 0x7e, 0x7e, 0x80, 0x81, 0x7f, 0x84, 0x84, 0x82, 0x83, 0x83, 0x81,
  0x81, 0x81, 0x80, 0x7f, 0x81, 0x7d, 0x7f, 0x81, 0x7d, 0x7a, 0x80, 0x7f,
  0x72, 0x83, 0x7c, 0x74, 0x7b, 0x7e, 0x78, 0x76, 0x87, 0x7b, 0x83, 0x87,
  0x88, 0x87, 0x8a, 0x8e, 0x8a, 0x90, 0x85, 0x8c, 0x88, 0x86, 0x84, 0x87,
  0x84, 0x7c, 0x84, 0x7f, 0x7b, 0x79, 0x80, 0x78, 0x76, 0x77, 0x75, 0x74,
  0x73, 0x78, 0x75, 0x79, 0x77, 0x7d, 0x7f, 0x7c, 0x82, 0x81, 0x7e, 0x81,
  0x86, 0x82, 0x83, 0x86, 0x84, 0x82, 0x86, 0x85, 0x83, 0x87, 0x84, 0x81,
  0x80, 0x7d, 0x77, 0x79, 0x7d, 0x70, 0x79, 0x79, 0x6e, 0x79, 0x7c, 0x7c,
  0x78, 0x87, 0x81, 0x83, 0x8a, 0x8a, 0x8d, 0x89, 0x8f, 0x8d, 0x92, 0x8a,
  0x8e, 0x8f, 0x87, 0x87, 0x86, 0x84, 0x7b, 0x7f, 0x7a, 0x75, 0x74, 0x76,
  0x74, 0x73, 0x75, 0x74, 0x75, 0x73, 0x7a, 0x79, 0x79, 0x7e, 0x81, 0x80,
  0x80, 0x83, 0x83, 0x84, 0x85, 0x87, 0x85, 0x84, 0x86, 0x83, 0x81, 0x81,
  0x80, 0x7f, 0x80, 0x7f, 0x7d, 0x7c, 0x7a, 0x77, 0x7b, 0x7e, 0x71, 0x7e,
  0x7a, 0x72, 0x7d, 0x7f, 0x7e, 0x7a, 0x8a, 0x81, 0x86, 0x8b, 0x8b, 0x8c,
  0x8b, 0x91, 0x8a, 0x8f, 0x84, 0x8b, 0x85, 0x84, 0x85, 0x81, 0x81, 0x7a,
  0x81, 0x79, 0x7b, 0x76, 0x78, 0x77, 0x77, 0x79, 0x78, 0x78, 0x76, 0x7b,
  0x79, 0x7c, 0x7c, 0x80, 0x7e, 0x7e, 0x82, 0x82, 0x81, 0x83, 0x86, 0x80,
  0x84, 0x84, 0x83, 0x82, 0x82, 0x82, 0x7f, 0x81, 0x7e, 0x7f, 0x7d, 0x7b,
  0x79, 0x81, 0x7b, 0x75, 0x82, 0x74, 0x78, 0x7f, 0x81, 0x79, 0x7e, 0x86,
  0x7b, 0x87, 0x87, 0x89, 0x86, 0x8d, 0x8d, 0x8d, 0x8d, 0x89, 0x8c, 0x85,
  0x87, 0x85, 0x85, 0x7d, 0x7e, 0x80, 0x79, 0x79, 0x79, 0x79, 0x75, 0x77,
  0x78, 0x75, 0x75, 0x77, 0x7a, 0x78, 0x7c, 0x7e, 0x7e, 0x7f, 0x7f, 0x84,
  0x84, 0x85, 0x84, 0x84, 0x82, 0x84, 0x83, 0x84, 0x84, 0x81, 0x83, 0x80,
  0x80, 0x7f, 0x80, 0x7c, 0x78, 0x79, 0x7d, 0x73, 0x79, 0x7b, 0x73, 0x7b,
  0x7f, 0x7e, 0x7a, 0x86, 0x82, 0x83, 0x8a, 0x88, 0x88, 0x8a, 0x8d, 0x8b,
  0x8d, 0x88, 0x89, 0x89, 0x87, 0x85, 0x84, 0x80, 0x7b, 0x7e, 0x7b, 0x79,
  0x79, 0x79, 0x77, 0x77, 0x78, 0x77, 0x77, 0x7a, 0x79, 0x7a, 0x7b, 0x7b,
  0x7d, 0x7c, 0x7f, 0x81, 0x80, 0x81, 0x85, 0x84, 0x82, 0x86, 0x85, 0x82,
  0x84, 0x85, 0x83, 0x83, 0x85, 0x82, 0x80, 0x7f, 0x7e, 0x79, 0x7c, 0x7c,
  0x70, 0x7e, 0x74, 0x73, 0x7f, 0x7d, 0x7a, 0x7e, 0x88, 0x7c, 0x89, 0x8d,
  0x88, 0x88, 0x8d, 0x8c, 0x88, 0x8d, 0x88, 0x89, 0x86, 0x88, 0x85, 0x83,
  0x7e, 0x7c, 0x7d, 0x77, 0x77, 0x78, 0x76, 0x72, 0x76, 0x76, 0x74, 0x75,
  0x78, 0x7a, 0x7a, 0x7d, 0x7f, 0x7f, 0x7f, 0x82, 0x84, 0x83, 0x84, 0x85,
  0x86, 0x85, 0x85, 0x85, 0x83, 0x81, 0x81, 0x7f, 0x7f, 0x7f, 0x7e, 0x7e,
  0x7e, 0x7c, 0x79, 0x7c, 0x80, 0x77, 0x7f, 0x7d, 0x75, 0x80, 0x7f, 0x7c,
  0x7d, 0x85, 0x81, 0x83, 0x8c, 0x8a, 0x8a, 0x8c, 0x8e, 0x8a, 0x8c, 0x86,
  0x86, 0x84, 0x81, 0x80, 0x80, 0x7c, 0x79, 0x7c, 0x78, 0x77, 0x77, 0x7a,
  0x76, 0x7a, 0x7a, 0x79, 0x79, 0x78, 0x79, 0x7c, 0x7d, 0x7c, 0x82, 0x7f,
  0x81, 0x82, 0x82, 0x81, 0x82, 0x83, 0x82, 0x83, 0x83, 0x81, 0x82, 0x84,
  0x81, 0x83, 0x82, 0x81, 0x82, 0x82, 0x7e, 0x7f, 0x77, 0x7d, 0x79, 0x76,
  0x7e, 0x74, 0x78, 0x7e, 0x7f, 0x7c, 0x81, 0x82, 0x81, 0x87, 0x8b, 0x8b,
  0x8a, 0x8f, 0x8b, 0x8b, 0x8a, 0x89, 0x85, 0x84, 0x85, 0x81, 0x7e, 0x7a,
  0x7a, 0x78, 0x77, 0x78, 0x78, 0x77, 0x78, 0x7c, 0x7a, 0x78, 0x7a, 0x7a,
  0x7b, 0x7d, 0x7e, 0x7e, 0x7e, 0x80, 0x81, 0x82, 0x83, 0x81, 0x83, 0x84,
  0x85, 0x84, 0x82, 0x84, 0x82, 0x83, 0x82, 0x80, 0x80, 0x7f, 0x82, 0x80,
  0x7e, 0x78, 0x7c, 0x7b, 0x72, 0x7b, 0x77, 0x71, 0x79, 0x80, 0x7a, 0x7e,
  0x84, 0x84, 0x86, 0x8c, 0x90, 0x89, 0x8c, 0x8e, 0x8a, 0x87, 0x89, 0x85,
  0x82, 0x84, 0x83, 0x80, 0x7d, 0x7e, 0x7c, 0x7b, 0x7b, 0x7a, 0x78, 0x78,
  0x77, 0x78, 0x77, 0x76, 0x77, 0x7a, 0x7b, 0x7b, 0x7d, 0x7c, 0x7e, 0x80,
  0x82, 0x82, 0x82, 0x83, 0x83, 0x84, 0x83, 0x82, 0x85, 0x84, 0x83, 0x85,
  0x81, 0x81, 0x80, 0x80, 0x7f, 0x7c, 0x75, 0x76, 0x79, 0x72, 0x75, 0x77,
  0x76, 0x75, 0x7d, 0x7f, 0x7d, 0x81, 0x85, 0x89, 0x8a, 0x90, 0x8f, 0x8d,
  0x90, 0x90, 0x8e, 0x8b, 0x8a, 0x87, 0x86, 0x84, 0x80, 0x7e, 0x7b, 0x78,
  0x7a, 0x7a, 0x77, 0x77, 0x77, 0x74, 0x74, 0x77, 0x76, 0x75, 0x77, 0x78,
  0x79, 0x7b, 0x7f, 0x80, 0x82, 0x82, 0x84, 0x87, 0x86, 0x86, 0x86, 0x86,
  0x84, 0x83, 0x83, 0x80, 0x81, 0x7f, 0x80, 0x7f, 0x7e, 0x7e, 0x7c, 0x7a,
  0x75, 0x78, 0x76, 0x73, 0x76, 0x78, 0x77, 0x7a, 0x7f, 0x7f, 0x82, 0x85,
  0x8b, 0x8b, 0x8d, 0x90, 0x8e, 0x8e, 0x8e, 0x8e, 0x8c, 0x8c, 0x88, 0x87,
  0x85, 0x83, 0x80, 0x7e, 0x7d, 0x79, 0x7a, 0x78, 0x76, 0x75, 0x76, 0x73,
  0x75, 0x77, 0x76, 0x77, 0x79, 0x7b, 0x7a, 0x7e, 0x7e, 0x7d, 0x7f, 0x80,
  0x80, 0x83, 0x84, 0x83, 0x83, 0x84, 0x82, 0x84, 0x84, 0x81, 0x81, 0x81,
  0x81, 0x7f, 0x81, 0x7f, 0x7e, 0x7a, 0x7b, 0x7a, 0x77, 0x78, 0x78, 0x7b,
  0x7a, 0x7c
};

